S.No,Store Name,Address,Pincode,Google Pincode,Pincode Match,City,State,Phone,Store Page URL,Place ID,Lat,Long,Google Name,Google Address,Google Lat,Google Long,Business Status,Lookup
1,"Pizza Hut - Arundelpet, Guntur","Sali Pet, Arundelpet, Guntur, Andhra Pradesh, India",522002,522002,Yes,Guntur,Andhra Pradesh,086556 89176,https://restaurants.pizzahut.co.in/pizza-hut-arundalapet-pizzerias-arundelpet-guntur-267589/Home,ChIJSXnduWd1SjoRcbChOtr-238,16.304721,80.444475,"Pizza Hut | Arundelpet, Guntur","Sali Pet, Arundelpet, Guntur, Andhra Pradesh 522002, India",16.304721,80.444475,OPERATIONAL,place_id
2,"Pizza Hut - Phoenix Mall, Guntur","Ground Floor, Phonix Mall, Srinivasarao Pet, Beside Cine Prime, Guntur, Andhra Pradesh, India",522003,522004,No,Guntur,Andhra Pradesh,098993 06036,https://restaurants.pizzahut.co.in/pizza-hut-ph-phonix-mall-guntur-pizzerias-srinivasarao-pet-guntur-294182/Home,ChIJGfdGIoZ1SjoRVlN4zeI_JG8,16.2917209,80.436801,"Pizza Hut | Phoenix Mall, Guntur","Ground Floor, Phonix Mall, beside Cine Prime, Srinivasarao Pet, Guntur, Andhra Pradesh 522004, India",16.2917209,80.436801,OPERATIONAL,place_id
3,"Pizza Hut - SRMT Mall, Kakinada","No 4/21, 82 East, SRMT Mall & Multiplex, Pithapuram Kakinada Road, Ramanayyapeta, Near Lalitha Nagar, Kakinada, Andhra Pradesh, India",533005,533005,Yes,Kakinada,Andhra Pradesh,098991 90331,https://restaurants.pizzahut.co.in/pizza-hut-ramanayyapeta-pizza-delivery-ramanayyapeta-kakinada-81399/Home,ChIJ0VJr9h8pODoRxb2u63KBsYQ,16.9979867,82.2435489,"Pizza Hut | SRMT Mall, Kakinada","82° EAST SRMT Mall & Multiplex, Pithapuram - Kakinada Rd, Ramanayapeta, Ramanayyapeta, Andhra Pradesh 533005, India",16.9979867,82.2435489,OPERATIONAL,place_id
4,"Pizza Hut - Eluru Road, Vijaywada","Machavaram, Eluru Rd, Chuttugunta, Opposite BSNL Bhavan, Krishna, Andhra Pradesh, India",520004,520004,Yes,Krishna,Andhra Pradesh,089290 34930,https://restaurants.pizzahut.co.in/pizza-hut-ph-eluru-road-vijayawada-pizzerias-chuttugunta-krishna-197660/Home,ChIJF2GqMIXlNToRkv1F11Dm53g,16.5172804,80.6438398,"Pizza Hut | Eluru Road, Vijaywada","GJ8V+WHQ, Eluru Rd, opposite BSNL Bhavan, Chuttugunta, Sitharamapuram, Machavaram, Vijayawada, Andhra Pradesh 520004, India",16.5172804,80.6438398,OPERATIONAL,place_id
5,"Pizza Hut - TGV City Square Mall, Kurnool","D No 40/37M, Sy 177 & 192, 4A, TGV Mall, River View Colony, Bhagya Nagar, Kurnool, Andhra Pradesh, India",518004,518004,Yes,Kurnool,Andhra Pradesh,089296 47617,https://restaurants.pizzahut.co.in/pizza-hut-ph-tgv-city-square-mall-kurnool-pizza-restaurant-bhagya-nagar-kurnool-110474/Home,ChIJ1RRPPMPntTsR1W9gTz0PDbo,15.826952,78.035242,"Pizza Hut | TGV City Square Mall, Kurnool","D No 40/37M, Sy 177 & 192, 4A, TGV Mall, Bhagya Nagar, River View Colony, Kurnool, Andhra Pradesh 518004, India",15.826952,78.035242,OPERATIONAL,place_id
6,"Pizza Hut - MGB Felicity Mall, Nellore","No 15 & 23, Gr Flr, MGB Felicity Mall, No FO/4 & FO/5, WN 24, GT Rd, Ambedkar Ngr, Dargamitta, Nellore, Andhra Pradesh, India",524003,524003,Yes,Nellore,Andhra Pradesh,095820 34054,https://restaurants.pizzahut.co.in/pizza-hut-ambedkar-ngr-pizza-restaurant-ambedkar-ngr-nellore-105240/Home,ChIJHZ-cLwzzTDoR9WRPRslkJEQ,14.4322992,79.9670702,"Pizza Hut | MGB Felicity Mall, Nellore","No 15 & 23, Gr Flr, MGB Felicity Mall No FO/4 & FO/5, WN 24, GT Rd, Ambedkar Ngr, Dargamitta, Nellore, Andhra Pradesh 524003, India",14.4322992,79.9670702,OPERATIONAL,place_id
7,"Pizza Hut - Minibypass, Nellore","Jitendra Towers, Minibypass, Ramamurthy Nagar, Nellore, Andhra Pradesh, India",524001,524002,No,Nellore,Andhra Pradesh,098734 08784,https://restaurants.pizzahut.co.in/pizza-hut-ph-mini-bypass-nellore-pizzerias-ramamurthy-nagar-nellore-252695/Home,ChIJhTTFhviNTDoRavVIxQhrzrI,14.4489232,79.9883407,"Pizza Hut | Minibypass, Nellore","Jitendra Towers, Mini Bypass Road, Srinivasa Agraharam, Ramamurthy Nagar, Nellore, Andhra Pradesh 524002, India",14.4489232,79.9883407,OPERATIONAL,place_id
8,"Pizza Hut - Ravi Priya Mall, Ongole","119/1A, SN FC1, Ravi Priya Mall, Gr Flr, Guntur Road, Prakasam, Prakasam, Andhra Pradesh, India",523262,523001,No,Prakasam,Andhra Pradesh,098992 40597,https://restaurants.pizzahut.co.in/pizza-hut-prakasam-pizza-delivery-prakasam-prakasam-36111/Home,ChIJ_bNG3DIBSzoRuu6gARC1vzA,15.5198422,80.0472141,"Pizza Hut | Ravi Priya Mall, Ongole","119/1A, SN FC1, Ravi Priya Mall, Gr Flr, Guntur Rd, Gopal Nagar, Ongole, Andhra Pradesh 523001, India",15.5198422,80.04721409999999,OPERATIONAL,place_id
9,"Pizza Hut - SS Mall, Proddatur","Ground Floor, SSS Mall, No 7/834, Korrapadu Road, YMR Colony, Proddatur, Andhra Pradesh, India",516360,516360,Yes,Proddatur,Andhra Pradesh,089296 47573,https://restaurants.pizzahut.co.in/pizza-hut-ph-ss-mall-prodattur-pizza-restaurant-korrapadu-road-proddatur-110315/Home,ChIJOU4gc0l5tDsR60qHaYvMEho,14.755683,78.5566205,"Pizza Hut | SS Mall, Proddatur","Ground Floor, SSS Mall, No 7/834, Korrapadu Rd, YMR Colony, Proddatur, Andhra Pradesh 516360, India",14.755683,78.5566205,OPERATIONAL,place_id
10,"Pizza Hut - Gandhi Puram, Rajahmundry","House No 78/9/11/2, Gandhi Puram 3, Behind Priyanka Gardens, Rajahmundry, Andhra Pradesh, India",533103,533103,Yes,Rajahmundry,Andhra Pradesh,086556 89175,https://restaurants.pizzahut.co.in/pizza-hut-gandhi-puram-3-pizza-restaurant-gandhi-puram-3-rajahmundry-105236/Home,ChIJn0WVIh2jNzoRY4o8qUrbYkU,17.005112,81.787878,"Pizza Hut | Gandhi Puram, Rajahmundry","House No 78, 9/11/2, behind Priyanka Gardens, Gandhi Puram 3, Gorakshanapeta, Rajamahendravaram, Andhra Pradesh 533103, India",17.005112,81.78787799999999,OPERATIONAL,place_id
11,"Pizza Hut - BypassRoad, Tirumala","D No 20/3/35B, Siva Jyoti Nagar, Tirupati, Andhra Pradesh, India",517501,517507,No,Tirupati,Andhra Pradesh,086556 16150,https://restaurants.pizzahut.co.in/pizza-hut-pizza-hut-tirupathi-pizza-restaurant-siva-jyoti-nagar-tirupati-171693/Home,ChIJfQl3DtdLTToRsPPMbksQJSM,13.645894,79.4274201,"Pizza Hut | BypassRoad, Tirumala","D No, 20/3/35B, Srinivasa Nagar, Shiv Jyoti Nagar, Tirupati, Andhra Pradesh 517507, India",13.645894,79.42742009999999,OPERATIONAL,place_id
12,"Pizza Hut - STV Nagar, Tirupati","19/4/121/C, Ground Floor & 1st Floor, AIR Bypass Road, STV Nagar, Tirupati, Andhra Pradesh, India",517501,517501,Yes,Tirupati,Andhra Pradesh,089296 47608,https://restaurants.pizzahut.co.in/pizza-hut-ph-stv-nagar-tirupati-pizza-restaurant-stv-nagar-tirupati-110475/Home,ChIJkx7FfWJLTToRQu53Ivbq4OY,13.6225598,79.4242259,"Pizza Hut | STV Nagar, Tirupati","19/4/121/C, Ground Floor & 1st Floor, Air Bypass Rd, STV Nagar, Tirupati, Andhra Pradesh 517501, India",13.6225598,79.42422590000001,OPERATIONAL,place_id
13,"Pizza Hut - Bhavanipuram, Vijaywada","RS No 35/1, Ground Floor, Crombway Road, Near Indian Overseas Bank, Vijayawada, Andhra Pradesh, India",520012,520012,Yes,Vijayawada,Andhra Pradesh,086556 16125,https://restaurants.pizzahut.co.in/pizza-hut-bhavnipuram-pizzerias-crombway-road-vijayawada-197799/Home,ChIJOXNE-BXvNToRN7x3cD9v8aA,16.533637,80.597793,"Pizza Hut | Bhavanipuram, Vijaywada","RS No 35/1, Ground Floor, Crombway Rd, near Indian Overseas Bank, Milk Colony, Chittinagar, Bharathi Teertha Nagar, V D Puram, Vijayawada, Andhra Pradesh 520012, India",16.533637,80.597793,OPERATIONAL,place_id
14,"Pizza Hut - Guru Nanak Colony, Vijaywada","No 24, Gr Flr, Surya Prakash Square, Guru Nanak Colony, Guru Nanak Colony Road, Vijayawada, Andhra Pradesh, India",520002,520008,No,Vijayawada,Andhra Pradesh,089296 45605,https://restaurants.pizzahut.co.in/pizza-hut-ph-guru-nanak-colony-vijayawada-pizza-restaurant-guru-nanak-colony-road-vijayawada-109540/Home,ChIJV7Aw6Gj7NToR6LdIIBRD6f0,16.5048776,80.6620667,"Pizza Hut | Guru Nanak Colony, Vijaywada","No 24, Gr Flr, Surya Prakash Square, Guru Nanak Colony Road, Guru Nanak Colony, Vijayawada, Andhra Pradesh 520008, India",16.5048776,80.6620667,OPERATIONAL,place_id
15,"Pizza Hut - Kanuru, Vijayawada","Main Road, Machilipatnam Road, Kanuru, Vijayawada, Andhra Pradesh, India",520007,520007,Yes,Vijayawada,Andhra Pradesh,085060 99863,https://restaurants.pizzahut.co.in/pizza-hut-ph-kanuru-vijayawada-pizzerias-kanuru-vijayawada-200835/Home,ChIJlQ_bF2j7NToRDgDqAVg1jxU,16.4825133,80.6891454,"Pizza Hut | Kanuru, Vijayawada","Main Road, Vijayawada - Machilipatnam Rd, Kanuru, Andhra Pradesh 520007, India",16.4825133,80.6891454,OPERATIONAL,place_id
16,"Pizza Hut - MG Road, Vijaywada","Lower Ground Floor, MG Road, Acharya Ranga Nagar, Benz Circle, Vijayawada, Andhra Pradesh, India",520010,520010,Yes,Vijayawada,Andhra Pradesh,098995 67387,https://restaurants.pizzahut.co.in/pizza-hut-ph-mg-road-vijayawada-pizza-restaurant-acharya-ranga-nagar-vijayawada-136666/Home,ChIJeUYA_Mr7NToRVvov7BC-oj8,16.4990277,80.651811,"Pizza Hut | MG Road, Vijaywada","Lower Ground Floor, MG Rd, Opposite HDFC Bank, Acharya Ranga Nagar, Benz Circle, Vijayawada, Andhra Pradesh 520010, India",16.4990277,80.651811,OPERATIONAL,place_id
17,"Pizza Hut - PVP Mall, Vijayawada","39 & 1, SN 3F & 1 & 3, PVP Square Mall, Level 3, MG Road, Labbipet, Vijayawada, Andhra Pradesh, India",520010,520010,Yes,Vijayawada,Andhra Pradesh,086556 89177,https://restaurants.pizzahut.co.in/pizza-hut-labbipet-pizza-restaurant-labbipet-vijayawada-22445/Home,ChIJ0ZqH66_6NToRQPIp3npxdP4,16.5025591,80.6426114,"Pizza Hut | PVP Mall, Vijayawada","39 & 1, SN 3F & 1 & 3, PVP Square Mall Level, 3, MG Rd, Mogalrajapuram, Labbipet, Vijayawada, Andhra Pradesh 520010, India",16.5025591,80.64261139999999,OPERATIONAL,place_id
18,"Pizza Hut - CMR Cental, Vizag","4th Floor, CMR Central, Resapuvanipalem, Maddilapalam, Visakhapatnam, Andhra Pradesh, India",530013,530013,Yes,Visakhapatnam,Andhra Pradesh,,https://restaurants.pizzahut.co.in/pizza-hut-maddilapalam-pizza-restaurant-maddilapalam-visakhapatnam-1174/Home,ChIJj_goTrWQyzsR14Y0yR-YDBM,17.7336362,83.3180523,"Pizza Hut | CMR Cental, Vizag","4th Floor, CMR CENTRAL, Resapuvanipalem, Maddilapalem, Visakhapatnam, Andhra Pradesh 530013, India",17.7336362,83.31805229999999,OPERATIONAL,place_id
19,"Pizza Hut - CMR Mall, Vizag","CMR Mall, Exhibition Ground, GNT Road, Gajuwaka, Beside Mangalagiri Complex, Visakhapatnam, Andhra Pradesh, India",530013,530026,No,Visakhapatnam,Andhra Pradesh,070650 11991,https://restaurants.pizzahut.co.in/pizza-hut-ph-cmr-mall-gajuwaka-vizag-pizza-restaurant-gajuwaka-visakhapatnam-125849/Home,ChIJjayT40hpOToRnc_h2bRnFsc,17.6831582,83.200928,"Pizza Hut | CMR Mall, Vizag","CMR Mall, Exhibition Ground, GNT Rd, beside Mangalagiri Complex, Chaitanya Nagar, Gajuwaka, Andhra Pradesh 530026, India",17.6831582,83.20092799999999,OPERATIONAL,place_id
20,"Pizza Hut - Duvvada, Visakhapatnam","30/77/17, Kanitha Gandhi Statue, R H Col, Vuda Col, Duvada Station Rd, Kurmannapalem, Visakhapatnam, Andhra Pradesh, India",530046,530046,Yes,Visakhapatnam,Andhra Pradesh,085060 08594,https://restaurants.pizzahut.co.in/pizza-hut-ph-duvvada-visakhapatnam-pizzerias-kurmannapalem-visakhapatnam-235132/Home,ChIJlyly3klvOToRpvkYB4cKKM0,17.6968484,83.1628343,"Pizza Hut | Duvvada, Visakhapatnam","30/77/17, Kanitha Gandhi Statue, R H Col Vuda Col, Station Rd, Duvvada, Kurmannapalem, Gajuwaka, Andhra Pradesh 530046, India",17.6968484,83.1628343,OPERATIONAL,place_id
21,"Pizza Hut - Gopalapatnam, Vizag","D No 9/45/1, Simhachalam Rd, Gopalapatnam, Simhachalam, Near HP Petrol Station, Visakhapatnam, Andhra Pradesh, India",530027,530027,Yes,Visakhapatnam,Andhra Pradesh,084473 17337,https://restaurants.pizzahut.co.in/pizza-hut-ph-gopalapatnam-visakhapatnam-pizza-restaurant-simhachalam-visakhapatnam-129244/Home,ChIJKdwWrKpnOToRrvpqTMJfQ8k,17.7526026,83.2184755,"Pizza Hut | Gopalapatnam, Vizag","D, No 9/45, 1, Simhachalam Rd, near HP Petrol Station, Gopalapatnam, Simhachalam, Pullambotlapalem, Andhra Pradesh 530027, India",17.7526026,83.21847550000001,OPERATIONAL,place_id
22,"Pizza Hut - MVP Colony, Vizag","Door No 1/83/13, Plot No HIG 2/3, Peda Waltair, MVP Colony, Sector 3, Visakhapatnam, Andhra Pradesh, India",530017,530017,Yes,Visakhapatnam,Andhra Pradesh,0891 482 4515,https://restaurants.pizzahut.co.in/pizza-hut-ph-mvp-colony-pizza-restaurant-mvp-colony-sector-3-visakhapatnam-129212/Home,ChIJixRXha9DOToR78d9F7u0Vgs,17.742297,83.331074,"Pizza Hut | MVP Colony, Vizag","Door No 1/83/13, Plot No HIG 2/3 Peda Waltair, MVP Sector 3, Sector 4, Sector 3, MVP Colony, Visakhapatnam, Andhra Pradesh 530017, India",17.7422797,83.33107179999999,OPERATIONAL,place_id
23,Pizza Hut - Madhurwada Vizag,"No 3 & 4, Gr Flr, SVS Singana Plaza, Car Shed Junction, PM Palem, Visakhapatnam, Andhra Pradesh, India",530041,530041,Yes,Visakhapatnam,Andhra Pradesh,086556 16129,https://restaurants.pizzahut.co.in/pizza-hut-ph-madhurwada-pizza-restaurant-pm-palem-visakhapatnam-121525/Home,ChIJ4w86P0VbOToRM-_jhfj9dRs,17.802468,83.353499,Pizza Hut | Madhurwada Vizag,"No 3 & 4, Gr Flr, SVS Singana Plaza Car Shed, Junction, PM Palem Main Rd, Pothinamallayya Palem, Potinamallayyapalem, Andhra Pradesh 530041, India",17.802468,83.353499,OPERATIONAL,place_id
24,"Pizza Hut - Vizag, Vishakapatnam","Door No 471023/3, Isnar, 2nd Lane, Dwaraka Nagar, Visakhapatnam, Andhra Pradesh, India",530016,530016,Yes,Visakhapatnam,Andhra Pradesh,086556 89151,https://restaurants.pizzahut.co.in/pizza-hut-dwarka-nagar-pizza-restaurant-dwarka-nagar-visakhapatnam-1146/Home,ChIJ56HYoTxDOToRfDTJoSCRDPM,17.7264211,83.3052778,"Pizza Hut | Vizag, Vishakapatnam","Door No 471023/3, Isnar, 2nd Ln, Sagar Nagar, Dwaraka Nagar, Visakhapatnam, Andhra Pradesh 530016, India",17.7264211,83.3052778,OPERATIONAL,place_id
25,"Pizza Hut - Natraj Colony, Vizianagaram","No 102 & 103, Teja Plaza, 100ft Ring Road, Dharmapuri, Vizianagaram, Andhra Pradesh, India",535002,535002,Yes,Vizianagaram,Andhra Pradesh,086556 16733,https://restaurants.pizzahut.co.in/pizza-hut-ph-vizianagaram-pizza-restaurant-dharmapuri-vizianagaram-123957/Home,ChIJU8TNpjLlOzoR5-BYdoFrQxw,18.102642,83.415964,"Pizza Hut | Natraj Colony, Vizianagaram","No 102 & 103, Teja Plaza, 100 Ft Ring Rd, MSN Colony, Dharmapuri, Andhra Pradesh 535002, India",18.102642,83.41596400000002,OPERATIONAL,place_id
26,"Pizza Hut - Zero Point, Itanagar","Zero Point Tinali, NH 52A, Cona County, Itanagar, Arunachal Pradesh, India",791113,791113,Yes,Itanagar,Arunachal Pradesh,089296 06755,https://restaurants.pizzahut.co.in/pizza-hut-ph-zero-points-tinali-itanagar-pizza-restaurant-cona-county-itanagar-172142/Home,ChIJfUdIH5wHRDcRO57DFH1hLVo,27.1013587,93.6287529,"Pizza Hut | Zero Point, Itanagar","ZERO POINT TINALI, NH-52A, Itanagar, 791113",27.1013587,93.6287529,OPERATIONAL,place_id
27,"Pizza Hut - Junction Mall, Dibrugarh","Shop No G2 & 5, Junction Mall, RKB Path, Dibrugarh, Assam, India",786001,786001,Yes,Dibrugarh,Assam,089290 37726,https://restaurants.pizzahut.co.in/pizza-hut-ph-junction-mall-dibrugarh-pizza-restaurant-rkb-path-dibrugarh-129399/Home,ChIJgYX_R16jQDcRjtirz-lxd2k,27.4796338,94.9051202,"Pizza Hut | Junction Mall, Dibrugarh","Shop No G2 & 5, Junction Mall, RKB Path, opposite SOHUM, Dibrugarh, Assam 786001, India",27.4796338,94.9051202,OPERATIONAL,place_id
28,"Pizza Hut - City Centre Mall, Kamrup","3rd Floor, City Center Mall, SN 5 to 7, GS Road, near International Hospital, Christian Basti, Ganeshguri, Assam, India",781005,781005,Yes,Ganeshguri,Assam,070650 11559,https://restaurants.pizzahut.co.in/pizza-hut-ganeshguri-pizza-restaurant-ganeshguri-kamrup-67061/Home,ChIJ0asTIulZWjcRUDEGHKlTlVo,26.1549781,91.7819557,"Pizza Hut | City Centre Mall, Kamrup","3rd floor, City Center Mall, SN 5 to 7, GS Rd, near International Hospital, Christian Basti, Ganeshguri, Guwahati, Assam 781005, India",26.1549781,91.7819557,OPERATIONAL,place_id
29,"Pizza Hut - Beltola Hatigaon, Guwahati","Dag No 401 & 1443, Hatigaon, Near Hotel Barak Residency, Guwahati, Assam, India",781005,781006,No,Guwahati,Assam,098991 89206,https://restaurants.pizzahut.co.in/pizza-hut-hatigaon-pizza-restaurant-hatigaon-guwahati-31904/Home,ChIJMQphmKBZWjcRQi27L6PMAx0,26.1417666,91.7865041,"Pizza Hut | Beltola Hatigaon, Guwahati","Dag No 401 & 1443, near Hotel Barak Residency, Mula Gabharu Path, Hatigaon, Guwahati, Assam 781006, India",26.1417666,91.7865041,OPERATIONAL,place_id
30,"Pizza Hut - GS Road, Guwahati","1st Flr, Dona Planet, SN 1&2, GS Road, Guwahati, Assam, India",781005,781005,Yes,Guwahati,Assam,1800 202 2022,https://restaurants.pizzahut.co.in/pizza-hut-gs-road-pizza-restaurant-gs-road-guwahati-12539/Home,ChIJuVhAbXJZWjcRltHALMxh9yw,26.1613827,91.7697446,"Pizza Hut | GS Road, Guwahati","1st Flr, Dona Planet, SN 1&2, GS Rd, Bhangagarh, Guwahati, Assam 781005, India",26.1613827,91.7697446,OPERATIONAL,place_id
31,"Pizza Hut - NCS Square Mall Adabari, Guwahati","Unit No 2, Food Court, NCS Square Mall, Assam Trunk Road, Adabari, Guwahati, Assam, India",781014,781014,Yes,Guwahati,Assam,098996 05847,https://restaurants.pizzahut.co.in/pizza-hut-ph-ncs-square-mall-adabari-pizza-restaurant-adabari-guwahati-130358/Home,ChIJ87QjKOdbWjcRRBrT8SjsAOU,26.1580432,91.680066,"Pizza Hut | NCS Square Mall Adabari, Guwahati","Unit No 2, NCS Square Mall, Food Court, Assam Trunk Rd, Adabari, Guwahati, Assam 781014, India",26.1580432,91.680066,OPERATIONAL,place_id
32,"Pizza Hut - Rehabari, Guwahati","House No 70, 1st Flr, Narayan Height, AK Azad Road, Rehabari, Guwahati, Assam, India",781008,781008,Yes,Guwahati,Assam,093667 15528,https://restaurants.pizzahut.co.in/pizza-hut-ph-rehabari-guwahati-pizza-restaurant-rehabari-guwahati-297820/Home,ChIJFxDuKkFbWjcRTVLVVY0sg5c,26.1722774,91.7486586,"Pizza Hut | Rehabari, Guwahati","House No 70, 1st Flr, Narayan Height, AK Azad Rd, Rehabari, Guwahati, Assam 781008, India",26.1722774,91.7486586,OPERATIONAL,place_id
33,"Pizza Hut - Roodraksh Mall, Guwahati","3rd Floor, Food Court, Roodraksh Mall, GS Road, Bhangagarh,, GS Road,Bhangagarh, Guwahati, Assam, India",781003,781005,No,Guwahati,Assam,1800 202 2022,https://restaurants.pizzahut.co.in/pizza-hut-ph-roodraksh-mall-guwahati-pizza-restaurant-bhangagarh-guwahati-304308/Home,ChIJj7A8bQpZWjcRXran89KuxFE,26.1661323,91.7679589,"Pizza Hut | Roodraksh Mall, Guwahati","3rd Floor, Food Court, Roodraksh Mall, GS Rd, Bhangagarh, Guwahati, Assam 781005, India",26.1661323,91.7679589,OPERATIONAL,place_id
34,"Pizza Hut - Lal Ganesh, Guwahati","Lal Ganesh, Lokhra Road, Ganapati Nagar, Opposite Rolling Mill, Kamrup, Assam, India",781032,781018,No,Kamrup,Assam,089290 38226,https://restaurants.pizzahut.co.in/pizza-hut-ph-lal-ganesh-guwahati-pizza-restaurant-ganapati-nagar-kamrup-127529/Home,ChIJ0yE-4-VbWjcRSgJUcEPOiKY,26.144267,91.741502,"Pizza Hut | Lal Ganesh, Guwahati","Lal Ganesh, Lokhra Rd, opposite Rolling Mill, Ganapati Nagar, Lal Ganesh, Guwahati, Assam 781018, India",26.144267,91.741502,OPERATIONAL,place_id
35,Pizza Hut - Sonapur Highway,"NH 37, Sonpur, Rajpur Sonarpur, Kamarkuchi, Kamrup, Assam, India",782402,782402,Yes,Kamrup,Assam,1800 202 2022,https://restaurants.pizzahut.co.in/pizza-hut-kamarkuchi-kamrup-in-assam-kamrup-kamarkuchi-42684/Home,ChIJ0xGv0yPzWjcRgneGFfLgUAA,26.1209444,91.9182778,Pizza Hut | Sonapur Highway,"NH 37, Sonpur, Rajpur Sonarpur, Kamarkuchi, Tepesia, Assam 782402, India",26.1209444,91.9182778,OPERATIONAL,place_id
36,"Pizza Hut - JD Raod, Kokrajhar","Ward No 4, H No 159, Ground Floor, J D Road, Kokrajhar, Assam, India",783370,783370,Yes,Kokrajhar,Assam,089290 31693,https://restaurants.pizzahut.co.in/pizza-hut-ph-jd-road-kokrajhar-pizza-restaurant-j-d-road-kokrajhar-313293/Home,ChIJq-3RKwBhWDcRp7l3U4ORHOI,26.4134816,90.2756574,"Pizza Hut | JD Raod, Kokrajhar","Ward No 4, H No 159, Ground Floor, Jwhwlao Dwimalu Rd, Kokrajhar, Assam 783370, India",26.4134816,90.2756574,OPERATIONAL,place_id
37,"Pizza Hut - Itachali, Nagaon","Dag No 437 & 941, Ground & 1st Floor, PP No 642, Kisam Town, AT Road, Norton, Nagaon, Assam, India",782003,782001,No,Nagaon,Assam,089290 34286,https://restaurants.pizzahut.co.in/pizza-hut-ph-itachali-nagaon-pizzerias-norton-nagaon-294179/Home,ChIJm1e73E4nRTcRVFtXjYZL8jk,26.3552096,92.6925002,"Pizza Hut | Itachali, Nagaon","Dag No 437 & 941, Ground & 1st Floor, Kisam Town, PP No 642, AT Road, Norton, Nagaon, Assam 782001, India",26.3552096,92.6925002,OPERATIONAL,place_id
38,"Pizza Hut - Goldighi Mall, Silchar","T39, 3rd Floor, Goldighi Mall, Central Road, Janiganj Bazar, Kanakpur, Silchar, Assam, India",788001,788001,Yes,Silchar,Assam,070650 11170,https://restaurants.pizzahut.co.in/pizza-hut-kanakpur-pizza-restaurant-kanakpur-silchar-1335/Home,ChIJMXNuuV1KTjcRAFnHehTpTbc,24.822893,92.7995394,"Pizza Hut | Goldighi Mall, Silchar","3rd Floor, Goldighi Mall, T39, Central Rd, Janiganj Bazar, Kanakpur, Silchar, Assam 788001, India",24.822893,92.7995394,OPERATIONAL,place_id
39,"Pizza Hut - KRC Plaza, Tezpur","KRC Plaza, Tezpur Main Rd,Kacharigaon,Mahabhairab, Sonitpur, Assam, India",784001,784001,Yes,Sonitpur,Assam,084473 18368,https://restaurants.pizzahut.co.in/pizza-hut-ph-krc-plaza-tezpur-pizzerias-mahabhairab-sonitpur-127862/Home,ChIJEzmmTADpRDcRgffp4P0bMP0,26.6259335,92.7898745,"Pizza Hut | KRC Plaza, Tezpur","KRC Plaza, Tezpur Main Rd, Kacharigaon, Mahabhairab, Tezpur, Assam 784001, India",26.6259335,92.7898745,OPERATIONAL,place_id
40,"Pizza Hut - Devipukhri Road, Tinsukia","S No G167, Ground Floor, Prithvi Tower, Devi Pokhari Road, Opposite MB's Sweet & Snacks, Tinsukia, Assam, India",786125,786125,Yes,Tinsukia,Assam,084470 84217,https://restaurants.pizzahut.co.in/pizza-hut-ph-tinsukhia-assam-pizza-restaurant-devi-pokhari-road-tinsukia-132999/Home,ChIJXSXD7DVrPzcR_whV_PEQzHA,27.4919779,95.3601185,"Pizza Hut | Devipukhri Road, Tinsukia","S No G167, Ground Floor, Prithvi Tower, Devi Pokhari Road, opposite MB's Sweet & Snacks, Tinsukia, Assam 786125, India",27.4919779,95.3601185,OPERATIONAL,place_id
41,"Pizza Hut - Tikamajhi, Bhagalpur","Rajbir Tower, RBSS Road, Tilkamanjhi Chowk, Bhagalpur, Bihar, India",812001,812001,Yes,Bhagalpur,Bihar,099992 95027,https://restaurants.pizzahut.co.in/pizza-hut-bhagalpur-pizza-restaurant-bhagalpur-bhagalpur-1304/Home,ChIJE0cnsx028DkRnt6Zzaat78E,25.2562566,86.9957139,"Pizza Hut | Tikamajhi, Bhagalpur","Rajbir Tower, RBSS Rd, Katahalbari, Tilkamanjhi Chowk, Bhagalpur, Bihar 812001, India",25.2562566,86.9957139,OPERATIONAL,place_id
42,"Pizza Hut - Icon Plaza Mall, Muzaffarpur","Icon Plaza Mall, Shop No GF-17, Nh-28, near Ideal Petrol Pump, Shrirampuri, Bhagwanpur, Muzaffarpur, Bihar, India",842001,842001,Yes,"Bhagwanpur, Muzaffarpur",Bihar,078350 47255,https://restaurants.pizzahut.co.in/pizza-hut-icon-plaza-mall-muzaffarpur-in-bihar-muzaffarpur-bhagwanpur-58849/Home,ChIJmWZyL8MR7TkRckS3DbtUymg,26.1167582,85.3599179,"Pizza Hut | Icon Plaza Mall, Muzaffarpur","Icon Plaza Mall, Shop No GF-17, Nh-28, near Ideal Petrol Pump, Shrirampuri, Bhagwanpur, Muzaffarpur, Bihar 842001, India",26.1167582,85.3599179,OPERATIONAL,place_id
43,"Pizza Hut - Patel Nagar, Bhaisasur",,803101,803101,Yes,Bihar Sharif,Bihar,,https://restaurants.pizzahut.co.in/pizza-hut-patel-nagar-bhaisasur-in-bihar-bihar-sharif-bhaisasur-42698/Home,ChIJox9oWADz8jkRw6NLoEwJAZY,25.2016,85.517536,"Pizza Hut | Patel Nagar, Bhaisasur","Holding no 87, Ward no 25, GF & FF, Ranchi Rd, Patel Nagar, Bhaisasur, Bihar Sharif, Bihar 803101, India",25.2016,85.51753599999999,OPERATIONAL,place_id
44,"Pizza Hut - Mithanpur Chowk, Muzaffarpur","Ground Floor, Yamuna Complex, Mithanpura Chowk, New Colony, Near Mithanpura Chowk, Muzaffarpur, Bihar, India",842001,842002,No,Muzaffarpur,Bihar,085279 77551,https://restaurants.pizzahut.co.in/pizza-hut-new-colony-pizza-restaurant-new-colony-muzaffarpur-1306/Home,ChIJx7XR4s8Q7TkRRG3kbZscjuw,26.1040701,85.3985058,"Pizza Hut | Mithanpur Chowk, Muzaffarpur","Ground Floor, Yamuna Complex, Chowk, near Mithanpura, New Colony, zakaria colony saadpur, Mithanpura, Muzaffarpur, Bihar 842002, India",26.1040701,85.3985058,OPERATIONAL,place_id
45,"Pizza Hut - Ambuja Mall, Patna","3rd Flr, Ambuja City Centre Mall, Christian Colony, Chajju Bagh, Patna, Bihar, India",800001,800001,Yes,Patna,Bihar,085279 77664,https://restaurants.pizzahut.co.in/pizza-hut-ph-ambuja-city-centre-mall-patna-pizza-restaurant-chajju-bagh-patna-172141/Home,ChIJsyEvLGFZ7TkRtACL9wMo75s,25.6176749,85.1355466,"Pizza Hut | Ambuja Mall, Patna","3rd Flr, Ambuja City Centre Mall, Christian Colony, Chajju Bagh, Patna, Bihar 800001, India",25.6176749,85.13554660000001,OPERATIONAL,place_id
46,"Pizza Hut - Anishabad, Patna","Basement, Mausam Vibhag, Bhartiya Cplx, Mitramandal Colony Rd, Anishabad, Opposite Metrological Department, Patna, Bihar, India",800002,800002,Yes,Patna,Bihar,089290 34473,https://restaurants.pizzahut.co.in/pizza-hut-anishabad-patna-pizza-restaurant-anishabad-patna-301876/Home,ChIJVVSM_t9X7TkRW1NV7hPZQng,25.5811842,85.0865594,"Pizza Hut | Anishabad, Patna","Opposite Metrological Department, Basement, Mausam Vibhag, Bhartiya Cplx, Mitramandal Colony Rd, New Paharpur, Anisabad, Patna, Bihar 800002, India",25.5811842,85.0865594,OPERATIONAL,place_id
47,"Pizza Hut - Gola Road, Patna","Belle Matrix Saloon, Bailey Road, Gola Road, Danapur, Opposite Ratan Sharda Complex, Patna, Bihar, India",801503,801503,Yes,Patna,Bihar,070650 13143,https://restaurants.pizzahut.co.in/pizza-hut-ph-gola-road-patna-pizza-restaurant-danapur-patna-139621/Home,ChIJeY7LUFZX7TkR39EhYQUbFwE,25.616951,85.056825,"Pizza Hut | Gola Road, Patna","Belle Matrix Saloon Bailey Road, Gola Road, Danapur, opposite Ratan Sharda Complex, Ramjaipal Nagar, Patna, Bihar 801503, India",25.616951,85.05682499999999,OPERATIONAL,place_id
48,"Pizza Hut - Kankarbagh, Patna","No A209, PC Colony, RBI Flats Colony, Kankarbagh, Opposite Medanta Hospital, Patna, Bihar, India",800020,800020,Yes,Patna,Bihar,089290 33959,https://restaurants.pizzahut.co.in/pizza-hut-ph-kankarbagh-patna-pizzerias-kankarbagh-patna-274306/Home,ChIJveX13oVZ7TkR9zjLKo8pc5o,25.6004655,85.1530268,"Pizza Hut | Kankarbagh, Patna","No, A209, opposite Medanta Hospital, PC Colony, RBI Flats Colony, Kankarbagh, Patna, Bihar 800020, India",25.6004655,85.15302679999999,OPERATIONAL,place_id
49,"Pizza Hut - Rajinder Nagar, Patna","Sri Ram Enclave, Arya Kumar Road,Block B,Rajinder Nagar, Next to HDFC Bank, Patna, Bihar, India",800016,800016,Yes,Patna,Bihar,089290 25061,https://restaurants.pizzahut.co.in/pizza-hut-rajinder-nagar-pizza-restaurant-rajinder-nagar-patna-1307/Home,ChIJm0ftQe1Y7TkRPtM8jJSIj8s,25.6080015,85.1592071,"Pizza Hut | Rajinder Nagar, Patna","Sri Ram Enclave, Arya Kumar Rd, next to HDFC Bank, Block B, Rajendra Nagar, Patna, Bihar 800016, India",25.6080015,85.15920709999999,OPERATIONAL,place_id
50,"Pizza Hut - Sahdeo Mahto Marg, Patna","No B8, Children's Park Road, Sri Krishna Puri, Patna, Bihar, India",800001,800001,Yes,Patna,Bihar,070650 12900,https://restaurants.pizzahut.co.in/pizza-hut-ph-sri-krishna-puri-patna-pizza-restaurant-sri-krishna-puri-patna-130402/Home,ChIJyyzL1sFZ7TkRJKShq77oPNk,25.6114991,85.1158455,"Pizza Hut | Sahdeo Mahto Marg, Patna","B8, Children's Park Rd, Sri Krishna Puri, Patna, Bihar 800001, India",25.6114991,85.11584549999999,OPERATIONAL,place_id
51,"Pizza Hut - Navratan Hata, Purnia","Ford Company Chowk, NH 31, Navratan Hata, Near City Kart Mall, Purnia, Bihar, India",854302,854301,No,Purnia,Bihar,089290 37579,https://restaurants.pizzahut.co.in/pizza-hut-ph-navratan-hata-purnia-pizza-restaurant-navratan-hata-purnia-123738/Home,ChIJW89zMM757zkRPO8TheKZRDM,25.7799029,87.4791169,"Pizza Hut | Navratan Hata, Purnia","Ford Company Chowk, QFHH+HQ3, NH31, near City Kart Mall, Navratan Hatta, Purnia, Bihar 854301, India",25.7799029,87.4791169,OPERATIONAL,place_id
52,"Pizza Hut - Sector 26, Chandigarh","SCO 41, Ground Floor, Madhya Marg, Sector 26, Chandigarh, Chandigarh, India",160019,160019,Yes,Chandigarh,Chandigarh,084473 17397,https://restaurants.pizzahut.co.in/pizza-hut-ph-sector-26-chandigarh-pizza-restaurant-sector-26-chandigarh-129371/Home,ChIJywfvQD_tDzkRucz6cytEjVk,30.7251012,76.8060583,"Pizza Hut | Sector 26, Chandigarh","SCO 41, Ground Floor, Madhya Marg, Sector 26, Chandigarh, 160019, India",30.7251012,76.80605829999999,CLOSED_PERMANENTLY,place_id
53,"Pizza Hut - Sector 35, Chandigarh","SCO 459 & 460, Sector 35C, Chandigarh, Chandigarh, India",160022,160022,Yes,Chandigarh,Chandigarh,098993 09323,https://restaurants.pizzahut.co.in/pizza-hut-ph-sector-35c-chandigarh-pizza-restaurant-sector-35c-chandigarh-299195/Home,ChIJwVuEzRztDzkRT67DhC9je-o,30.721091,76.7593965,"Pizza Hut | Sector 35, Chandigarh","SCO 459 & 460, 35C, Sector 35, Chandigarh, 160022, India",30.721091,76.75939650000001,OPERATIONAL,place_id
54,"Pizza Hut - Sector 40, Chandigarh","SCO 86, Basement & Ground Floor, Sector 40C, Chandigarh, Chandigarh, India",160036,160036,Yes,Chandigarh,Chandigarh,099992 95172,https://restaurants.pizzahut.co.in/pizza-hut-sector-40c-pizza-restaurant-sector-40c-chandigarh-105724/Home,ChIJeXBZr6jtDzkRKfmD7JzUeng,30.7356979,76.7353241,"Pizza Hut | Sector 40, Chandigarh","SCO 86, Basement & Ground Floor, Sector 40C, Sector 40D, Chandigarh, 160036, India",30.7356979,76.7353241,OPERATIONAL,place_id
55,"Pizza Hut - Surya Treasure Island Mall, Bhilai","UGF, Surya Treasure Island, Surya Vihar, Bhilai, Chhattisgarh, India",490020,490020,Yes,Bhilai,Chhattisgarh,0788 490 0200,https://restaurants.pizzahut.co.in/pizza-hut-surya-vihar-pizza-restaurant-surya-vihar-bhilai-1287/Home,ChIJ80gjlzw9KToRzpNTjIODd64,21.2183179,81.3204097,"Pizza Hut | Surya Treasure Island Mall, Bhilai","UGF, Surya Treasure Island, Surya Vihar, Bhilai, Chhattisgarh 490020, India",21.2183179,81.3204097,OPERATIONAL,place_id
56,"Pizza Hut - Magento Mall, Bilaspur","2nd Floor, Food Court, Rama Magneto Mall, Talapara, Bilaspur, Chhattisgarh, India",495004,495001,No,Bilaspur,Chhattisgarh,077524 20225,https://restaurants.pizzahut.co.in/pizza-hut-talapara-pizza-delivery-talapara-bilaspur-1288/Home,ChIJkYr7l20LKDoRd98cgpPjzFY,22.0717042,82.1496698,"Pizza Hut | Magento Mall, Bilaspur","2nd Floor, Food Court, Rama Magneto Mall, Talapara, Bilaspur, Chhattisgarh 495001, India",22.0717042,82.1496698,OPERATIONAL,place_id
57,"Pizza Hut - Phase 2, Bilaspur",,495001,495006,No,Bilaspur,Chhattisgarh,,https://restaurants.pizzahut.co.in/pizza-hut-phase-2-bilaspur-in-chhattisgarh-bilaspur-phase-2-28710/Home,ChIJ9TXwwagLKDoRZoCAN1q-ODM,22.097767,82.163237,"Pizza Hut | Phase 2, Bilaspur","Shree Nidhi, Ground floor, PH No. 20/33, KH No. 558/25, Ward No. 47, 558/26, Seepat Rd, Devnandan Nagar Phase 2, Sarkanda, Bilaspur, Fadahakhar, Chhattisgarh 495006, India",22.097767,82.163237,OPERATIONAL,place_id
58,"Pizza Hut - Adarsh Nagar, Durg","Khasra No 139/27, Omisha's Sanctum, Main Road, Adarsh Nagar, Near Maharaja Chowk, Durg, Chhattisgarh, India",491001,491001,Yes,Durg,Chhattisgarh,086556 15994,https://restaurants.pizzahut.co.in/pizza-hut-ph-durg-pizzerias-adarsh-nagar-durg-184670/Home,ChIJk9Mm2vM9KToRN1dKn1G1878,21.173341,81.293881,"Pizza Hut | Adarsh Nagar, Durg","Khasra No 139/27, Omisha's Sanctum, Main Rd, near Maharaja Chowk, Zone 1, Adarsh Nagar, Durg, Chhattisgarh 491001, India",21.173341,81.293881,OPERATIONAL,place_id
59,"Pizza Hut - Ambhuja Mall, Raipur","C132/133, 1st Floor, Ambuja City Centre, Main Vidhan Sabha Road, Mowa, Raipur, Chhattisgarh, India",492007,492014,No,Raipur,Chhattisgarh,098731 44318,https://restaurants.pizzahut.co.in/pizza-hut-ph-ambuja-city-center-raipur-pizza-restaurant-mowa-raipur-135515/Home,ChIJ99YxMNfnKDoRzx-mwXxUfTU,21.2753282,81.6873014,"Pizza Hut | Ambhuja Mall, Raipur","C132/133, 1st Floor, Ambuja City Centre, Main, Vidhan Sabha Rd, Mowa, Raipur, Chhattisgarh 492014, India",21.2753282,81.6873014,OPERATIONAL,place_id
60,"Pizza Hut - City Centre Mall, Raipur","Counter No 3 & 4, City Centre Mall, Pandri, Devendra Nagar, Near Mahalakshmi Market, Raipur, Chhattisgarh, India",492001,492004,No,Raipur,Chhattisgarh,089291 04451,https://restaurants.pizzahut.co.in/pizza-hut-ph-city-center-mall-raipur-pizza-restaurant-devendra-nagar-raipur-305341/Home,ChIJhepunEDdKDoReqA5y3xgHM8,21.2550559,81.6463858,"Pizza Hut | City Centre Mall, Raipur","Counter No 3 & 4, City Centre Mall, Pandri Rd, near Mahalakshmi Market, Devendra Nagar, Raipur, Chhattisgarh 492004, India",21.2550559,81.64638579999999,OPERATIONAL,place_id
61,"Pizza Hut - GE Road, Raipur","Plot No 27, Ground Floor, GE Road, Raipur, Chhattisgarh, India",492010,492010,Yes,Raipur,Chhattisgarh,086556 15993,https://restaurants.pizzahut.co.in/pizza-hut-ph-ge-road-pizza-restaurant-ge-road-raipur-129366/Home,ChIJx7_xhaTdKDoRAHRn56lIvAs,21.2439414,81.6076675,"Pizza Hut | GE Road, Raipur","Plot No 27, Ground Floor, Great Eastern Rd, Doongaji Colony, Raipur, Chhattisgarh 492010, India",21.2439414,81.60766749999999,OPERATIONAL,place_id
62,"Pizza Hut - Jivan Vihar, Raipur","Shop No S2, 2nd Floor, Magento Mall, Jivan Vihar, Raipur, Chhattisgarh, India",492001,492001,Yes,Raipur,Chhattisgarh,086552 32807,https://restaurants.pizzahut.co.in/pizza-hut-ph-magneto-pizzerias-jivan-vihar-raipur-269252/Home,ChIJzQNNYQDdKDoR432deUXPFvg,21.2408105,81.6841005,"Pizza Hut | Jivan Vihar, Raipur","Shop No S2, 2nd Floor, Magento Mall, Jivan Vihar, Raipur, Chhattisgarh 492001, India",21.2408105,81.6841005,OPERATIONAL,place_id
63,"Pizza Hut - Telibanda, Raipur","Jal Vihar Colony, Marine Drive, Lake Front, Telibanda, Infront of Maruti Driving School, Raipur, Chhattisgarh, India",492001,492001,Yes,Raipur,Chhattisgarh,086556 15995,https://restaurants.pizzahut.co.in/pizza-hut-ph-lake-front-pizzerias-telibanda-raipur-187510/Home,ChIJKVEvpBLdKDoR3LFV3e2Tvmw,21.239031,81.660921,"Pizza Hut | Telibanda, Raipur","Jal Vihar Colony, Marine Drive Lake Front, Infront of Maruti Driving School, Telibandha, Raipur, Chhattisgarh 492001, India",21.239031,81.660921,OPERATIONAL,place_id
64,"Pizza Hut - Dilip Nagar, Daman","Ground Floor, Dilip Nagar, Teen Batti, Nani Daman, Daman, Dadra And Nagar Haveli And Daman And Diu, India",396210,396210,Yes,Daman,Dadra and Nagar Haveli and Daman and Diu,089290 31604,https://restaurants.pizzahut.co.in/pizza-hut-ph-dilip-nagar-daman-pizza-restaurant-nani-daman-daman-305343/Home,ChIJJRGKenDR4DsRF0Xrtqw2wEE,20.4189641,72.8341562,"Pizza Hut | Dilip Nagar, Daman","Ground Floor Dilip Nagar, Teen Batti, Nani Daman, Daman, Marwad, Dadra and Nagar Haveli and Daman and Diu 396210, India",20.4189641,72.8341562,OPERATIONAL,place_id
65,"Pizza Hut - Adarsh Nagar, Delhi","No B 45, Rajan Babu Road, Adarsh Nagar, New Delhi, Delhi, India",110033,110033,Yes,New Delhi,Delhi,070422 54430,https://restaurants.pizzahut.co.in/pizza-hut-ph-adarsh-nagar-delhi-pizza-restaurant-adarsh-nagar-new-delhi-146777/Home,ChIJwxzEfwIBDTkR9R_M3lE4UYY,28.7186735,77.1728341,"Pizza Hut | Adarsh Nagar, Delhi","No B, 45, Rajan Babu Rd, Block C, Adarsh Nagar, New Delhi, Delhi, 110033, India",28.7186735,77.1728341,OPERATIONAL,place_id
66,"Pizza Hut - Aerocity, Delhi","No 11, 2nd Floor, Food Court, Aerocity, World Mark 1, IGI Airport, New Delhi, Delhi, India",110037,110037,Yes,New Delhi,Delhi,011 4605 7807,https://restaurants.pizzahut.co.in/pizza-hut-igi-airport-pizza-restaurant-igi-airport-new-delhi-4088/Home,ChIJrzzySGkcDTkRbe1NToZkfJ4,28.5506335,77.1220655,"Pizza Hut | Aerocity, Delhi","No 11, 2nd Floor, Food Court, World Mark 1, IGI Rd, Aerocity, New Delhi, Delhi 110037, India",28.5506335,77.12206549999999,OPERATIONAL,place_id
67,"Pizza Hut - CR Park, Delhi","L 15, CR Park Main Road, Kalkaji, New Delhi, Delhi, India",110019,110019,Yes,New Delhi,Delhi,085888 04167,https://restaurants.pizzahut.co.in/pizza-hut-kalkaji-pizza-delivery-kalkaji-new-delhi-23936/Home,ChIJ9x3b89jjDDkRkqO3mj5HPfw,28.5370911,77.2574295,"Pizza Hut | CR Park, Delhi","L 15, CR Park Main Rd, Block L, Kalkaji, New Delhi, Delhi 110019, India",28.5370911,77.2574295,OPERATIONAL,place_id
68,"Pizza Hut - Cargo Hub Delhi Airport, Delhi","Shop No 7, Public Amenities Complex, International Cargo Airport T2 Road, Near Gate No 5, New Delhi, Delhi, India",110037,110037,Yes,New Delhi,Delhi,089290 34371,https://restaurants.pizzahut.co.in/pizza-hut-ph-t2-cargo-airport-delhi-pizza-restaurant-international-cargo-airport-t2-road-new-delhi-305354/Home,ChIJDRKqy00bDTkRVLJWN8MVnvw,28.5551355,77.1020961,"Pizza Hut | Cargo Hub Delhi Airport, Delhi","Shop No 7, Public Amenities Complex International Cargo Airport, 5, Terminal 2, New Delhi, Delhi 110037, India",28.5551355,77.1020961,OPERATIONAL,place_id
69,"Pizza Hut - Cross River Mall, Delhi","Unit No G09, Cross River Mall, Vishwas Nagar Extension, Shahdara, New Delhi, Delhi, India",110032,110032,Yes,New Delhi,Delhi,098996 13932,https://restaurants.pizzahut.co.in/pizza-hut-ph-cross-river-mall-shahdara-pizza-restaurant-shahdara-new-delhi-136287/Home,ChIJ79WCVfX7DDkRpNd3q7nQF-c,28.6574206,77.3024994,"Pizza Hut | Cross River Mall, Delhi","Unit No G09, Cross River Mall, Vishwas Nagar Extension, Vishwas Nagar, Shahdara, New Delhi, Delhi, 110032, India",28.6574206,77.3024994,OPERATIONAL,place_id
70,"Pizza Hut - D Mall Rohini, Delhi","G 9, 10, 1/B5, D Mall, District Centre, Rohini, Sector 10, New Delhi, Delhi, India",110085,110085,Yes,New Delhi,Delhi,070650 00985,https://restaurants.pizzahut.co.in/pizza-hut-rohini-sector-10-pizza-restaurant-rohini-sector-10-new-delhi-24824/Home,ChIJuY14qVoBDTkRPovfkf64-3Y,28.7160811,77.1142809,"Pizza Hut | D Mall Rohini, Delhi","10, 1/B5, D Mall District Centre, G 9, Swarn Jayanti Park, Sector 10, Rohini, New Delhi, Delhi, 110085, India",28.7160811,77.1142809,OPERATIONAL,place_id
71,"Pizza Hut - DLF South Square Mall Sarojini Nagar, Delhi","S No 39, Gr Flr, DLF South Square Mall, Lane H, Block G, Sarojini Nagar, New Delhi, Delhi, India",110023,110023,Yes,New Delhi,Delhi,089290 33948,https://restaurants.pizzahut.co.in/pizza-hut-ph-south-square-mall-sn-market-pizzerias-sarojini-nagar-new-delhi-289474/Home,ChIJVTa9BMbjDDkRkwpSCAzcKak,28.5763383,77.1949392,"Pizza Hut | DLF South Square Mall Sarojini Nagar, Delhi","S No 39, Gr Flr, DLF South Square Mall, Lane H, Block G, Sarojini Nagar, New Delhi, Delhi 110023, India",28.5763383,77.1949392,OPERATIONAL,place_id
72,"Pizza Hut - Devika Sadar Bazar, Delhi","Old Tanga Stand, Devika Sadar Bazar, New Delhi, Delhi, India",110006,110006,Yes,New Delhi,Delhi,098993 02573,https://restaurants.pizzahut.co.in/pizza-hut-ph-devika-sadar-bazar-delhi-pizza-restaurant-devika-sadar-bazar-new-delhi-304310/Home,ChIJ2-6mgIb9DDkRC-nZY9Wtxkg,28.6561347,77.2160166,"Pizza Hut | Devika Sadar Bazar, Delhi","Old, Tanga Stand, Devika, Sadar Bazar, New Delhi, Delhi, 110006, India",28.6561347,77.2160166,OPERATIONAL,place_id
73,"Pizza Hut - Devli Road, Delhi","No D139, Devli Road, Krishna Nagar, New Delhi, Delhi, India",110044,110080,No,New Delhi,Delhi,097116 09267,https://restaurants.pizzahut.co.in/pizza-hut-ph-devli-road-new-delhi-pizzerias-krishna-nagar-new-delhi-189477/Home,ChIJUZZLCajhDDkRBds0n5fUQKI,28.507386,77.232224,"Pizza Hut | Devli Road, Delhi","No D139, Devli Rd, Krishna Park Colony, Jawahar Park, Krishna Nagar, New Delhi, Delhi 110080, India",28.507386,77.232224,OPERATIONAL,place_id
74,"Pizza Hut - Durgapuri, Delhi","No C543, Main 100 Feet Rd, Chhajjupur, Babarpur, Durgapuri, Shahadra, New Delhi, Delhi, India",110032,110032,Yes,New Delhi,Delhi,085888 72014,https://restaurants.pizzahut.co.in/pizza-hut-ph-durgapuri-shahdara-pizza-restaurant-shahadra-new-delhi-178188/Home,ChIJRyHSX7f9DDkRcdEezQ5eg38,28.6894655,77.2856054,"Pizza Hut | Durgapuri, Delhi","C543, Main 100 Feet Rd Chhajjupur, Babarpur, Durga Puri, Shahdara, New Delhi, Delhi, 110032, India",28.68946549999999,77.2856054,OPERATIONAL,place_id
75,"Pizza Hut - Dwarka Mor, Delhi","Mohan Bhagwati Complex, Plot No 6 & 7, Uttam Nagar, New Delhi, Delhi, India",110059,110059,Yes,New Delhi,Delhi,098993 19671,https://restaurants.pizzahut.co.in/pizza-hut-uttam-nagar-pizza-restaurant-uttam-nagar-new-delhi-1421/Home,ChIJteoRXjgFDTkR2GrfQKyUFAM,28.6198556,77.0349194,"Pizza Hut | Dwarka Mor, Delhi","Mohan Bhagwati Complex Plot No 6 & 7, Rama Park, Block C, Mohan Garden, Uttam Nagar, New Delhi, Delhi, 110059, India",28.6198556,77.03491939999999,OPERATIONAL,place_id
76,"Pizza Hut - Dwarka Sector 21, New Delhi","SH/2F/14, 2nd Floor, Pacific D21 Mall, Sector 21, Dwarka, New Delhi, Delhi, India",110077,110077,Yes,New Delhi,Delhi,076694 00323,https://restaurants.pizzahut.co.in/pizza-hut-dwarka-sector-21-new-delhi-in-delhi-new-delhi-dwarka-94838/Home,ChIJXUAvStMbDTkRsp9z2n9V29g,28.552418,77.0579182,"Pizza Hut | Dwarka Sector 21, New Delhi","2ND FLOOR, Pacific D21 Mall, SH/2F/14, Sector 21, Dwarka, New Delhi, Delhi, 110077, India",28.552418,77.05791820000002,OPERATIONAL,place_id
77,Pizza Hut - Epicah Mall,,110015,110015,Yes,New Delhi,Delhi,,https://restaurants.pizzahut.co.in/pizza-hut-kirti-nagar-new-delhi-in-delhi-new-delhi-kirti-nagar-33367/Home,ChIJISEat4QDDTkR1CQOP6s-gLU,28.658381,77.144614,Pizza Hut | Epicah Mall,"First Floor, Pizza Hut, PEPICAH Mall, 68, Najafgarh Rd, DLE Industrial Area, Kirti Nagar, New Delhi, Delhi, 110015, India",28.65838099999999,77.14461399999999,OPERATIONAL,place_id
78,"Pizza Hut - Fun City Mall Rohini, New Delhi","G 19 & 20, Ground Floor, Fun City Mall, Prashant Vihar, Rohini, Sector 14, New Delhi, Delhi, India",110085,110085,Yes,New Delhi,Delhi,098994 26507,https://restaurants.pizzahut.co.in/pizza-hut-rohini-sector-14-pizza-restaurant-rohini-sector-14-new-delhi-1413/Home,ChIJK-UNWmMBDTkREuEhIyWqF7U,28.711567,77.1360447,Pizza Hut,"Ground Floor, Fun City Mall, G 19 & 20, A Block, Prashant Vihar, Sector 14, Rohini, New Delhi, Delhi, 110085, India",28.711567,77.1360447,OPERATIONAL,place_id
79,"Pizza Hut - GTB Nagar Kingsway Camp, Delhi","GF 2012, Ground Floor, Kingsway Camp, GTB Nagar, Outram Line, Dr Mukherjee Nagar, New Delhi, Delhi, India",110009,110009,Yes,New Delhi,Delhi,070650 12199,https://restaurants.pizzahut.co.in/pizza-hut-dr-mukherjee-nagar-pizza-restaurant-dr-mukherjee-nagar-new-delhi-104911/Home,ChIJ2y5QHAb9DDkR_n6q_ETM1Y4,28.6994786,77.2080168,"Pizza Hut | GTB Nagar Kingsway Camp, Delhi","GF 2012, Ground Floor, Kingsway Camp GTB Nagar, Outram Lines, Mukherjee Nagar, New Delhi, Delhi, 110009, India",28.6994786,77.2080168,OPERATIONAL,place_id
80,"Pizza Hut - Geeta Colony, Delhi","No 30A ground floor, Patparganj Road, Krishna Nagar, New Delhi, Delhi, India",110051,110051,Yes,New Delhi,Delhi,089290 38441,https://restaurants.pizzahut.co.in/pizza-hut-ph-geeta-colony-new-delhi-pizza-restaurant-geeta-colony-new-delhi-125367/Home,ChIJX-oktZL9DDkRIlxBHMxsmkw,28.653955,77.277229,"Pizza Hut | Geeta Colony, Delhi","No 30A ground floor, Patparganj Rd, Pandit Park, Krishna Nagar, New Delhi, Delhi, 110051, India",28.653955,77.27722899999999,OPERATIONAL,place_id
81,"Pizza Hut - IGI Airport, Delhi","Terminal 2, IGI Airport, New Delhi, Delhi, India",110037,110037,Yes,New Delhi,Delhi,1800 202 2022,https://restaurants.pizzahut.co.in/pizza-hut-igi-airport-pizza-restaurant-igi-airport-new-delhi-23569/Home,ChIJDfwhx4UbDTkRhzdY9YsATVY,28.5562844,77.0952627,"Pizza Hut | IGI Airport, Delhi","Terminal 2, IGI Rd, New Delhi, Delhi, 110037, India",28.5562844,77.09526269999999,OPERATIONAL,place_id
82,"Pizza Hut - Jail Road, Delhi","No 16 & 4, Prem Nagar, Near Tilak Nagar Metro Gate No 4, New Delhi, Delhi, India",110058,110058,Yes,New Delhi,Delhi,089290 31058,https://restaurants.pizzahut.co.in/pizza-hut-prem-nagar-pizza-restaurant-prem-nagar-new-delhi-1427/Home,ChIJdQBAzJgEDTkR0cNLZruBgU0,28.6359891,77.096231,"Pizza Hut | Jail Road, Delhi","No 16 & 4, Gate No 4, near Metro Station Tilak Nagar, Prem Nagar, Janakpuri, New Delhi, Delhi, 110058, India",28.6359891,77.096231,OPERATIONAL,place_id
83,"Pizza Hut - Janakpuri C1, Delhi","Janakpuri Market, Block C1, Janakpuri, New Delhi, Delhi, India",110058,110058,Yes,New Delhi,Delhi,098990 63748,https://restaurants.pizzahut.co.in/pizza-hut-ph-c1-janakpuri-new-delhi-pizzerias-janakpuri-new-delhi-275650/Home,ChIJq-61sOMFDTkRXMTwSMKSZhw,28.6193779,77.079305,"Pizza Hut | Janakpuri C1, Delhi","Market, Block C1, Janakpuri, New Delhi, Delhi, 110058, India",28.6193779,77.07930499999999,OPERATIONAL,place_id
84,"Pizza Hut - Janpath, Delhi","No 58, Atul Grove Road,Janpath,Connaught Place, New Delhi, Delhi, India",110001,110001,Yes,New Delhi,Delhi,098993 85107,https://restaurants.pizzahut.co.in/pizza-hut-ph-janpath-new-delhi-pizzerias-connaught-place-new-delhi-259252/Home,ChIJzQgg1Oj9DDkRbO4hQRWyBm0,28.6275201,77.2198965,"Pizza Hut | Janpath, Delhi","58, Atul Grove Road, Janpath, Connaught Place, New Delhi, Delhi 110001, India",28.6275201,77.21989649999999,OPERATIONAL,place_id
85,"Pizza Hut - Jasola, New Delhi","Unit No 15B, 16 Splendor Forum, District Centre,Jasola, New Delhi, Delhi, India",110025,110025,Yes,New Delhi,Delhi,089290 32775,https://restaurants.pizzahut.co.in/pizza-hut-jasola-pizza-delivery-jasola-new-delhi-1239/Home,ChIJx9Y46qnmDDkRcHepeex0ZvQ,28.5375125,77.2868035,"Pizza Hut | Jasola, New Delhi","Unit No 15B, 16, Splendor Forum, District Centre, Jasola Vihar, New Delhi, Delhi 110025, India",28.5375125,77.28680349999999,OPERATIONAL,place_id
86,"Pizza Hut - Karkardooma Metro Station, Delhi","Shop No G2, BHC Marg, Karkarduma, Arya Nagar, Anand Vihar, New Delhi, Delhi, India",110092,110092,Yes,New Delhi,Delhi,089290 34875,https://restaurants.pizzahut.co.in/pizza-hut-ph-karkardooma-metro-station-pizza-restaurant-arya-nagar-new-delhi-305349/Home,ChIJBUIZYQf7DDkRZKOwRIaZ9D0,28.6494729,77.3062789,Pizza Hut,"Shop No G2, BHC Marg, Karkarduma, Arya Nagar, Anand Vihar, New Delhi, Delhi, 110092, India",28.6494729,77.3062789,OPERATIONAL,place_id
87,"Pizza Hut - Lajpat Nagar, New Delhi","K95, Veer Savarkar Marg, Lajpat Nagar 2, New Delhi, Delhi, India",110024,110024,Yes,New Delhi,Delhi,089290 32782,https://restaurants.pizzahut.co.in/pizza-hut-lajpat-nagar-2-pizza-delivery-lajpat-nagar-2-new-delhi-1234/Home,ChIJNSjp87HjDDkRtpzZXccjXUU,28.5673902,77.2467116,"Pizza Hut | Lajpat Nagar, New Delhi","K95, Veer Savarkar Marg, Block K, Lajpat Nagar II, Lajpat Nagar, New Delhi, Delhi 110024, India",28.5673902,77.2467116,OPERATIONAL,place_id
88,"Pizza Hut - Mahavir Enclave, Delhi","Shop No 4 & 5, Dabri - Palam Road, RZ A1, Mahavir Enclave, New Delhi, Delhi, India",110045,110045,Yes,New Delhi,Delhi,089292 48973,https://restaurants.pizzahut.co.in/pizza-hut-mahavir-enclave-pizza-restaurant-mahavir-enclave-new-delhi-23551/Home,ChIJK4-9ZkgbDTkRrgNRXIV4evI,28.60004,77.0819,"Pizza Hut | Mahavir Enclave, Delhi","Shop No 4 & 5, Dabri - Palam Rd, RZ A1, Ch Harphool Singh Market, Mahavir Enclave Part 1, Mahavir Enclave, New Delhi, Delhi, 110045, India",28.60004,77.08189999999999,OPERATIONAL,place_id
89,"Pizza Hut - Mayur Vihar, Delhi","No P37/38, Phase 1, Pandav Nagar, Mayur Vihar, New Delhi, Delhi, India",110091,110091,Yes,New Delhi,Delhi,098995 70921,https://restaurants.pizzahut.co.in/pizza-hut-ph-pandav-nagar-mayur-vihar-pizzerias-mayur-vihar-new-delhi-180141/Home,ChIJkfjVVublDDkRUobIoTih-Nc,28.6081418,77.2925837,"Pizza Hut | Mayur Vihar, Delhi","No P37/38 Phase, 1, Block E Pandav Nagar Rd, Block P, Mayur Vihar, New Delhi, Delhi, 110091, India",28.6081418,77.2925837,OPERATIONAL,place_id
90,"Pizza Hut - NFC, Delhi","Shop No 9, C Block, DDA Market, New Friends Colony, New Delhi, Delhi, India",110065,110025,No,New Delhi,Delhi,070650 13331,https://restaurants.pizzahut.co.in/pizza-hut-ph-new-friends-colony-pizza-restaurant-new-friends-colony-new-delhi-119579/Home,ChIJha0pZjnjDDkRzJ6a3ZrbnjU,28.569454,77.268181,"Pizza Hut | NFC, Delhi","Shop No 9 C Block, DDA Market, Block C, New Friends Colony, New Delhi, Delhi 110025, India",28.5694501,77.2681767,OPERATIONAL,place_id
91,"Pizza Hut - Najafgarh, Delhi","Plot No 25, Khasra No 503, Ground Floor, Block B, Najafgarh, Old Roshanpura Extention, New Delhi, Delhi, India",110045,110043,No,New Delhi,Delhi,070650 11662,https://restaurants.pizzahut.co.in/pizza-hut-najafgarh-pizza-restaurant-najafgarh-new-delhi-36113/Home,ChIJ1ZuRQR8PDTkR_K3z4k02raA,28.6082616,76.9882918,"Pizza Hut | Najafgarh, Delhi","Khasra No 503, Ground Floor, Block B, Plot No 25, Old Roshanpura Extension, Block A, Dharampura, Najafgarh, New Delhi, Delhi, 110043, India",28.6082616,76.9882918,OPERATIONAL,place_id
92,"Pizza Hut - Nangia Park, Delhi","No 29/6, Nangia Park Chowk, Shakti Nagar, New Delhi, Delhi, India",110007,110007,Yes,New Delhi,Delhi,098997 06923,https://restaurants.pizzahut.co.in/pizza-hut-ph-nangia-park-delhi-pizzerias-shakti-nagar-new-delhi-184668/Home,ChIJjYQqtGH9DDkRQ-8xeybfx7w,28.6793624,77.1955185,"Pizza Hut | Nangia Park, Delhi","No 29, 6, Nangia Park Chowk, Block 28, Shakti Nagar, New Delhi, Delhi, 110007, India",28.6793624,77.19551849999999,OPERATIONAL,place_id
93,"Pizza Hut - Naraina, Delhi","Shop No 1 to 4, Plot No 6, Naraina Vihar Industrial Area, New Delhi, Delhi, India",110028,110028,Yes,New Delhi,Delhi,089290 31265,https://restaurants.pizzahut.co.in/pizza-hut-ph-naraina-vihar-new-delhi-pizza-restaurant-naraina-vihar-industrial-area-new-delhi-305340/Home,ChIJB-1UFZEDDTkRNjPOpQxncf4,28.6330445,77.1384191,"Pizza Hut | Naraina, Delhi","Shop No 1 to 4, Plot 6, Industrial Area Phase I, Block B, Naraina Vihar, Industrial Area, New Delhi, Delhi 110028, India",28.6330445,77.1384191,OPERATIONAL,place_id
94,"Pizza Hut - Narela, Delhi","No 43/1, Arya Samaj Road, Rajeev Colony, Narela, Punjabi Bagh, New Delhi, Delhi, India",110040,110040,Yes,New Delhi,Delhi,098990 67401,https://restaurants.pizzahut.co.in/pizza-hut-ph-narela-new-delhi-pizzerias-punjabi-bagh-new-delhi-275647/Home,ChIJDz6F_4-pDTkRVAP3RFX9RFM,28.8567777,77.0915153,"Pizza Hut | Narela, Delhi","No 43/1, Arya Samaj Rd, Rajeev Colony, Punjabi Bagh, Narela, New Delhi, Delhi, 110040, India",28.8567777,77.0915153,OPERATIONAL,place_id
95,"Pizza Hut - Nehru Place, Delhi","Shop No 8 & 9, Satyam Cinema, Nehru Place, New Delhi, Delhi, India",110019,110019,Yes,New Delhi,Delhi,098993 23183,https://restaurants.pizzahut.co.in/pizza-hut-nehru-place-pizza-restaurant-nehru-place-new-delhi-1422/Home,ChIJCQxDbs_jDDkRGpcFCICLkgA,28.5501379,77.2508273,"Pizza Hut | Nehru Place, Delhi","Shop No 8 & 9, Satyam Cinema, Nehru Place, New Delhi, Delhi 110019, India",28.5501379,77.2508273,OPERATIONAL,place_id
96,"Pizza Hut - Omaxe Chandni Chowk, Delhi","Shop No 157 & 158, 2nd Floor, Omaxe Chowk, Chandni Chowk, New Delhi, Delhi, India",110006,110006,Yes,New Delhi,Delhi,089290 36913,https://restaurants.pizzahut.co.in/pizza-hut-ph-omaxe-chandni-chowk-delhi-pizza-restaurant-chandni-chowk-new-delhi-307532/Home,ChIJqS4qq7T9DDkRIGNoBExisZ4,28.6575469,77.2309108,"Pizza Hut | Omaxe Chandni Chowk, Delhi","Shop No 157 & 158, 2nd Floor, Omaxe Chowk, Old Delhi, Kaccha Bagh Area, Chandni Chowk, New Delhi, Delhi, 110006, India",28.6575469,77.23091079999999,OPERATIONAL,place_id
97,"Pizza Hut - Palam, Delhi","Plot No 68, Raj Nagar Extension, Khasra No 69/7, Palam Colony, New Delhi, Delhi, India",110045,110077,No,New Delhi,Delhi,089290 34401,https://restaurants.pizzahut.co.in/pizza-hut-ph-palam-colony-new-delhi-pizza-restaurant-palam-colony-new-delhi-304309/Home,ChIJg2CTNXsbDTkRN53nSnP-0es,28.5872008,77.0852431,"Pizza Hut | Palam, Delhi","Plot No 68, Raj Nagar, Khasra No 69, 7, Extension, Palam Colony, Raj Nagar I, Palam, New Delhi, Delhi, 110077, India",28.5872008,77.0852431,OPERATIONAL,place_id
98,"Pizza Hut - Paschim Vihar, Delhi","Plot No 1, UGF, Shubham Enclave, Block A, Paschim Vihar, New Delhi, Delhi, India",110063,110063,Yes,New Delhi,Delhi,098733 10117,https://restaurants.pizzahut.co.in/pizza-hut-ph-paschim-vihar-delhi-pizzerias-paschim-vihar-new-delhi-264499/Home,ChIJHZIifTIFDTkR9i6EzRob5Ss,28.6674683,77.0930285,"Pizza Hut | Paschim Vihar, Delhi","Plot No 1, UGF, Shubham Enclave, Block A, Paschim Vihar, New Delhi, Delhi, 110063, India",28.6674683,77.0930285,OPERATIONAL,place_id
99,"Pizza Hut - Puri City Center Ranibagh, Delhi","No 08, Ground Floor, PP City Centre, Pitampura, Rani Bagh, New Delhi, Delhi, India",110034,110034,Yes,New Delhi,Delhi,072900 67641,https://restaurants.pizzahut.co.in/pizza-hut-rani-bagh-pizza-restaurant-rani-bagh-new-delhi-81403/Home,ChIJG1JvRV4DDTkRNMTR7kGoph0,28.6896657,77.1349686,"Pizza Hut | Puri City Center Ranibagh, Delhi","No 08, Ground Floor, PP City Centre, Saint Nagar Delhi, Rani Bagh, Pitampura, New Delhi, Delhi, 110034, India",28.6896657,77.1349686,OPERATIONAL,place_id
100,"Pizza Hut - RK Asram, Delhi","Ground Floor, Food Court, Food Forum, RK Ashram Metro Station, Line 3, Paharganj, New Delhi, Delhi, India",110055,110001,No,New Delhi,Delhi,098990 80281,https://restaurants.pizzahut.co.in/pizza-hut-ph-food-forum-rk-asram-marg-pizzerias-paharganj-new-delhi-271945/Home,ChIJK2NyEqL9DDkR3FKX6XdNzMg,28.639316,77.2084604,"Pizza Hut | RK Asram, Delhi","Ground Floor, Food Court, Food Forum RK Ashram Metro Station, Line 3, Bharat Nagar, Paharganj, New Delhi, Delhi 110001, India",28.639316,77.20846039999999,OPERATIONAL,place_id
101,"Pizza Hut - Ramphal Chowk Dwarka, Delhi","No E561B, Palam Extension, Ramphal Chowk, Dwarka, Sector 7, New Delhi, Delhi, India",110077,110077,Yes,New Delhi,Delhi,089290 39481,https://restaurants.pizzahut.co.in/pizza-hut-ph-ramphal-chowk-dwarka-pizza-restaurant-dwarka-sector-7-new-delhi-130399/Home,ChIJZ4N3QicbDTkRPF6BdLnrt3U,28.5838989,77.0715898,"Pizza Hut | Ramphal Chowk Dwarka, Delhi","No E561B, Palam Extension, Ramphal Chowk Rd, Block E, Palam Extension, Sector 7 Dwarka, Dwarka, New Delhi, Delhi, 110077, India",28.5838989,77.0715898,OPERATIONAL,place_id
102,"Pizza Hut - Rohini Sector 11, Delhi","Unit No 1 & 1B, Garg Trade Centre, Plot No 6, Rohini, Sector 11, New Delhi, Delhi, India",110085,110085,Yes,New Delhi,Delhi,011 4553 6484,https://restaurants.pizzahut.co.in/pizza-hut-ph-sector-11-rohini-pizza-restaurant-rohini-sector-11-new-delhi-175406/Home,ChIJC3mBR2ABDTkROTl2RdyeGbs,28.7344949,77.1139275,"Pizza Hut | Rohini Sector 11, Delhi","Unit No 1 & 1B, Garg Trade Centre, Plot No 6, Sector 11, Rohini, New Delhi, Delhi, 110085, India",28.7344949,77.1139275,OPERATIONAL,place_id
103,"Pizza Hut - Saket, Delhi","No 29, Community Centre, Saket, New Delhi, Delhi, India",110017,110017,Yes,New Delhi,Delhi,098118 73898,https://restaurants.pizzahut.co.in/pizza-hut-saket-pizza-restaurant-saket-new-delhi-22558/Home,ChIJH3FT6fDhDDkRKnwHdz5XSoQ,28.5229813,77.2079664,"Pizza Hut | Saket, Delhi","29, Community Center, Ashok Vihar, Saket, New Delhi, Delhi 110017, India",28.5229813,77.20796639999999,OPERATIONAL,place_id
104,"Pizza Hut - Satya Niketan, Delhi","Shop No 123 & 124, Satya Niketan, Opposite Sri Venkateswara College, New Delhi, Delhi, India",110021,110021,Yes,New Delhi,Delhi,085888 12624,https://restaurants.pizzahut.co.in/pizza-hut-ph-satya-niketan-delhi-pizzerias-satya-niketan-new-delhi-180265/Home,ChIJDUwouhMdDTkRbKTMVBfTEOg,28.5880502,77.1684149,"Pizza Hut | Satya Niketan, Delhi","Shop No 123, & 124, Satya Niketan Rd, opposite Sri Venkateswara College, Moti Bagh II, Satya Niketan, South Moti Bagh, New Delhi, Delhi 110021, India",28.5880502,77.1684149,OPERATIONAL,place_id
105,"Pizza Hut - Sector 12, Dwarka","No G22 & 51, PN 5, Hashtag Food Court, Pocket 8, Block B, Dwarka, Sector 12, Near Metro Station, New Delhi, Delhi, India",110077,110078,No,New Delhi,Delhi,070650 11977,https://restaurants.pizzahut.co.in/pizza-hut-ph-city-centre-mall-sec-12-dwarka-pizza-restaurant-dwarka-sector-12-new-delhi-121520/Home,ChIJdbFS1ugbDTkRRmadpmsEEno,28.592341,77.0413775,"Pizza Hut | Sector 12, Dwarka","No G22 & 51, Hashtag Food Court, PN 5, near Metro Station, Pocket 8, Block B, Sector 12 Dwarka, Dwarka, New Delhi, Delhi, 110078, India",28.592341,77.0413775,OPERATIONAL,place_id
106,"Pizza Hut - Subhash Nagar, New Delhi","2nd Floor, Pacific Mall, Food Court, Subhash Nagar, Near Subhash Nagar Metro Station, New Delhi, Delhi, India",110027,110018,No,New Delhi,Delhi,011 4513 6991,https://restaurants.pizzahut.co.in/pizza-hut-subhash-nagar-pizza-takeaway-subhash-nagar-new-delhi-1435/Home,ChIJNzbmxGMDDTkRVH-iCabgNrA,28.6416562,77.1050475,"Pizza Hut | Subhash Nagar, New Delhi","2nd Floor, Pacific Mall Food Court, Metro Station, near Subhash Nagar, Block 6, Subhash Nagar, New Delhi, Delhi, 110018, India",28.6416562,77.1050475,OPERATIONAL,place_id
107,"Pizza Hut - Tank Road Karol Bagh, Delhi","No 17A & 54, Ajmal Khan Road, Block 10, WEA Tank Road, Karol Bagh, New Delhi, Delhi, India",110005,110005,Yes,New Delhi,Delhi,098992 72578,https://restaurants.pizzahut.co.in/pizza-hut-ph-wea-tank-road-karol-bagh-pizza-restaurant-karol-bagh-new-delhi-130397/Home,ChIJdXF-k2YDDTkR8U74l_VBhOg,28.6459807,77.1906231,"Pizza Hut | Tank Road Karol Bagh, Delhi","No 17A & 54, Ajmal Khan Road, Tank Rd, Block 10, WEA, Karol Bagh, New Delhi, Delhi, 110005, India",28.6459807,77.1906231,OPERATIONAL,place_id
108,Pizza Hut - Tuglakabad Metro Station,,110044,110044,Yes,New Delhi,Delhi,,https://restaurants.pizzahut.co.in/pizza-hut-badarpur-new-delhi-in-delhi-new-dellhi-badarpur-13874/Home,ChIJIwYtut_nDDkRlgh_lk7k7nY,28.5033884,77.2997404,Pizza Hut | Tuglakabad Metro Station,"NH 148NA, Block E, Mohan Cooperative Industrial Estate, Badarpur, New Delhi, Delhi 110044, India",28.5033884,77.29974039999999,OPERATIONAL,place_id
109,"Pizza Hut - Uttam Nagar, Delhi","No 35, Bal Udhyan Road, Prem Nagar, Block E, F Block, Uttam Nagar, New Delhi, Delhi, India",110059,110059,Yes,New Delhi,Delhi,089290 41246,https://restaurants.pizzahut.co.in/pizza-hut-ph-uttam-nagar-new-delhi-pizzerias-uttam-nagar-new-delhi-294178/Home,ChIJkYAOgM0FDTkRech7pMNuKtk,28.6221355,77.0583511,"Pizza Hut | Uttam Nagar, Delhi","35, Bal Udhyan Rd, Prem Nagar, Block E, F Block, Uttam Nagar, New Delhi, Delhi, 110059, India",28.6221355,77.0583511,OPERATIONAL,place_id
110,"Pizza Hut - Vasant Square Mall, Delhi","Shop No 15, I, Vasant Square Mall, Vasant Kunj, New Delhi, Delhi, India",110070,110070,Yes,New Delhi,Delhi,074285 00439,https://restaurants.pizzahut.co.in/pizza-hut-vasant-kunj-pizza-delivery-vasant-kunj-new-delhi-24823/Home,ChIJq_0PkHgeDTkR_csJ2nnLcSs,28.5241247,77.1558743,"Pizza Hut | Vasant Square Mall, Delhi","Shop No 15, I, Vasant Square Mall, Pocket 5, Sector D, Vasant Kunj, New Delhi, Delhi 110070, India",28.5241247,77.1558743,OPERATIONAL,place_id
111,"Pizza Hut - Vegas Mall, Delhi","Plot No 06, T 301, Vegas Mall, Pocket 1, Dwarka, Sector 14, New Delhi, Delhi, India",110078,110078,Yes,New Delhi,Delhi,070650 11699,https://restaurants.pizzahut.co.in/pizza-hut-dwarka-sector-14-pizza-restaurant-dwarka-sector-14-new-delhi-81400/Home,ChIJaQ0OGbMbDTkRHJ7bgy6LXRc,28.601197,77.028962,"Pizza Hut | Vegas Mall, Delhi","Plot No 06, T 301, Vegas Mall, Pocket 1, Sector 14 Dwarka, Dwarka, New Delhi, Delhi, 110078, India",28.601197,77.02896199999999,OPERATIONAL,place_id
112,"Pizza Hut - Vikas Puri, Delhi","G8, Sonia Theatres, Community Centre,Vikaspuri, New Delhi, Delhi, India",110019,110018,No,New Delhi,Delhi,089290 98835,https://restaurants.pizzahut.co.in/pizza-hut-vikaspuri-pizza-restaurant-vikaspuri-new-delhi-1431/Home,ChIJC6GXD-wEDTkRPOvTqamAY3A,28.6388165,77.0744993,"Pizza Hut | Vikas Puri, Delhi","G8, Sonia Theater Private Limited, Community Centre, Block G, Vikaspuri, New Delhi, Delhi, 110018, India",28.6388165,77.0744993,OPERATIONAL,place_id
113,"Pizza Hut - Vivek Vihar, New Delhi","Shop No 101, 1st Floor, Jhilmil Industrial Area, Vivek Vihar, Near Dilshad Garden Metro Station, New Delhi, Delhi, India",110085,110095,No,New Delhi,Delhi,076694 00260,https://restaurants.pizzahut.co.in/pizza-hut-vivek-vihar-new-delhi-in-delhi-new-delhi-near-dilshad-garden-metro-station-61813/Home,ChIJy7mXUqD7DDkRdn_TtkyE8yA,28.6761764,77.3204185,"Pizza Hut | Vivek Vihar, New Delhi","Shop No 101, 1st Floor, near Dilshad Garden Metro Station Lane, Jhilmil Industrial Area, Vivek Vihar, New Delhi, Delhi, 110095, India",28.6761764,77.3204185,OPERATIONAL,place_id
114,"Pizza Hut - Yamuna Vihar, Delhi","No C3/59A, Ground Floor, Service Ln, Blk C, Yamuna Vihar, Shahdara, New Delhi, Delhi, India",110053,110053,Yes,New Delhi,Delhi,098997 08307,https://restaurants.pizzahut.co.in/pizza-hut-ph-yamuna-vihar-delhi-pizza-restaurant-shahdara-new-delhi-129853/Home,ChIJKU7nsJz9DDkRBveuUxBOXQg,28.7017559,77.2795218,"Pizza Hut | Yamuna Vihar, Delhi","No C3/59A, Ground Floor, Main Service Ln, Blk C, Yamuna Vihar, Shahdara, New Delhi, Delhi, 110053, India",28.7017559,77.2795218,OPERATIONAL,place_id
115,"Pizza Hut - Aquem, Goa","GF, Kayji Palladium, 8 & 9, S No 3 to 5, A Block, Gogol Housing Board, Madgaon, Goa, India",403601,403601,Yes,Madgaon,Goa,098990 75025,https://restaurants.pizzahut.co.in/pizza-hut-ph-kayji-palladium-madgaon-pizzerias-margao-margao-275542/Home,ChIJ4bV9GqezvzsR3t8i7V4LVaA,15.2723095,73.9792708,"Pizza Hut | Aquem, Goa","GF, Kayji Palladium, 8 & 9, S No 3 to 5, A Block, Gogol Housing Board, Margao, Davorlim, Goa 403601, India",15.2723095,73.9792708,OPERATIONAL,place_id
116,"Pizza Hut - Fatorda, Goa","Arc E Wing, Osia Commercial, SGPDA Market Complex, E1 to E4, E13 to E16, Madgaon, Goa, India",403601,403601,Yes,Madgaon,Goa,086556 89171,https://restaurants.pizzahut.co.in/pizza-hut-fatorda-pizza-restaurant-sgpda-market-complex-margao-1451/Home,ChIJDxR1RuCzvzsRCZkgfmopY0Q,15.2856057,73.9583921,"Pizza Hut | Fatorda, Goa","Arc E Wing, Osia Commercial, SGPDA Market Complex, E1 to E4, E13 to E16, Margao, Goa 403601, India",15.2856057,73.9583921,OPERATIONAL,place_id
117,"Pizza Hut - Mapusa, Goa","Shop No S1 & S2, Morod, Mapusa, Opposite Norberts Fitness, North Goa, Goa, India",403507,403507,Yes,North Goa,Goa,098990 71942,https://restaurants.pizzahut.co.in/pizza-hut-ph-morod-mapusa-goa-pizzerias-mapusa-north-goa-271850/Home,ChIJrTyENg3rvzsR-3zGvVUAwZM,15.5840402,73.8116886,"Pizza Hut | Mapusa, Goa","Shop No, S1 & S2, opposite Norberts Fitness, Morod, Mapusa, Goa 403507, India",15.5840402,73.8116886,OPERATIONAL,place_id
118,"Pizza Hut - Patto Colony, Panaji","Predio Abilio Coelho Pereira, Avenida Dom João de Castro, Patto Colony, Near Head Post Office, Panaji, Goa, India",403001,403001,Yes,Panaji,Goa,086556 89215,https://restaurants.pizzahut.co.in/pizza-hut-patto-colony-panaji-in-goa-panaji-near-head-post-office-43755/Home,ChIJ8VlX9wHBvzsRqdu_HbaDhhw,15.4998614,73.8320989,"Pizza Hut | Patto Colony, Panaji","Predio Abilio Coelho Pereira, Avenida Dom João de Castro, Near Head Post Office, Patto Colony, Panaji, Goa 403001, India",15.4998614,73.83209889999999,OPERATIONAL,place_id
119,"Pizza Hut - Taleigao, Panaji",,403206,403004,No,Panaji,Goa,,https://restaurants.pizzahut.co.in/pizza-hut-taleigao-panaji-in-goa-panaji-taleigao-83369/Home,ChIJuwyl42LBvzsRjS7-0BaiiGY,15.458132,73.807228,"Pizza Hut | Taleigao, Panaji","Shop no 6, Prestige Ocean Crest, Dr E Borges Rd, opposite NIO Colony, Dona Paula Jetty, Panaji, Durgavado, Goa 403004, India",15.458132,73.807228,OPERATIONAL,place_id
120,"Pizza Hut - Porvorim, Goa","House No 250B, NH 66,Alto Porvorim, Opposite O'Coquiero, Porvorim, Goa, India",403521,403521,Yes,Porvorim,Goa,089768 83074,https://restaurants.pizzahut.co.in/pizza-hut-alto-porvorim-pizza-restaurant-alto-porvorim-porvorim-36110/Home,ChIJNT5nBIXBvzsRVMUKhwoGyGk,15.5317341,73.8240454,"Pizza Hut | Porvorim, Goa","House No 250B, NH 66, opposite O'Coquiero, Alto Porvorim, Porvorim, Salvador du Mundu, Goa 403521, India",15.5317341,73.8240454,OPERATIONAL,place_id
121,"Pizza Hut - Porvorim, Goa","No TF4, 3rd Floor, Nova Cidade Complex, Sy No 73/1, Bardez, Alto- Betim Porvorim, Porvorim, Goa, India",403521,403521,Yes,Porvorim,Goa,1800 202 2022,https://restaurants.pizzahut.co.in/pizza-hut-porvorim-goa-in-goa-porvorim-alto-betim-porvorim-25416/Home,ChIJbdMqbprBvzsRuX9qPluhfvM,15.525662,73.827381,"Pizza Hut | Porvorim, Goa","No TF4, 3rd Floor, Nova Cidade Complex, Sy No 73/1, Bardez, Alto- Betim Porvorim, Porvorim, Penha de Franc, Goa 403521, India",15.525662,73.827381,OPERATIONAL,place_id
122,"Pizza Hut - Mormugao, South Goa","Shop No 38 & 40, No 8/1, Umiya Quatro, Plot No C, Commercial Block, Mormugao, Near Airport Dabolim, South Goa, Goa, India",403801,403711,No,South Goa,Goa,086556 89190,https://restaurants.pizzahut.co.in/pizza-hut-debolim-goa-pizzerias-mormugao-south-goa-275676/Home,ChIJbaQmUIa5vzsRjxrKDp2H2yI,15.386671,73.844651,"Pizza Hut | Mormugao, South Goa","Shop No 38 & 40, No 8/1, Umiya Quatro, Plot No C, Commercial Block, near Airport, Green Valley, Mormugao, Dabolim, Goa 403711, India",15.386671,73.84465100000001,OPERATIONAL,place_id
123,"Pizza Hut - Dabolim - Cavelossim Rd, Vaneli",,403708,403708,Yes,Vaneli,Goa,,https://restaurants.pizzahut.co.in/pizza-hut-dabolim-cavelossim-rd-vaneli-in-goa-vaneli-dabolim-cavelossim-rd-63026/Home,ChIJEbkHt_y1vzsRYbdcqc7ZKyU,15.271212,73.928105,"Pizza Hut | Dabolim - Cavelossim Rd, Vaneli","L&L, Florida Garden, Dabolim - Cavelossim Rd, Vaneli, Goa 403708, India",15.271212,73.928105,OPERATIONAL,place_id
124,"Pizza Hut - Vasco Da Gama, Goa",,403802,403802,Yes,Vasco Da Gama,Goa,,https://restaurants.pizzahut.co.in/pizza-hut-vasco-da-gama-goa-in-goa-vasco-da-gama-vaddem-22288/Home,ChIJt5HtfS7HvzsRtD3BcMwxzwg,15.3971447,73.8129715,"Pizza Hut | Vasco Da Gama, Goa","1930, Swatantra Path, opp. The HQ, Vaddem, Vasco Da Gama, Goa 403802, India",15.3971447,73.8129715,OPERATIONAL,place_id
125,"Pizza Hut - Ashram Road, Ahmedabad","No 956, Grnd Flr, City Gold Multiplex, Ashram Road, Next to McDonalds, Navrangpura, Ahmedabad, Gujarat, India",380009,380009,Yes,Ahmedabad,Gujarat,098993 22702,https://restaurants.pizzahut.co.in/pizza-hut-ashram-road-pizza-delivery-ashram-road-ahmedabad-1199/Home,ChIJy8S-51iEXjkRPW_koTdoSXY,23.0321103,72.5701855,"Pizza Hut | Ashram Road, Ahmedabad","Grnd Flr, City Gold Multiplex, 956, Ashram Rd, next to McDonalds, Muslim Society, Navrangpura, Ahmedabad, Gujarat 380009, India",23.0321103,72.5701855,OPERATIONAL,place_id
126,"Pizza Hut - Bapunagar, Ahmedabad","Shop No 28/29, Shakti Dhara Complex, Bapunagar, Opposite Kakadia Hospital, Ahmedabad, Gujarat, India",380024,382350,No,Ahmedabad,Gujarat,073049 69147,https://restaurants.pizzahut.co.in/pizza-hut-bapunagar-ahmedabad-in-gujarat-ahmedabad-opposite-kakadia-hospital-24725/Home,ChIJz9TY5qOHXjkR3fURMkPjV_Q,23.040183,72.631265,"Pizza Hut | Bapunagar, Ahmedabad","Shop No 28/29, Shakti Dhara Complex, opposite Kakadia Hospital, Shaktidhara Society, Bapunagar, Ahmedabad, Gujarat 382350, India",23.040183,72.631265,OPERATIONAL,place_id
127,"Pizza Hut - Char Rasta, Ahmedabad","Shop No 10 to 12, Gr Flr, Hilltown Plaza, Nikol Ring Road, Char Rasta, Nikol, Near Amarjawan Circle, Ahmedabad, Gujarat, India",382350,380049,No,Ahmedabad,Gujarat,086554 72381,https://restaurants.pizzahut.co.in/pizza-hut-nikol-pizzerias-nikol-ahmedabad-287988/Home,ChIJNyUn77mHXjkRgD3AjHZZ35A,23.0382619,72.677636,"Pizza Hut | Char Rasta, Ahmedabad","Shop No 10 to 12, Gr Flr, Hilltown Plaza, Ring Road, near Amar Jawan Circle, Char Rasta, Nikol, Ahmedabad, Gujarat 380049, India",23.0382619,72.67763599999999,OPERATIONAL,place_id
128,"Pizza Hut - Maninagar, Ahmedabad","SN 1, Gr Flr, Rajdeep Dream Building, Pushpakunj, Maninagar, Beside IDBI Bank, Ahmedabad, Gujarat, India",380008,380028,No,Ahmedabad,Gujarat,086556 89165,https://restaurants.pizzahut.co.in/pizza-hut-ph-maninagar-pizza-restaurant-maninagar-ahmedabad-132663/Home,ChIJq0FV9l6FXjkRHZWnI0Dhnms,23.0020366,72.5992121,"Pizza Hut | Maninagar, Ahmedabad","SN 1, Gr, Dream Building, Rajdeep Apartment, beside IDBI Bank, Prankunj Society, Pushpkunj, Maninagar, Ahmedabad, Gujarat 380028, India",23.0020366,72.5992121,OPERATIONAL,place_id
129,"Pizza Hut - Prahlad Nagar, Ahmedabad","Ground Floor, TOWER-A, A 8, Prahlad Nagar, Ahmedabad, Gujarat, India",380015,380015,Yes,Ahmedabad,Gujarat,089768 83075,https://restaurants.pizzahut.co.in/pizza-hut-prahlad-nagar-pizza-restaurant-prahlad-nagar-ahmedabad-23034/Home,ChIJsa-iVyibXjkRk-m79FhmrIg,23.0123168,72.5111086,"Pizza Hut | Prahlad Nagar, Ahmedabad","Ground Floor, TOWER-A, A 8, Chinar Bungalows, Prahlad Nagar, Ahmedabad, Gujarat 380015, India",23.0123168,72.5111086,OPERATIONAL,place_id
130,"Pizza Hut - SG Highway, Ahmedabad","Unit No FH 7, 5th Floor, Palladium, SG Highway, Thaltej, Ahmedabad, Gujarat, India",380054,380054,Yes,Ahmedabad,Gujarat,086556 89200,https://restaurants.pizzahut.co.in/pizza-hut-ph-phoenix-mall-pizzerias-thaltej-ahmedabad-264892/Home,ChIJlYv2SBaDXjkRpOm6C36QnpE,23.057807,72.521134,"Pizza Hut | SG Highway, Ahmedabad","Unit No FH 7, 5th Floor, Palladium, Sarkhej - Gandhinagar Hwy, Thaltej, Ahmedabad, Gujarat 380054, India",23.057807,72.52113400000002,OPERATIONAL,place_id
131,"Pizza Hut - Sardar Vallabhbhai Patel Int Airport, Ahmedabad","Sardar Vallabhbhai Patel Intnl Airport, Arrival, Hansol, Ahmedabad, Gujarat, India",380003,382475,No,Ahmedabad,Gujarat,095490 83170,https://restaurants.pizzahut.co.in/pizza-hut-sardar-vallabhbhai-patel-int-airport-ahmedabad-in-gujarat-ahmedabad-hansol-41308/Home,ChIJiUjtbFGBXjkRKjWOvcJoTZE,23.0745271,72.6237127,"Pizza Hut | Sardar Vallabhbhai Patel Int Airport, Ahmedabad","Sardar Vallabhbhai Patel International Airport, Int'l Airport Rd, Arrival, Hansol, Ahmedabad, Gujarat 382475, India",23.0745271,72.6237127,OPERATIONAL,place_id
132,"Pizza Hut - Science City, Ahmedabad","Shop/Unit No 2B, Gr Flr, The Obelisk, Science City Sola Road, Sola, Near Science City Cross Road, Ahmedabad, Gujarat, India",380060,380060,Yes,Ahmedabad,Gujarat,089760 83455,https://restaurants.pizzahut.co.in/pizza-hut-pizza-hut-science-city-pizza-restaurant-sola-ahmedabad-118013/Home,ChIJYSPOROOdXjkRqmnKxWYx5DQ,23.0799942,72.5012306,"Pizza Hut | Science City, Ahmedabad","Shop/Unit No 2B, Gr Flr, The Obelisk Science City, Cross, Road, near Science City Road, Sola, Ahmedabad, Gujarat 380060, India",23.0799942,72.5012306,OPERATIONAL,place_id
133,"Pizza Hut - South Bopal, Ahmedabad","Amrapali Axiom, SP Ring Road, Ahmedabad, Gujarat, India",380058,380058,Yes,Ahmedabad,Gujarat,079 4032 9758,https://restaurants.pizzahut.co.in/pizza-hut-sp-ring-road-pizza-delivery-sp-ring-road-ahmedabad-34354/Home,ChIJ-_EY_nqbXjkRBIzxl8Yz6dE,23.0266872,72.476956,"Pizza Hut | South Bopal, Ahmedabad","Amrapali Axiom, Sardar Patel Ring Rd, Ambli, Ahmedabad, Gujarat 380058, India",23.0266872,72.476956,OPERATIONAL,place_id
134,"Pizza Hut - Tapovan Circle, Ahmedabad","No 2, Ground Floor, Atishay Prism, Tapovan Circle, Visat Koba Rd, Chandkheda, Ahmedabad, Gujarat, India",382424,382424,Yes,Ahmedabad,Gujarat,089760 75163,https://restaurants.pizzahut.co.in/pizza-hut-chandkheda-pizza-restaurant-chandkheda-ahmedabad-92396/Home,ChIJC2PyygCDXjkReVfG5mbfNCA,23.1189837,72.6133723,"Pizza Hut | Tapovan Circle, Ahmedabad","No 2, Ground Floor, Atishay Prism Tapovan Circle, Visat, Koba Rd, Nigam Nagar, Chandkheda, Ahmedabad, Gujarat 382424, India",23.1189837,72.6133723,OPERATIONAL,place_id
135,"Pizza Hut - Vandemataram Road, Ahmedabad","No G2, Savvy Swaraaj Sports Club, Vandemataram, Godrej Garden City Rd, Gota, Ahmedabad, Gujarat, India",382481,382470,No,Ahmedabad,Gujarat,079 4100 6889,https://restaurants.pizzahut.co.in/pizza-hut-vande-matram-pizza-restaurant-gota-ahmedabad-128601/Home,ChIJ7QMc4t6DXjkRQfr1r6bOhzs,23.1040899,72.5497527,"Pizza Hut | Vandemataram Road, Ahmedabad","No G2, Sports Club Vandemataram, SAVVY SWARAAJ, Godrej Garden City Rd, Gota, Ahmedabad, Gujarat 382470, India",23.1040899,72.5497527,OPERATIONAL,place_id
136,"Pizza Hut - Vastrapur, Ahmedabad","3rd Flr, Nexus Ahmedabad One Mall TP, 216, Lake, near Vastrapur, Scheme 01, Vastrapur, Ahmedabad, Gujarat, India",380054,380054,Yes,Ahmedabad,Gujarat,086558 41200,https://restaurants.pizzahut.co.in/pizza-hut-nexus-ahmedabad-one-mall-pizza-restaurant-vastrapur-ahmedabad-297438/Home,ChIJKwXLgUSFXjkR5Ren2fC2AHk,23.040254,72.5315,"Pizza Hut | Vastrapur, Ahmedabad","3rd Flr, Nexus Ahmedabad One Mall TP, 216, Lake, near Vastrapur, Scheme 01, Vastrapur, Ahmedabad, Gujarat 380054, India",23.040254,72.5315215,OPERATIONAL,place_id
137,"Pizza Hut - Vitthal Udyognagar, Anand","Shop No 25/26, GF, Maruti Solaris Mall, Sujitra Road, Near Madhubhan Resort, Anand, Gujarat, India",388001,388120,No,Anand,Gujarat,086558 41226,https://restaurants.pizzahut.co.in/pizza-hut-sujitra-road-pizza-restaurant-sujitra-road-anand-44207/Home,ChIJU2xEC91NXjkRL8EY4e6K-YA,22.5421315,72.9476908,"Pizza Hut | Vitthal Udyognagar, Anand","Shop No 25/26, GF, Maruti Solaris Mall, Sujitra Road, near Madhubhan Resort, Vithal Udyognagar, GIDC, Anand, Gujarat 388120, India",22.5421315,72.9476908,OPERATIONAL,place_id
138,"Pizza Hut - Callista Mall, Bardoli","Callista The Mall, Baben, Near Vidhyabharati College, Bardoli, Gujarat, India",394601,394601,Yes,Bardoli,Gujarat,081408 64374,https://restaurants.pizzahut.co.in/pizza-hut-ph-bardoli-pizza-restaurant-baben-bardoli-129248/Home,ChIJzWLt5kpn4DsRa5yEksvvgqo,21.1489813,73.0892674,"Pizza Hut | Callista Mall, Bardoli","Callista The Mall, near Vidhyabharati College, Baben, Bardoli, Gujarat 394601, India",21.1489813,73.0892674,OPERATIONAL,place_id
139,"Pizza Hut - Aerodrome Road, Gandhidham","Unit No 1 & 2, Gr Flr, Aura Building, PN 23, Ward 6 Commercial, Airport Road, Besides Om Cineplex, Gandhidham, Gujarat, India",370201,370205,No,Gandhidham,Gujarat,089768 84868,https://restaurants.pizzahut.co.in/pizza-hut-ph-gandhidham-pizza-restaurant-airport-road-gandhidham-167662/Home,ChIJqXtvphy5UDkRe9oRYHvwtaA,23.0762991,70.1074212,"Pizza Hut | Aerodrome Road, Gandhidham","Unit No 1 & 2, Gr Flr, Aura Building PN 23, Ward 6 Commercial, Airport Road Besides Om Cineplex, Ward 7, Gandhidham, Gujarat 370205, India",23.0762991,70.10742119999999,OPERATIONAL,place_id
140,"Pizza Hut - Gandhinagar, Ahmedabad","GF, Pramukh Mastana Arcade, UN 1 to 6, Gandhinagar - Kudasan Road, Urja Ngr, Kudasan, Gandhinagar, Gujarat, India",382421,382419,No,Gandhinagar,Gujarat,089768 83073,https://restaurants.pizzahut.co.in/pizza-hut-gandhi-ngr-pizza-restaurant-gandhi-ngr-gandhinagar-93175/Home,ChIJqzx3OhIrXDkRR4wwuKjHgjs,23.1853401,72.6334284,"Pizza Hut | Gandhinagar, Ahmedabad","GF, Pramukh Mastana Arcade, UN 1 to 6, Gandhinagar - Kudasan Rd, Urja Ngr, Kudasan, Gandhinagar, Gujarat 382419, India",23.1853401,72.6334284,OPERATIONAL,place_id
141,"Pizza Hut - PN Marg, Jamnagar","Shop No 1, Ground Floor, HB Empire, PN Marg, Jamnagar, Opposite Dhanvantri Ground, Jamnagar, Gujarat, India",361008,361006,No,Jamnagar,Gujarat,098993 19183,https://restaurants.pizzahut.co.in/pizza-hut-ph-hb-empire-jamnagar-pizza-restaurant-jamnagar-jamnagar-125852/Home,ChIJyXwlQKVrVzkRlHUcvtJb1x0,22.479446,70.062303,"Pizza Hut | PN Marg, Jamnagar","Shop No 1, Ground Floor, HB Empire, Pandit Nehru Marg, opposite Dhanvantri Ground, Indradeep Society, Jamnagar, Gujarat 361006, India",22.479446,70.062303,OPERATIONAL,place_id
142,"Pizza Hut - Shree Hari Complex, Nadiad","Unit No 2, Shree Hari Complex, Uttar Sanda Road, Opposite Kokran Temple, Nadiad, Gujarat, India",387001,387003,No,Nadiad,Gujarat,086556 89196,https://restaurants.pizzahut.co.in/pizza-hut-pizza-hut-nadiad-pizza-restaurant-uttar-sanda-road-nadiad-175142/Home,ChIJGSP0x3dbXjkR4Ys9HM2xjBY,22.674656,72.882339,"Pizza Hut | Shree Hari Complex, Nadiad","Unit No 2, Shree Hari Complex, Uttarsanda Rd, opposite Kokran Temple, Nadiad, Gujarat 387003, India",22.674656,72.882339,OPERATIONAL,place_id
143,"Pizza Hut - Naval Nagar, Rajkot","Ground Floor, R World Inox, Kasturba Road, Naval Nagar, Rajkot, Gujarat, India",360001,360001,Yes,Rajkot,Gujarat,089760 83765,https://restaurants.pizzahut.co.in/pizza-hut-naval-nagar-rajkot-in-gujarat-rajkot-naval-nagar-11737/Home,ChIJhd3rXiXJWTkRpnylTLChB3k,22.302548,70.796334,"Pizza Hut | Naval Nagar, Rajkot","Ground Floor, R World Inox, Kasturba Rd, Naval Nagar, Sadar, Rajkot, Gujarat 360001, India",22.302548,70.796334,OPERATIONAL,place_id
144,"Pizza Hut - Raiya Chowk, Rajkot","No 13 & 14, Gr Flr, Westgate 1 Building, 150 Feet Ring Road, Raiya Chowk, Rajkot, Gujarat, India",360007,360007,Yes,Rajkot,Gujarat,089760 83328,https://restaurants.pizzahut.co.in/pizza-hut-ph-rajkot-pizzerias-raiya-chowk-rajkot-274999/Home,ChIJiQhVrWnJWTkRQcpe0gJsULQ,22.299173,70.769119,"Pizza Hut | Raiya Chowk, Rajkot","No 13 & 14, Gr Flr, Westgate 1 Building, 150 Feet Ring Rd, Raiya Chowk, Tirupati Nagar, Rajkot, Gujarat 360007, India",22.299173,70.769119,OPERATIONAL,place_id
145,"Pizza Hut - Edifice Mall, Silvassa","No 185P, Edifice The Mal, Gujarat State Hwy, Prithviraj Chauhan Marg, Silvassa, Gujarat, India",396230,396230,Yes,Silvassa,Gujarat,098993 05604,https://restaurants.pizzahut.co.in/pizza-hut-edifice-mall-silvassa-pizza-restaurant-prithviraj-chauhan-marg-silvassa-301874/Home,ChIJAXqAdDjL4DsR6C-V2ebCKdg,20.2716944,72.9915409,"Pizza Hut | Edifice Mall, Silvassa","No 185P, Edifice The Mal Gujarat State Hwy, Prithviraj Chauhan Marg, Silvassa, Gujarat 396230, India",20.2716944,72.99154089999999,OPERATIONAL,place_id
146,"Pizza Hut - Atlanta Mall, Surat","Shop No 40, 41 & 43, Atlanta Mall, Mota Varacha, Surat, Gujarat, India",394101,394101,Yes,Surat,Gujarat,086558 41198,https://restaurants.pizzahut.co.in/pizza-hut-ph-mota-varacha-pizzerias-mota-varacha-surat-297997/Home,ChIJjV0Uuj5P4DsRalSapeFkod4,21.238806,72.879844,"Pizza Hut | Atlanta Mall, Surat","Shop No 40, 41 & 43, Atlanta Mall, Mota Varachha, Surat, Gujarat 394101, India",21.238806,72.87984399999999,OPERATIONAL,place_id
147,"Pizza Hut - Parvatpatiya, Surat","S No G21, G22 & B1, Gr Flr, The Palace, Godadara Road, Parvat Patia, Opposite Capital Square, Surat, Gujarat, India",395010,395012,No,Surat,Gujarat,086556 89169,https://restaurants.pizzahut.co.in/pizza-hut-ph-parvatpatia-surat-pizza-restaurant-parvat-patia-surat-175141/Home,ChIJ_Rcdpm5P4DsRZPXs1SLpTD8,21.183011,72.871054,"Pizza Hut | Parvatpatiya, Surat","S No G21, G22 & B1, Gr Flr, The Palace, Godadara Rd, opposite Capital Square, Parvat Patiya, Surat, Gujarat 395012, India",21.183011,72.871054,OPERATIONAL,place_id
148,"Pizza Hut - Piplod, Surat","No 1C, Ground Floor, Rahul Raj Mall, Dumbas Road, Piplod, Surat, Gujarat, India",395007,395007,Yes,Surat,Gujarat,086556 89252,https://restaurants.pizzahut.co.in/pizza-hut-ph-rr-mall-pizza-restaurant-piplod-surat-305593/Home,ChIJj7ez-o9N4DsRyeOoxtLa3CE,21.1555716,72.7665855,"Pizza Hut | Piplod, Surat","Ground Floor, Rahul Raj Mall, No 1C, Dumas Rd, Piplod, Surat, Rundh, Gujarat 395007, India",21.1555716,72.76658549999999,OPERATIONAL,place_id
149,"Pizza Hut - Tribhuvan, Surat","OB/1, Tribhuvan Complex, Ghod Dod Road, Next to Baskin Robbins, Surat, Gujarat, India",395007,395007,Yes,Surat,Gujarat,095126 42270,https://restaurants.pizzahut.co.in/pizza-hut-ghod-dod-road-pizza-restaurant-ghod-dod-road-surat-1132/Home,ChIJsVybzN9N4DsRUTHGvf3MwWU,21.174878,72.8014033,"Pizza Hut | Tribhuvan, Surat","Tribhuvan Complex, OB/1, Ghod Dod Rd, next to Baskin Robbins, Athwa, Surat, Gujarat 395007, India",21.174878,72.80140329999999,OPERATIONAL,place_id
150,"Pizza Hut - Vesu, Surat","Ground floor, Shop no. 32 & 33, Palladium, VIP road, Vesu, Surat, Gujarat, India",395007,395007,Yes,Surat,Gujarat,089760 75561,https://restaurants.pizzahut.co.in/pizza-hut-vesu-surat-in-gujarat-surat-vesu-31435/Home,ChIJPQfLwV9T4DsRdMji_v7neKs,21.144037,72.796067,"Pizza Hut | Vesu, Surat","Ground floor, Shop no. 32 & 33, Palladium, VIP Rd, Vesu, Surat, Gujarat 395007, India",21.144037,72.796067,OPERATIONAL,place_id
151,Pizza Hut - Adajan Gam LP Savani,,380050,380050,Yes,"Umra Bridge, Adajan Gam",Gujarat,,https://restaurants.pizzahut.co.in/pizza-hut-in-gujarat-umra-bridge-adajan-gam-adajan-gam-36844/Home,ChIJF5GI7dlN4DsR4fT2IMO_JzE,21.1853643,72.7832099,Pizza Hut | Adajan Gam LP Savani,"Shop No-101, The Galleria Shopping Hub, F.F, Pal - Umra Bridge, Adajan Gam, Surat, Gujarat 380050, India",21.1853643,72.7832099,OPERATIONAL,place_id
152,"Pizza Hut - Akota, Vadodara","FP 2B, TP1, Ground Floor, Pushti Complex, Old Padra Road, Akota, Vadodara, Gujarat, India",390020,390007,No,Vadodara,Gujarat,086554 72382,https://restaurants.pizzahut.co.in/pizza-hut-op-road-pizzerias-akota-vadodara-287989/Home,ChIJLUi_6OPHXzkRkysyAsabj98,22.2824901,73.165734,"Pizza Hut | Akota, Vadodara","TP1, Ground Floor, Pushti Complex, FP 2B, Old Padra Rd, Akota, Vadodara, Gujarat 390007, India",22.2824901,73.165734,OPERATIONAL,place_id
153,"Pizza Hut - Akota, Vadodara","Shop No 24, Ground Floor, Crossway Mall, Shanadevi Marg, Dandia Bazar Rd, Akota, Vadodara, Gujarat, India",390001,390001,Yes,Vadodara,Gujarat,086558 41197,https://restaurants.pizzahut.co.in/pizza-hut-ph-akota-pizza-restaurant-akota-vadodara-167661/Home,ChIJiyz8szXPXzkRdTObO5L3dyY,22.3002301,73.194614,"Pizza Hut | Akota, Vadodara","Shop No 24, Ground Floor, Crossway Mall Shanadevi Marg, Dandia Bazaar Rd, Akota, Vadodara, Gujarat 390001, India",22.3002301,73.194614,OPERATIONAL,place_id
154,"Pizza Hut - Eva Mall, Vadodara","SN TF 11, 3rd Floor, Eva Mall, Manjalpur, Near Saraswati Cplx, Vadodara, Gujarat, India",390011,390011,Yes,Vadodara,Gujarat,089768 83072,https://restaurants.pizzahut.co.in/pizza-hut-manjalpur-pizza-restaurant-manjalpur-vadodara-22450/Home,ChIJtRf9LNzFXzkR0IHxxX6aBu4,22.2735625,73.1887773,"Pizza Hut | Eva Mall, Vadodara","SN TF 11, 3rd Floor, Eva Mall, near Saraswati Complex, Vaishnavdevi society, Manjalpur, Vadodara, Gujarat 390011, India",22.2735625,73.1887773,OPERATIONAL,place_id
155,"Pizza Hut - Inorbit Mall, Vadodara","Unit no kiosk 9 Inorbt Mall, Alembic Rd, Gorwa, Vadodara, Gujarat, India",390023,390023,Yes,Vadodara,Gujarat,097277 59092,https://restaurants.pizzahut.co.in/pizza-hut-gorwa-pizza-restaurant-gorwa-vadodara-44218/Home,ChIJ5W92YTbJXzkRdBpSTWGEHsE,22.3223868,73.1655552,"Pizza Hut | Inorbit Mall, Vadodara","Unit no kiosk 9, Inorbt Mall, Alembic Rd, Gorwa, Vadodara, Gujarat 390023, India",22.3223868,73.1655552,OPERATIONAL,place_id
156,"Pizza Hut - Nilamber Triumph Mall, Vadodara","Shop No 7 & 8, Gr Flr, Nilamber Triumph, Vasna Gotri Road, Nilamber Circle, Vadodara, Gujarat, India",390007,391410,No,Vadodara,Gujarat,086556 89216,https://restaurants.pizzahut.co.in/pizza-hut-nilamber-circle-pizza-restaurant-nilamber-circle-vadodara-93174/Home,ChIJ3wNGkMrJXzkRJVTDex0WoBY,22.3014786,73.1388495,"Pizza Hut | Nilamber Triumph Mall, Vadodara","Shop No 7 & 8, Gr Flr, Nilamber Triumph, Nilambar Circle, Gotri - Vasna Rd, Saiyed Vasna, Vadodara, Gujarat 391410, India",22.3014786,73.13884949999999,OPERATIONAL,place_id
157,"Pizza Hut - Racecourse, Vadodara","Shop No 31A & 31B, GF, Trivia Complex, Natubhai Circle, Racecourse, Vadodara, Gujarat, India",390007,390007,Yes,Vadodara,Gujarat,089768 84951,https://restaurants.pizzahut.co.in/pizza-hut-ph-trivia-mall-pizzerias-racecourse-vadodara-273311/Home,ChIJ5TXjSb3JXzkR70UqfUVUiJA,22.3096733,73.1590233,"Pizza Hut | Racecourse, Vadodara","Shop No 31A & 31B, GF, Trivia Complex, Natubhai Cir, Race Course, Vadiwadi, Vadodara, Gujarat 390007, India",22.3096733,73.1590233,OPERATIONAL,place_id
158,"Pizza Hut - Sama Savli Road, Vadodara","Shop No 1, 2, 101 & 102 Lotus Aura 2, Sama Savli Road, Opposite Lilleria Party Plot, Vadodara, Gujarat, India",390024,390024,Yes,Vadodara,Gujarat,086558 41215,https://restaurants.pizzahut.co.in/pizza-hut-ph-sama-salvi-vadodara-pizza-restaurant-sama-savli-road-vadodara-167660/Home,ChIJ2RpyFtfPXzkR5jxi50BN-gw,22.355651,73.199057,"Pizza Hut | Sama Savli Road, Vadodara","Shop No 1, 2, 101 & 102 Lotus Aura, 2, Sama - Savli Rd, opposite Lilleria Party Plot, Vemali, Vadodara, Gujarat 390024, India",22.355651,73.199057,OPERATIONAL,place_id
159,"Pizza Hut - Uma Chaar Rasta Waghodia Rd, Vadodra","No 2 Ground Floor, Gajanand Society, Uma Cross Road, Waghodia Road, Near Shrinathji Society, Vadodara, Gujarat, India",390019,390019,Yes,Vadodara,Gujarat,081413 42164,https://restaurants.pizzahut.co.in/pizza-hut-ph-uma-charrasta-pizza-restaurant-waghodia-road-vadodara-129247/Home,ChIJ4QnXpTjFXzkRU4NB8o5w_5M,22.3010029,73.2296437,"Pizza Hut | Uma Chaar Rasta Waghodia Rd, Vadodra","No 2 Ground Floor, Gajanand Society Uma Cross Road, Waghodia Rd, near Shreenathji Society, Jay Ranchod Society 3, Chandranagar Society, Satyam Park Society, Vadodara, Gujarat 390019, India",22.3010029,73.2296437,OPERATIONAL,place_id
160,"Pizza Hut - Sai Leela Mall, Valsad","Shop No 06 to 08, Sai Leela Mall, Sonanagar, Abrama, Valsad, Gujarat, India",396001,396001,Yes,Valsad,Gujarat,086556 89168,https://restaurants.pizzahut.co.in/pizza-hut-pizza-hut-fcd-pizza-restaurant-sonanagar-abrama-valsad-124673/Home,ChIJc8ioqprD4DsRIFebUusMq4w,20.5944669,72.9343058,"Pizza Hut | Sai Leela Mall, Valsad","Shop No 06 to 08, Sai Leela Mall, Sonanagar, Abrama, Gujarat 396001, India",20.5944669,72.93430579999999,OPERATIONAL,place_id
161,"Pizza Hut - Galaxy, Vapi","Hotel Fortune Galaxy, GIDC, NH 8, Vapi, Gujarat, India",396195,396195,Yes,Vapi,Gujarat,1800 202 2022,https://restaurants.pizzahut.co.in/pizza-hut-nh-8-pizza-restaurant-nh-8-vapi-1159/Home,ChIJ_WAUtjXO4DsRrOGLZX5Add4,20.374011,72.9202887,"Pizza Hut | Galaxy, Vapi","Hotel Fortune Park, NH 8, GIDC Housing Board Colony, Vapi East, GIDC, Vapi, Gujarat 396195, India",20.374011,72.9202887,OPERATIONAL,place_id
162,"Pizza Hut - Cantt, Ambala","S No 9 & 180/1 to 3, Minerva Cinema Cplx, Rai Market Road, Ambala Cantt, Opposite Indira Park, Ambala, Haryana, India",133001,133001,Yes,Ambala,Haryana,089292 42081,https://restaurants.pizzahut.co.in/pizza-hut-ph-rai-market-ambala-cantt-pizza-restaurant-ambala-cantt-ambala-130401/Home,ChIJZSRAU563DzkRLiBxQsOc5Mk,30.341879,76.838098,"Pizza Hut | Cantt, Ambala","S No 9 & 180/1 to 3, Minerva Cinema Cplx, Rai Market Rd, opposite Indira Park, Palledar Mohalla, Football Chowk, Ambala Cantt, Haryana 133001, India",30.341879,76.838098,OPERATIONAL,place_id
163,"Pizza Hut - Sector 10, Ambala","Shop No 5, 9 & 23, Vatika City Central, Dividing Road, Sector 10, Ambala, Haryana, India",134003,134003,Yes,Ambala,Haryana,078350 47266,https://restaurants.pizzahut.co.in/pizza-hut-sector-10-ambala-in-haryana-ambala-sector-10-83910/Home,ChIJmzc5m1zJDzkRxXBBlYn0Lao,30.353022,76.780674,"Pizza Hut | Sector 10, Ambala","Shop No 5, 9 & 23, Vatika City Central, Dividing Road, Sector 10, Ambala, Haryana 134003, India",30.353022,76.78067399999999,OPERATIONAL,place_id
164,Pizza Hut - Triple Metroplex Bahadurgarh,"SN 5, Kh No 433/1, Triple Metroplex, Kh No 433/1, Main Rohtak Rd, Opposite Metro Pillar no 888, Bahadurgarh, Haryana, India",124507,124507,Yes,Bahadurgarh,Haryana,070650 11388,https://restaurants.pizzahut.co.in/pizza-hut-main-rohtak-rd-pizzerias-main-rohtak-rd-bahadurgarh-25918/Home,ChIJa-3wT3kJDTkRHBbvTKSmfto,,,Pizza Hut | Triple Metroplex Bahadurgarh,"SN 5, Kh No 433/1, Triple Metroplex Kh No 433/1, Main Rohtak Rd, opposite Metro Pillar no 888, Mahavir Park, Bahadurgarh, Haryana 124507, India",28.6965643,76.92051839999999,OPERATIONAL,text search
165,"Pizza Hut - Crown Interior Mall, Faridabad","Shop No 19 & 20, Crown Interiorz Mall, Mathura Rd, Faridabad, Haryana, India",121003,121003,Yes,Faridabad,Haryana,089290 26537,https://restaurants.pizzahut.co.in/pizza-hut-mathura-rd-pizza-restaurant-mathura-rd-faridabad-1437/Home,ChIJxQTUaUDnDDkRlMf_MQ0P0OU,28.4695048,77.3071638,"Pizza Hut | Crown Interior Mall, Faridabad","Shop No 19 & 20, Crown Interiorz Mall, NH-19, Ashoka Enclave 3, Subash Nagar, Sector 35, Faridabad, Haryana 121003, India",28.4695048,77.3071638,OPERATIONAL,place_id
166,"Pizza Hut - Crown Plaza, Faridabad","Shop No LG2, 27/5, Crown Plaza Mall, NH-19, Azad Colony, Sector 15A, Faridabad, Haryana, India",121007,121007,Yes,Faridabad,Haryana,089290 36016,https://restaurants.pizzahut.co.in/pizza-hut-ph-crown-plaza-faridabad-pizzerias-sector-15a-faridabad-185309/Home,ChIJ_bqWy0vcDDkR067jRU5IelY,28.3978738,77.3129958,"Pizza Hut | Crown Plaza, Faridabad","Shop No LG2, 27/5, Crown Plaza Mall, NH-19, Azad Colony, Sector 15A, Faridabad, Haryana 121007, India",28.3978738,77.3129958,OPERATIONAL,place_id
167,"Pizza Hut - HBH Colony, Sector 28",,121008,121008,Yes,Faridabad,Haryana,,https://restaurants.pizzahut.co.in/pizza-hut-hbh-colony-sector-28-in-haryana-faridabad-sector-28-47195/Home,ChIJRYFCOTbdDDkRlySvy83hrLU,28.434675,77.309924,"Pizza Hut | HBH Colony, Sector 28","Shop no 2, 2nd Floor, City life Mall, HBH Colony, Sector 28, Faridabad, Haryana 121008, India",28.434675,77.309924,OPERATIONAL,place_id
168,"Pizza Hut - Omaxe World Sector 79, Faridabad","SCO 48, Ground & 1st Floor, Omaxe World Street, Sector 79, Faridabad, Haryana, India",121006,121101,No,Faridabad,Haryana,070650 11668,https://restaurants.pizzahut.co.in/pizza-hut-sector-79-pizza-restaurant-sector-79-faridabad-107791/Home,ChIJfTNczXDdDDkRkW7dx9M-uVU,28.3873853,77.3524249,"Pizza Hut | Omaxe World Sector 79, Faridabad","Ground & 1st Floor, OMAXE WORLD STREET, SCO 48, Sector 79, Faridabad, Haryana 121101, India",28.3873853,77.3524249,OPERATIONAL,place_id
169,"Pizza Hut - Pacific Mall, Faridabad","SN 6, 4th Flr, Food Court, Pacific Mall, New Industrial Township, Krishna Nagar, Faridabad, Haryana, India",121001,121007,No,Faridabad,Haryana,1800 202 2022,https://restaurants.pizzahut.co.in/pizza-hut-pacific-mall-faridabad-pizzerias-krishna-nagar-faridabad-294565/Home,ChIJn4IFohHdDDkRP-zxdc1K-KU,28.3870747,77.3122609,"Pizza Hut | Pacific Mall, Faridabad","4th Flr, Food Court, Pacific Mall, SN 6, Krishna Nagar, New Industrial Township, Faridabad, Haryana 121007, India",28.3870747,77.3122609,OPERATIONAL,place_id
170,"Pizza Hut - Piyush Mall, Faridabad","Piyush Mahendra Metropolitian Mall, No 28 & 29,G27,New Industrial Town, Opposite Dushahara Ground, Faridabad, Haryana, India",121001,121001,Yes,Faridabad,Haryana,098995 59795,https://restaurants.pizzahut.co.in/pizza-hut-new-industrial-town-pizza-restaurant-new-industrial-town-faridabad-36118/Home,ChIJl7V2bqvdDDkRE5Y_W6SCFkk,28.3897093,77.2972611,"Pizza Hut | Piyush Mall, Faridabad","G27, Piyush Mahendra Metropolitian, Mall No 28 & 29, opposite Dushahara Ground, Narela Rajeev Nagar, Aravalli Golf Course, New Industrial Township, Faridabad, Haryana 121001, India",28.3897093,77.2972611,OPERATIONAL,place_id
171,"Pizza Hut - Sector 15, Faridabad","SCF No 42, Sector 15, Faridabad, Haryana, India",121007,121007,Yes,Faridabad,Haryana,089290 31674,https://restaurants.pizzahut.co.in/pizza-hut-ph-sector-15-faridabad-pizza-restaurant-sector-15-faridabad-305344/Home,ChIJSZDBEv3dDDkRIBD1IPbsm3E,28.3952484,77.3235897,"Pizza Hut | Sector 15, Faridabad","SCF No 42, Sector 15, Faridabad, Haryana 121007, India",28.3952484,77.3235897,OPERATIONAL,place_id
172,"Pizza Hut - Sector 85, Faridabad",,121002,121007,No,Faridabad,Haryana,,https://restaurants.pizzahut.co.in/pizza-hut-sector-85-faridabad-in-haryana-faridabad-sector-85-52086/Home,ChIJV-OrbgzdDDkRCk97MM2BwJM,28.410602,77.359806,"Pizza Hut | Sector 85, Faridabad","PizSco 23, GF & FF, E Block, BPTP, Sector 85, Faridabad, Haryana 121007, India",28.410602,77.35980599999999,OPERATIONAL,place_id
173,"Pizza Hut - Ambience Mall, Gurugram","R1, 3rd Floor, Ambience Mall, Ambience Island, NH 8, Gurugram, Haryana, India",122002,122010,No,Gurugram,Haryana,0124 466 5377,https://restaurants.pizzahut.co.in/pizza-hut-ambience-island-nh-8-pizza-restaurant-ambience-island-nh-8-gurugram-1408/Home,ChIJf8JJH0wZDTkR5a2jIM3pkQM,28.5038761,77.0969569,"Pizza Hut | Ambience Mall, Gurugram","3rd Floor, Ambience Mall, R1, NH 8, Ambience Island, DLF Phase 3, Sector 24, Gurugram, Haryana 122010, India",28.5038761,77.0969569,OPERATIONAL,place_id
174,"Pizza Hut - Ansal Plaza Mall, Gurugram","Ground Floor, Ansal Plaza Mall, SN 1 & 2, Palam Vihar, Sector 23A, Gurugram, Haryana, India",122017,122017,Yes,Gurugram,Haryana,089760 82591,https://restaurants.pizzahut.co.in/pizza-hut-ansal-plaza-palam-vihar-pizza-restaurant-palam-vihar-sector-23a-gurugram-1098/Home,ChIJm3Bt_ogZDTkRUFjzjFYlo18,28.5116913,77.0419958,"Pizza Hut | Ansal Plaza Mall, Gurugram","ground floor, Ansal Plaza, SN 1 & 2, Choma, Palam Vihar, Sector 23A, Gurugram, Haryana 122017, India",28.5116913,77.0419958,OPERATIONAL,place_id
175,"Pizza Hut - Baani Square, Gurgaon","F 58, 1st Floor, Baani Square, Sector 50, Gurugram, Haryana, India",122002,122018,No,Gurugram,Haryana,0124 472 9292,https://restaurants.pizzahut.co.in/pizza-hut-sector-50-pizza-delivery-sector-50-gurugram-22563/Home,ChIJb21y6fghDTkRBIgtdv5uYfQ,28.425743,77.0573949,"Pizza Hut | Baani Square, Gurgaon","1st Floor, Baani Square, F 58, Pocket C, Mayfield Garden, Sector 50, Gurugram, Haryana 122018, India",28.425743,77.05739489999999,OPERATIONAL,place_id
176,Pizza Hut - Central Plaza Mall,"Shop No 7, Gr Flr, Golf Course Road, Sector 53, Gurugram, Haryana, India",122011,122011,Yes,Gurugram,Haryana,089760 82961,https://restaurants.pizzahut.co.in/pizza-hut-sector-53-pizza-restaurant-sector-53-gurugram-2377/Home,ChIJI9P6y8sYDTkRPd0bbDemHCw,28.4429439,77.1008535,Pizza Hut | Central Plaza Mall,"Shop No 7, Gr Flr, Golf Course Rd, Parsvnath Exotica, DLF Phase 5, Sector 53, Gurugram, Haryana 122011, India",28.4429439,77.1008535,OPERATIONAL,place_id
177,"Pizza Hut - Cyber Greens, Gurgaon","No A2, Cyber Greens, Cyber City, DLF Phase 3, Near ICICI bank, Gurugram, Haryana, India",122001,122002,No,Gurugram,Haryana,089760 82886,https://restaurants.pizzahut.co.in/pizza-hut-cyber-greens-pizza-takeaway-dlf-phase-3-gurugram-1094/Home,ChIJS9zNozcZDTkRyYTuhPBwLXU,28.4944031,77.0930101,"Pizza Hut | Cyber Greens, Gurgaon","No A2, DLF Cyber Greens, near ICICI bank, DLF Cyber City, DLF Phase 3, Sector 24, Gurugram, Haryana 122002, India",28.4944031,77.0930101,OPERATIONAL,place_id
178,"Pizza Hut - Huda Market, Gurugram","SCO 24, Ground Floor, Old Delhi Road,Sector 14, Gurugram, Haryana, India",122001,122007,No,Gurugram,Haryana,089290 32490,https://restaurants.pizzahut.co.in/pizza-hut-sector-14-pizza-restaurant-sector-14-gurugram-1248/Home,ChIJ5cMT40oYDTkR_XiZ-z0mjEc,28.4757602,77.0447057,"Pizza Hut | Huda Market, Gurugram","Ground Floor, SCO 24, Old Delhi Rd, Sector 14, Gurugram, Haryana 122007, India",28.4757602,77.0447057,OPERATIONAL,place_id
179,"Pizza Hut - ILD Trade Centre, Gurgaon","Ground Floor, ILD Trade Centre, D1 Block, Badshahpur Sohna Hwy, Malibu Town, Sec 47, Gurugram, Haryana, India",122018,122018,Yes,Gurugram,Haryana,098730 68865,https://restaurants.pizzahut.co.in/pizza-hut-ph-ild-trade-center-gurugram-pizzerias-malibu-town-sec-47-gurugram-259079/Home,ChIJYePVyeUjDTkRL5q98dI2DRU,28.4249426,77.0389667,"Pizza Hut | ILD Trade Centre, Gurgaon","Ground Floor, ILD Trade Centre, D1 Block, Badshahpur Sohna Rd, Malibu Towne, Sec 47, Gurugram, Haryana 122018, India",28.4249497,77.0389795,OPERATIONAL,place_id
180,"Pizza Hut - IRIS Broadway Sector 85, Gurgaon","Shop No G145, 146 & G147, Ground Floor, IRIS Broadway, Sector 85, Gurugram, Haryana, India",122004,122012,No,Gurugram,Haryana,070650 11533,https://restaurants.pizzahut.co.in/pizza-hut-sector-85-pizza-restaurant-sector-85-gurugram-81395/Home,ChIJUdWZHOI9DTkRceEI_lvYNl8,28.4038854,76.947751,"Pizza Hut | IRIS Broadway Sector 85, Gurgaon","Shop No G145, 146 & G147, Ground Floor, Iris Broadway, Sector 85, Gurugram, Haryana 122012, India",28.4038854,76.947751,OPERATIONAL,place_id
181,"Pizza Hut - M3M Broadway, Gurgaon","Ground Floor, M3M Broadway, Golf Course Ext Road, Sector 71, Gurugram, Haryana, India",122004,122101,No,Gurugram,Haryana,085888 69430,https://restaurants.pizzahut.co.in/pizza-hut-ph-m3m-broadway-gurugram-pizza-restaurant-sector-71-gurugram-178190/Home,ChIJRRkmyWIjDTkRMNbcl-J_F1M,28.4013425,77.0200031,"Pizza Hut | M3M Broadway, Gurgaon","Ground Floor, M3M Broadway, Golf Course Ext Rd, Sector 71, Gurugram, Haryana 122101, India",28.4013425,77.0200031,OPERATIONAL,place_id
182,"Pizza Hut - M3M Urbana, Gurgaon","M3M Urbana, Golf Course Extention Road,Sector 67, Gurugram, Haryana, India",122002,122101,No,Gurugram,Haryana,070650 11244,https://restaurants.pizzahut.co.in/pizza-hut-sector-67-pizza-restaurant-sector-67-gurugram-58295/Home,ChIJMUFwq1QjDTkR_aTKHiWQo3g,28.390733,77.0672872,"Pizza Hut | M3M Urbana, Gurgaon","M3M Urbana Premium, Golf Course Extention Road, Ramgarh, Sector 67, Gurugram, Haryana 122101, India",28.390733,77.0672872,OPERATIONAL,place_id
183,"Pizza Hut - MGF Metropoliton Mall, Gurgaon",,122002,122009,No,Gurugram,Haryana,,https://restaurants.pizzahut.co.in/pizza-hut-ph-mgf-mall-gurugram-pizza-restaurant-sector-25-gurugram-305356/Home,ChIJ62-naccZDTkRDsIgeFZuJtE,28.4809182,77.0802784,"Pizza Hut | MGF Metropoliton Mall, Gurgaon","3rd Flr, MGF Metropolitan Mall, Mehrauli-Gurgaon Rd, DLF Phase 2, Sector 25, Sarhol, Gurugram, Haryana 122009, India",28.4809182,77.0802784,OPERATIONAL,place_id
184,"Pizza Hut - Manesar, Gurgaon","No D/12, HSIIDC Market, IMT, Manesar, Sector 1, Gurugram, Haryana, India",122051,122052,No,Gurugram,Haryana,097118 72822,https://restaurants.pizzahut.co.in/pizza-hut-ph-hsiidc-market-manesar-pizzerias-manesar-sector-1-gurugram-197662/Home,ChIJa_5h33c9DTkRYSl_9e196kA,28.3665254,76.9460874,"Pizza Hut | Manesar, Gurgaon","No D/12, HSIIDC Market, Sector 1, IMT Manesar, Gurugram, Haryana 122052, India",28.3665254,76.9460874,OPERATIONAL,place_id
185,"Pizza Hut - Medicity, Gurgaon","Medanta Medicity Ratings, No 1/2/14977, Sector 38, Gurugram, Haryana, India",122001,122018,No,Gurugram,Haryana,1800 202 2022,https://restaurants.pizzahut.co.in/pizza-hut-sector-38-pizza-restaurant-sector-38-gurugram-6139/Home,ChIJ4bKZ9G4YDTkRy2RYLO1CMI0,28.4375343,77.0407432,"Pizza Hut | Medicity, Gurgaon","Medanta Medicity Ratings, No 1/2/14977, Medicity, Islampur Colony, Sector 38, Gurugram, Haryana 122018, India",28.4375343,77.0407432,OPERATIONAL,place_id
186,"Pizza Hut - New Town Square, Gurgaon","SN SH/G/039, Gr Flr, Newtown Square, Sector 95A, Gurugram, Haryana, India",122505,122505,Yes,Gurugram,Haryana,089290 36148,https://restaurants.pizzahut.co.in/pizza-hut-ph-new-town-square-gurugram-pizzerias-sector-95a-gurugram-185506/Home,ChIJNfD7MwIXDTkR02OnHQI_T-w,28.4242044,76.930947,"Pizza Hut | New Town Square, Gurgaon","SN SH/G/039, Gr, Newtown Square Sector 95A Gurgaon, Sector 95A, Gurugram, Haryana 122505, India",28.4242044,76.930947,OPERATIONAL,place_id
187,"Pizza Hut - Ocus Medley Sector 99, Gurgaon","No G99, Ground Floor, Ocus Medley, Dwarka Expressway, Sector 99, Gurugram, Haryana, India",122001,122505,No,Gurugram,Haryana,085060 05452,https://restaurants.pizzahut.co.in/pizza-hut-ph-ocus-medley-gurugram-pizzerias-sector-99-gurugram-235144/Home,ChIJlw1_DrgXDTkR2HBuUv3hDmU,28.4668318,76.9694062,"Pizza Hut | Ocus Medley Sector 99, Gurgaon","Ground, Ocus Medley, No G99, Dwarka Expy, G99, Sector 99, Gurugram, Haryana 122505, India",28.4668318,76.9694062,OPERATIONAL,place_id
188,"Pizza Hut - Sadar Bazar, Gurgaon","Sco No 34, Huda complex, Sohna Chowk, Sector 11, Gurugram, Haryana, India",122001,122001,Yes,Gurugram,Haryana,089291 18240,https://restaurants.pizzahut.co.in/pizza-hut-ph-sadar-bazar-gurgaon-pizza-restaurant-sector-11-gurugram-307977/Home,ChIJZ88O0bUZDTkR4Oqd7dWgJ_4,28.4578408,77.0267105,"Pizza Hut | Sadar Bazar, Gurgaon","Sco No 34, Huda Complex, Sohna Chowk, Prem Nagar, Sector 11, Gurugram, Haryana 122001, India",28.4578408,77.02671050000001,OPERATIONAL,place_id
189,"Pizza Hut - Sector 106, Gurugram",,122017,122006,No,Gurugram,Haryana,,https://restaurants.pizzahut.co.in/pizza-hut-sector-106-gurugram-in-haryana-gurugram-dwarka-expressway-78369/Home,ChIJidXMjvkXDTkRra0XqJSSEDA,28.504048,77.005089,"Pizza Hut | Sector 106, Gurugram","KHASRA NO 442, Upper Ground Floor, Northern Peripheral Rd, Sector 106, Gurugram, Haryana 122006, India",28.504048,77.005089,OPERATIONAL,place_id
190,"Pizza Hut - Sector 23A, Gurugram","SCO 63, Ground Floor, Huda Market,Palam Vihar,Sector 23A, Opposite HP Petrol Pump, Gurugram, Haryana, India",122015,122017,No,Gurugram,Haryana,089760 82817,https://restaurants.pizzahut.co.in/pizza-hut-palam-vihar-sector-23a-pizza-delivery-palam-vihar-sector-23a-gurugram-1095/Home,ChIJaR8AL50ZDTkRMvXyIjjsRKE,28.5041866,77.054455,"Pizza Hut | Sector 23A, Gurugram","Ground Floor, Huda Market, SCO 63, opposite HP Petrol Pump, Cartarpuri Alias Daulatpur Nas, Palam Vihar, Sector 23A, Gurugram, Haryana 122017, India",28.5041866,77.05445499999999,OPERATIONAL,place_id
191,"Pizza Hut - Sector 31 Huda Market, Gurgaon","Sco No 06, 1st Floor, Huda Market, Sector 31, Gurugram, Haryana, India",122003,122001,No,Gurugram,Haryana,089290 31668,https://restaurants.pizzahut.co.in/pizza-hut-sector-31-huda-market-pizza-restaurant-sector-31-gurugram-315627/Home,ChIJGSa-nK8ZDTkRjb2l596Dq0U,28.4531016,77.0509514,"Pizza Hut | Sector 31 Huda Market, Gurgaon","Sco No 06, 1st Floor, Huda Market, Huda Maket, Sector 31, Gurugram, Haryana 122001, India",28.4531016,77.0509514,OPERATIONAL,place_id
192,"Pizza Hut - Sector 4, Gurgaon","SCF 37, Dhanwapur Road, Huda Market, Sector 4, Gurugram, Haryana, India",122006,122006,Yes,Gurugram,Haryana,098995 53992,https://restaurants.pizzahut.co.in/pizza-hut-sector-4-pizza-restaurant-sector-4-gurugram-1445/Home,ChIJ9UkukX0XDTkRWGaZH7aObxQ,28.473335,77.0092089,"Pizza Hut | Sector 4, Gurgaon","SCF 37 Dhanwapur Road, Huda Market Rd, Sector 4, Gurugram, Haryana 122006, India",28.473335,77.0092089,OPERATIONAL,place_id
193,"Pizza Hut - Sector 57, Gurugram","Shop No 13/14, Hong Kong Bazaar,Sector 57, Gurugram, Haryana, India",122003,122011,No,Gurugram,Haryana,089760 83031,https://restaurants.pizzahut.co.in/pizza-hut-sector-57-pizza-restaurant-sector-57-gurugram-35793/Home,ChIJTUcr4z8jDTkRFi3t_kqCPsE,28.4210566,77.0906686,"Pizza Hut | Sector 57, Gurugram","Shop No 13/14, Hong Kong Bazaar, UG 14, Block F, Sushant Lok 2, Sector 57, Gurugram, Haryana 122011, India",28.4210566,77.0906686,OPERATIONAL,place_id
194,"Pizza Hut - Sector 58, Gurgugram",,122102,122011,No,Gurugram,Haryana,,https://restaurants.pizzahut.co.in/pizza-hut-sector-58-gurgugram-in-haryana-gurugram-sector-58-91827/Home,ChIJ3cLAz3shDTkR9BC-kHLC-T0,28.413138,77.113638,"Pizza Hut | Sector 58, Gurgugram","Shop No, 4,5,6,7, Ground Floor Ireo, Flat location, Sector 58, Gurugram, Haryana 122011, India",28.413138,77.113638,OPERATIONAL,place_id
195,"Pizza Hut - Sector-10, Gurgaon","Plot No 19, SCO 3, Urban Estate, Sector 10 A, Gurugram, Haryana, India",122001,122001,Yes,Gurugram,Haryana,0124 400 8716,https://restaurants.pizzahut.co.in/pizza-hut-sector-10-a-pizza-restaurant-sector-10-a-gurugram-1444/Home,ChIJcVXe-fQXDTkRoo96rfP65gY,28.4398719,77.0067195,"Pizza Hut | Sector-10, Gurgaon","Plot No 19, SCO 3, Urban Estate, Sector 10A, Gurugram, Haryana 122001, India",28.4398719,77.0067195,OPERATIONAL,place_id
196,"Pizza Hut - Supermart 1, Gurgaon","Shop No B139 & B141, Supermart 1, DLF Phase 4,Sushant Lok, Gurugram, Haryana, India",122002,122009,No,Gurugram,Haryana,070650 00248,https://restaurants.pizzahut.co.in/pizza-hut-sushant-lok-pizza-restaurant-sushant-lok-gurugram-23565/Home,ChIJd_o3KdsYDTkRlL1CoA7UkII,28.4624704,77.0875373,"Pizza Hut | Supermart 1, Gurgaon","Shop No B139 & B141, Supermart 1 DLF Phase 4, Supermart-1, Sushant Lok Phase I, Gurugram, Haryana 122009, India",28.4624704,77.08753730000001,OPERATIONAL,place_id
197,"Pizza Hut - Unitech Cyber Park, Gurugram","Grnd Flr, UNITECH CYBER PARK, Sector 39, Gurugram, Haryana, India",122003,122003,Yes,Gurugram,Haryana,089290 32734,https://restaurants.pizzahut.co.in/pizza-hut-sector-39-pizza-restaurant-sector-39-gurugram-1443/Home,ChIJ11NEcf4YDTkRWPcevMSwvI8,28.4434178,77.0559813,"Pizza Hut | Unitech Cyber Park, Gurugram","Grnd Flr, UNITECH CYBER PARK, Durga Colony, Sector 39, Gurugram, Haryana 122003, India",28.4434178,77.0559813,OPERATIONAL,place_id
198,"Pizza Hut - Neelkanth, Karnal","Neelkanth Star, NH 1, Karnal, Haryana, India",132001,132037,No,Karnal,Haryana,098997 06491,https://restaurants.pizzahut.co.in/pizza-hut-nh-1-pizza-restaurant-nh-1-karnal-98965/Home,ChIJo-GoAvVwDjkR0aMLRaOETkA,29.649247,76.9853332,"Pizza Hut | Neelkanth, Karnal","Neelkanth Star NH 1, Ansal Town, Kamboh Pura Part, Haryana 132037, India",29.649247,76.9853332,OPERATIONAL,place_id
199,"Pizza Hut - Elan Mercado, Gurgaon","No 24, 25, 40 & 41, GF, Elan Mercado, Sector 80, Manesar, Haryana, India",122050,122012,No,Manesar,Haryana,089296 08122,https://restaurants.pizzahut.co.in/pizza-hut-elan-mercado-gurgaon-pizzerias-sector-80-manesar-285253/Home,ChIJO8SlGuY9DTkRA8KMwYXxPM4,28.3765618,76.9596972,"Pizza Hut | Elan Mercado, Gurgaon","No 24, 25, 40 & 41, GF, Elan Mercado, Sector 80, Manesar, Gurugram, Haryana 122012, India",28.3765618,76.9596972,OPERATIONAL,place_id
200,"Pizza Hut - Mansadevi, Panchkula","Shop No 137, MDC Complex, Sector 5, Panchkula, Haryana, India",134108,134114,No,Panchkula,Haryana,0172 513 9468,https://restaurants.pizzahut.co.in/pizza-hut-sector-5-pizza-restaurant-sector-5-panchkula-1269/Home,ChIJ9xbF0xeTDzkRS8m31npuelY,30.712764,76.849373,"Pizza Hut | Mansadevi, Panchkula","Shop No 137, Mansa Devi Complex, Sector 5, Panchkula, Haryana 134114, India",30.712764,76.849373,OPERATIONAL,place_id
201,"Pizza Hut - Fun City Mall, Panipat","Ground Floor, FunCity Mall, Grand Trunk Road,Preet Vihar,Sector 6, Panipat, Haryana, India",132103,132103,Yes,Panipat,Haryana,089290 25895,https://restaurants.pizzahut.co.in/pizza-hut-sector-6-pizza-restaurant-sector-6-panipat-1381/Home,ChIJ294jAzLaDTkRTd7-d_PyNIE,29.410933,76.9695834,"Pizza Hut | Fun City Mall, Panipat","Ground Floor, FunCity Mall, Grand Trunk Rd, Sector 6, Preet Vihar, Tehsil Camp, Panipat, Haryana 132103, India",29.410933,76.96958339999999,OPERATIONAL,place_id
202,"Pizza Hut - Fatehpur, Pundri",,136020,136020,Yes,Pundri,Haryana,,https://restaurants.pizzahut.co.in/pizza-hut-fatehpur-pundri-in-haryana-pundri-fatehpur-98393/Home,ChIJvV2AF0I9DjkRpW1dzc8X9gc,29.866602,76.642986,"Pizza Hut | Fatehpur, Pundri","21 LHS Ambala Exo NH 152D LHS KAUL, Fatehpur, Pundri, Haryana 136020, India",29.866602,76.642986,OPERATIONAL,place_id
203,"Pizza Hut - Civil Lines, Rohtak","No 190, Delhi Road,Civil Lines, Rohtak, Haryana, India",124001,124001,Yes,Rohtak,Haryana,098996 30272,https://restaurants.pizzahut.co.in/pizza-hut-civil-lines-pizza-restaurant-civil-lines-rohtak-1407/Home,ChIJETCn0AWFDTkRgrIIsAvrLyU,28.8927965,76.6012705,"Pizza Hut | Civil Lines, Rohtak","190, Delhi Rd, Civil Lines, Rohtak, Haryana 124001, India",28.8927965,76.6012705,OPERATIONAL,place_id
204,"Pizza Hut - Hissar Highway, Sirsa","OHM Complex, NH9, Sirsa Fatehabad Road, Kasan Khera, Sirsa, Haryana, India",125055,125060,No,Sirsa,Haryana,098995 26936,https://restaurants.pizzahut.co.in/pizza-hut-ph-ohm-sirsa-pizza-restaurant-kasan-khera-sirsa-170304/Home,ChIJb7RxXL1PETkREiZR0VH3qu8,29.5290457,75.1322605,"Pizza Hut | Hissar Highway, Sirsa","OHM Complex, NH9, Sirsa - Fatehabad Rd, Kasan Khera, Haryana 125060, India",29.52904569999999,75.1322605,OPERATIONAL,place_id
205,"Pizza Hut - MG Mall, Sonipat","Shop No 7 to 9, Ground Floor, MG Malll, Sector 14, Sonipat, Haryana, India",131001,131001,Yes,Sonipat,Haryana,098992 48083,https://restaurants.pizzahut.co.in/pizza-hut-sector-14-pizza-restaurant-sector-14-sonipat-55203/Home,ChIJO3HDMiGxDTkRspQb4s447jI,29.0042526,77.0336038,"Pizza Hut | MG Mall, Sonipat","Shop No, Ground Floor, MG Malll, 7 to 9, Sector 14, Sonipat, Haryana 131001, India",29.0042526,77.0336038,OPERATIONAL,place_id
206,"Pizza Hut - Tejpur, Faridabad","33, LHS, Delhi - Mumbai Expressway, Tajpur, Haryana, India",121103,122107,No,Tajpur,Haryana,1800 202 2022,https://restaurants.pizzahut.co.in/pizza-hut-tejpur-faridabad-in-haryana-faridabad-tejpur-57153/Home,ChIJaxtkMsHVcjkR5pJZ25kEHqQ,28.0353404,77.1209638,"Pizza Hut | Tejpur, Faridabad","33, LHS, दिल्ली - मुंबई एक्सप्रेसवे, ताजपुर, हरियाणा 122107, India",28.0353404,77.1209638,OPERATIONAL,place_id
207,"Pizza Hut - Brijpuri Colony, Yamuna Nagar","No 27, Professor Colony, Krishna Colony, Model Town, Yamuna Nagar, Haryana, India",135001,135001,Yes,Yamuna Nagar,Haryana,098991 86670,https://restaurants.pizzahut.co.in/pizza-hut-ph-brijpuri-colony-yamuna-nagar-pizza-restaurant-model-town-yamuna-nagar-137240/Home,ChIJQ1BmT-f7DjkR5Bb2n_RN4sU,30.137466,77.2961109,"Pizza Hut | Brijpuri Colony, Yamuna Nagar","No 27, Professor Colony, Krishna Colony, Model Town, Yamuna Nagar, Jagadhri, Haryana 135001, India",30.137466,77.2961109,OPERATIONAL,place_id
208,"Pizza Hut - Birta, Kangra","47CP+HQC, Shimla-Kangra Road, Bhawan, Birta, Himachal Pradesh, India",176001,176001,Yes,"Bhawan, Birta",Himachal Pradesh,1800 202 2022,https://restaurants.pizzahut.co.in/pizza-hut-birta-kangra-in-himachal-pradesh-kangra-birta-35558/Home,ChIJ1YNTIgBPGzkRtvA2sjTMBUo,32.121366,76.2871249,"Pizza Hut | Birta, Kangra","47CP+HQC, Shimla - Kangra Rd, Bhawan, Birta, Himachal Pradesh 176001, India",32.121366,76.2871249,OPERATIONAL,place_id
209,"Pizza Hut - Maximus Mall, Dharamshala","Maximus mall, Kangra, Kotwali Bazar, Near Mann Filling Station, Dharamshala, Himachal Pradesh, India",176215,176217,No,Dharamshala,Himachal Pradesh,070650 11778,https://restaurants.pizzahut.co.in/pizza-hut-kotwali-bazar-pizza-restaurant-kotwali-bazar-dharamshala-64001/Home,ChIJz5Y0_0xRGzkRXfKHe6YJERw,32.2168894,76.3153504,"Pizza Hut | Maximus Mall, Dharamshala","Maximus mall, Kotwali Bazar Rd, near Mann Filling Station, Sudher, Dharamshala, Himachal Pradesh 176217, India",32.2168894,76.3153504,OPERATIONAL,place_id
210,"Pizza Hut - Hotel Maple Retreat, Manali","Food Court, Hotel Maple Retreat, NH 21, Kullu, Rangri, Manali, Himachal Pradesh, India",175131,175131,Yes,Manali,Himachal Pradesh,089290 35875,https://restaurants.pizzahut.co.in/pizza-hut-ph-hotel-maple-retreat-kullu-manali-pizzerias-rangri-manali-197657/Home,ChIJzVb92cmJBDkR9QsS6crG9yE,32.2277383,77.1886355,"Pizza Hut | Hotel Maple Retreat, Manali","Food Court, Hotel Maple Retreat NH 21, Kullu, Rangri Rd, Simsa Village, Manali, Nasogi, Himachal Pradesh 175131, India",32.2277383,77.18863549999999,OPERATIONAL,place_id
211,"Pizza Hut - Bhuntar, Nagwain","No 107/124 & 108, 125, No 1667, 1227/796/2, Bhuntar, Nagwain, Himachal Pradesh, India",175121,175121,Yes,Nagwain,Himachal Pradesh,089290 31686,https://restaurants.pizzahut.co.in/pizza-hut-bhuntar-nagwain-in-himachal-pradesh-bhuntar-nagwain-aut-35391/Home,ChIJVVVVVbz4BDkRXhS3SDIGi5c,31.8109532,77.1829442,"Pizza Hut | Bhuntar, Nagwain","No 107/124 & 108, 125, No 1667, 1227/796/2, Bhuntar, Nagwain, Himachal Pradesh 175121, India",31.8109532,77.1829442,OPERATIONAL,place_id
212,"Pizza Hut - Mall Road, Shimla","Ground Floor, Food Court, Town Hall, Mall Road, The Mall, Shimla, Himachal Pradesh, India",171001,171001,Yes,Shimla,Himachal Pradesh,089290 33828,https://restaurants.pizzahut.co.in/pizza-hut-mall-road-shimla-in-himachal-pradesh-shimla-town-hall-28480/Home,ChIJW49A0OZ5BTkRJYaOGMGBWMM,31.1049066,77.1732808,"Pizza Hut | Mall Road, Shimla","Ground Floor, Food Court, Town Hall, Mall Rd, The Mall, Shimla, Himachal Pradesh 171001, India",31.1049066,77.1732808,OPERATIONAL,place_id
213,"Pizza Hut - Amolak Towers, Solan","Amolak Towers, Saproon, Bypass Solan to Chambaghat,Lawi Khurd, Near Vishkarma Furniture, Solan, Himachal Pradesh, India",173211,173212,No,Solan,Himachal Pradesh,076693 14690,https://restaurants.pizzahut.co.in/pizza-hut-ph-solan-highway-pizza-restaurant-lawi-khurd-solan-129834/Home,ChIJIzDuW8iHDzkRESkw73vsQ0Y,30.9077557,77.0927255,"Pizza Hut | Amolak Towers, Solan","Amolak Towers, Saproon Bypass Solan to Chambaghat, near Vishkarma Furniture, Lawi Khurd, Solan, Himachal Pradesh 173212, India",30.9077557,77.0927255,OPERATIONAL,place_id
214,"Pizza Hut - Gulmohar Grand, Una","Food Court, The Gulmohar Grand, Una Chandigarh Rd, 8 Miles Stone, Behdala, Una, Himachal Pradesh, India",174306,174306,Yes,Una,Himachal Pradesh,1800 202 2022,https://restaurants.pizzahut.co.in/pizza-hut-ph-the-gulmohar-grand-una-pizzerias-behdala-una-184667/Home,ChIJE8tY__DPGjkRvZMk8mtKhps,31.4340256,76.3231583,"Pizza Hut | Gulmohar Grand, Una","Food Court, The Gulmohar Grand Una Chandigarh Rd, 8 Miles Stone, Behdala, Himachal Pradesh 174306, India",31.4340256,76.3231583,OPERATIONAL,place_id
215,"Pizza Hut - Dal Lake, Srinagar","1st Floor, Boulevard Road, Oppsite Ghat 11, Srinagar, Jammu And Kashmir, India",190001,190001,Yes,Srinagar,Jammu And Kashmir,098993 06237,https://restaurants.pizzahut.co.in/pizza-hut-ph-dal-lake-sri-nagar-pizzerias-boulevard-road-srinagar-294177/Home,ChIJaxliXa6P4TgRwsS5he6eJdc,34.0866034,74.8403484,"Pizza Hut | Dal Lake, Srinagar","1st Floor, Boulevard Rd, Oppsite, Ghat 11, Srinagar, 190001",34.0866034,74.8403484,OPERATIONAL,place_id
216,"Pizza Hut - Main Bemina Road, Srinagar","Ground Floor, Main Bemina Road, Opposite Bemina Degree College, Srinagar, Jammu And Kashmir, India",190018,190018,Yes,Srinagar,Jammu And Kashmir,085279 77110,https://restaurants.pizzahut.co.in/pizza-hut-ph-bemina-srinagar-pizza-restaurant-main-bemina-road-srinagar-172140/Home,ChIJTwPelV2R4TgRAvCBSk7Am8Q,34.0765131,74.7769456,"Pizza Hut | Main Bemina Road, Srinagar","Ground Floor Main Bemina Road Opposite Bemina Degree College, Bemina, Srinagar, 190018",34.0765131,74.77694559999999,OPERATIONAL,place_id
217,"Pizza Hut - Wave Mall, Jammu","2nd Floor, Wave Mall, Katra B, Opposite Bathindi Road, Jammu, Jammu And Kashmir, India",180015,180015,Yes,Jammu,Jammu and Kashmir,089290 25335,https://restaurants.pizzahut.co.in/pizza-hut-katra-b-pizza-restaurant-katra-b-jammu-1372/Home,ChIJN63Nk0aDHjkRC4ZYZbPNuzs,32.7095926,74.8926585,"Pizza Hut | Wave Mall, Jammu","2nd Floor, WAVE MALL, opposite Bathindi Road, Malik Market, Katra B, Channi Himat, Jammu, 180015",32.7095926,74.8926585,OPERATIONAL,place_id
218,"Pizza Hut - City Walk Mall, Srinagar","SN 302, 3rd Flr, City Walk Shopping Mall, Mouza Kothi Bagh, MA Road, Opposite Catholic Church, Srinagar, Jammu And Kashmir, India",190001,190001,Yes,Srinagar,Jammu and Kashmir,089295 93712,https://restaurants.pizzahut.co.in/pizza-hut-ma-road-pizza-restaurant-ma-road-srinagar-98967/Home,ChIJhVcGLm-P4TgRMqPDzbSIiGk,34.0738078,74.8189927,"Pizza Hut | City Walk Mall, Srinagar","SN 302, 3rd Flr, City Walk Shopping Mall Mouza, MA Road, opposite Catholic Church, Regal Chowk, Kothi Bagh, Srinagar, 190001",34.0738078,74.8189927,OPERATIONAL,place_id
219,"Pizza Hut - Bokaro Mall, Jharkhand","Bokaro Mall, IG Marg,Sector 3C, Opposite Sai Hospital, Bokaro, Jharkhand, India",827003,827003,Yes,Bokaro,Jharkhand,070650 00732,https://restaurants.pizzahut.co.in/pizza-hut-sector-3c-pizza-restaurant-sector-3c-bokaro-1303/Home,ChIJk4NXUrIj9DkRy2-_qQgtPNY,23.6643226,86.1471058,"Pizza Hut | Bokaro Mall, Jharkhand","Mall IG Marg, opposite Sai Hospital, Sector 3C, Sector 3, Bokaro Steel City, Jharkhand 827003, India",23.6643226,86.14710579999999,OPERATIONAL,place_id
220,"Pizza Hut - Govindpur Road, Dhanbad","Shop No 13, Ground Floor, Govindpur Road, Saraidhela, Near I Ball Restaurant, Dhanbad, Jharkhand, India",828127,826007,No,Dhanbad,Jharkhand,089290 39124,https://restaurants.pizzahut.co.in/pizza-hut-govindpur-road-dhanbad-in-jharkhand-dhanbad-near-i-ball-restaurant-90593/Home,ChIJqzC6Ht-99jkRvmbcRlLw8_A,23.8120746,86.4550364,"Pizza Hut | Govindpur Road, Dhanbad","Shop No 13, Ground Floor, Govindpur Rd, near I Ball Restaurant, Lohar Kulli, Saraidhella, Dhanbad, Jharkhand 826007, India",23.8120746,86.4550364,OPERATIONAL,place_id
221,"Pizza Hut - Mango, Jamshedpur","Shop No 2, 16 & 17, Asfia Jamal Gold, Azad Ngr Rd No 1, Mango, East Singhbhum, Jharkhand, India",832110,831012,No,East Singhbhum,Jharkhand,089292 69956,https://restaurants.pizzahut.co.in/pizza-hut-ph-mango-jamshedpur-pizza-restaurant-mango-east-singhbhum-305345/Home,ChIJeW8RoWzj9TkRMAmyc13iIuI,22.8266408,86.2105813,"Pizza Hut | Mango, Jamshedpur","Shop No 2, Asfia Jamal Gold, 16 & 17, Rd Number 1, near Lenskart Store, Azad Nagar, Mango, Jamshedpur, Jharkhand 831012, India",22.8266408,86.2105813,OPERATIONAL,place_id
222,"Pizza Hut - P&M Hitech City Centre, Jamshedpur","Unit Number, RT 11, Mall, P&M Hi Tech, Centre, Bistupur, Jamshedpur, Jharkhand, India",831001,831001,Yes,Jamshedpur,Jharkhand,0657 232 1106,https://restaurants.pizzahut.co.in/pizza-hut-bistupur-pizza-restaurant-bistupur-jamshedpur-23479/Home,ChIJaXAuJVzj9TkR5P87Gg9mFdg,22.7848981,86.1776835,"Pizza Hut | P&M Hitech City Centre, Jamshedpur","Unit Number, RT 11, Mall, P&M Hi Tech, Centre, Bistupur, Jamshedpur, Jharkhand 831001, India",22.7848981,86.1776835,OPERATIONAL,place_id
223,"Pizza Hut - Sakchi, Jamshedpur","H No 300, Line No 10, New Kalimati Road, Kasidih, Jamshedpur, Jharkhand, India",831001,831001,Yes,Jamshedpur,Jharkhand,098731 44713,https://restaurants.pizzahut.co.in/pizza-hut-ph-sakchi-jamshedpur-pizza-restaurant-kasidih-jamshedpur-130403/Home,ChIJ4a41-y_j9TkRGgLONEfj5YU,22.8011825,86.2087139,"Pizza Hut | Sakchi, Jamshedpur","H No 300, Line, 10, New Kalimati Rd, Hirasingh Bagan, Kasidih, Jamshedpur, Jharkhand 831001, India",22.8011825,86.2087139,OPERATIONAL,place_id
224,"Pizza Hut - Bariatu, Ranchi","No 61, Booty Road, Bariatu, Ranchi, Jharkhand, India",834009,834009,Yes,Ranchi,Jharkhand,098990 71058,https://restaurants.pizzahut.co.in/pizza-hut-ph-bariatu-ranchi-pizzerias-bariatu-ranchi-275547/Home,ChIJi7FQEpvj9DkRO7F98PyNT9A,23.4012437,85.3612814,"Pizza Hut | Bariatu, Ranchi","61, Booty Rd, Bariatu, Ranchi, Jharkhand 834009, India",23.4012437,85.3612814,OPERATIONAL,place_id
225,"Pizza Hut - Hazaribagh Road, Ranchi","Shop No 12, Ground Floor, Hormah Tower, Old HB Rd, Siromtoli Chowk, Hazaribagh Rd, Ranchi, Jharkhand, India",834001,834001,Yes,Ranchi,Jharkhand,089290 37551,https://restaurants.pizzahut.co.in/pizza-hut-ph-hazaribagh-road-ranchi-pizza-restaurant-hazaribagh-rd-ranchi-121590/Home,ChIJv6l7Es3h9DkRW31ofb_NL5Y,23.3543465,85.3328848,"Pizza Hut | Hazaribagh Road, Ranchi","Shop No 12, Ground Floor, Hormah Tower Old HB Rd, Siromtoli Chowk, Hazaribagh, Rd, Gungutoli, Kanka, Ranchi, Jharkhand 834001, India",23.3543465,85.33288480000002,OPERATIONAL,place_id
226,"Pizza Hut - Mall Of Ranchi, Ranchi","Unit No 1, 4th Floor, Mall of Ranchi, Kumhartoli, Ranchi, Jharkhand, India",834001,834001,Yes,Ranchi,Jharkhand,097110 77036,https://restaurants.pizzahut.co.in/pizza-hut-mall-of-ranchi-pizzerias-kumhartoli-ranchi-285257/Home,ChIJC6n89-bh9DkRtKbms38XppI,23.3788948,85.3147436,"Pizza Hut | Mall Of Ranchi, Ranchi","Unit No 1, 4th Floor, Mall of Ranchi, Kumhartoli, Ranchi, Jharkhand 834001, India",23.3788948,85.3147436,OPERATIONAL,place_id
227,"Pizza Hut - Nucleus Mall Circular Road, Ranchi","Shop No 1, Food Court, Circular Road, Lalpur, Ranchi, Jharkhand, India",834001,834001,Yes,Ranchi,Jharkhand,083769 05235,https://restaurants.pizzahut.co.in/pizza-hut-lalpur-pizza-restaurant-lalpur-ranchi-22508/Home,ChIJsdLcnRPh9DkRwZusVc9Dbos,23.37735,85.3316201,"Pizza Hut | Nucleus Mall Circular Road, Ranchi","Shop No 1, Food Court, Circular Rd, Lalpur, Ranchi, Jharkhand 834001, India",23.37735,85.3316201,OPERATIONAL,place_id
228,"Pizza Hut - Old HB Road, Spring City, Ranchi","Shop No 101, Gr Flr, Spring City Mall, Hinoo, Beside Eylex Cinema, Ranchi, Jharkhand, India",834002,834002,Yes,Ranchi,Jharkhand,082350 99919,https://restaurants.pizzahut.co.in/pizza-hut-hinoo-pizza-restaurant-hinoo-ranchi-1272/Home,ChIJXxdFscvh9DkRvXfL0-GXey8,23.3330379,85.3173005,"Pizza Hut | Old HB Road, Spring City, Ranchi","Shop No 101, Gr Flr, Spring City Mall, beside Eylex Cinema, Hinoo, Ranchi, Jharkhand 834002, India",23.3330379,85.3173005,OPERATIONAL,place_id
229,"Pizza Hut - JNMC Campus, Belgaum","Unit No 1, Gr Flr, Convention Center, JNMC Campus,Nehru Nagar, Belagavi, Karnataka, India",590001,590010,No,Belagavi,Karnataka,070650 12128,https://restaurants.pizzahut.co.in/pizza-hut-ph-jnmc-campus-belgaum-pizza-delivery-nehru-nagar-belagavi-107077/Home,ChIJSe6ugM1hvzsRhojJ6mm0EGE,15.8846659,74.5189955,"Pizza Hut | JNMC Campus, Belgaum","Unit No 1, Gr Flr, JNMC Campus, Convention Center, Nehru Nagar, Belagavi, Karnataka 590010, India",15.8846659,74.5189955,OPERATIONAL,place_id
230,"Pizza Hut - Tilakwadi, Belgaum","No 198/16/17, RPD College Road, Tilakwadi, Opposite Lakshmi Tower, Belgaum, Karnataka, India",590006,590006,Yes,Belgaum,Karnataka,089768 84943,https://restaurants.pizzahut.co.in/pizza-hut-pizza-hut-belgaum-pizza-restaurant-tilakwadi-belgaum-129847/Home,ChIJ7xcsmzBnvzsRJyYtl8wH-PA,15.8344994,74.5049689,"Pizza Hut | Tilakwadi, Belgaum","198/16/17, RPD College Rd, opposite Lakshmi Tower, Bhagya Nagar, Tilakwadi, Belagavi, Karnataka 590006, India",15.8344994,74.5049689,OPERATIONAL,place_id
231,"Pizza Hut - Parvathi Nagar, Bellary","No 12/12A/85, CTS WN 16 & 18, Blk No 03, Parvathi Ngr Main Rd,KBH Colony,Devi Ngr, Bellary, Karnataka, India",583101,583101,Yes,Bellary,Karnataka,095820 90194,https://restaurants.pizzahut.co.in/pizza-hut-devi-ngr-pizza-restaurant-devi-ngr-bellary-107788/Home,ChIJDYr3CA8RtzsRw_5ML_BfxUo,15.1517657,76.9231411,"Pizza Hut | Parvathi Nagar, Bellary","12/12A/85, CTS WN 16 & 18, Blk No 03 Parvathi Ngr, Main Rd, KHB Colony, Devi Nagar, Ballari, Karnataka 583101, India",15.1517657,76.9231411,OPERATIONAL,place_id
232,"Pizza Hut - AECS Layout, Bangalore",,560037,560037,Yes,Bengaluru,Karnataka,,https://restaurants.pizzahut.co.in/pizza-hut-aecs-layout-bangalore-in-karnataka-bangalore-aecs-layout-94776/Home,ChIJ5bCGMZITrjsRf59CiNlaKsM,12.9647078,77.7159616,"Pizza Hut | AECS Layout, Bangalore","57 Number, 60 Feet Rd, opp. ITPL Main Road, B Block, AECS Layout, Brookefield, Bengaluru, Karnataka 560037, India",12.9647078,77.7159616,OPERATIONAL,place_id
233,"Pizza Hut - Adugodi, Bengaluru","No 13/1, Chiklakshmaiah Layout, Marigowda Road, Adugodi, Bengaluru, Karnataka, India",560029,560030,No,Bengaluru,Karnataka,1800 202 2022,https://restaurants.pizzahut.co.in/pizza-hut-adugodi-bengaluru-in-karnataka-bengaluru-adugodi-13127/Home,ChIJSbXuWZoVrjsRXAaaHcp4RUg,12.935205,77.609251,"Pizza Hut | Adugodi, Bengaluru","Lakshmi Plaza, Marigowda Rd, Chikku Lakshmaiah Layout, Adugodi, Bengaluru, Karnataka 560030, India",12.935205,77.609251,OPERATIONAL,place_id
234,"Pizza Hut - Airport Road, Bangalore","Surya Chambers, HAL Old Airport Road, Bengaluru, Karnataka, India",560017,560017,Yes,Bengaluru,Karnataka,089768 84913,https://restaurants.pizzahut.co.in/pizza-hut-airport-road-pizza-restaurant-airport-road-bengaluru-1134/Home,ChIJU3JoG_gTrjsRp3VE0yi0MA8,12.9591712,77.6544225,"Pizza Hut | Airport Road, Bangalore","Surya Chambers, HAL Old Airport Rd, Kaveri Nagar, Bengaluru, Karnataka 560017, India",12.9591712,77.6544225,OPERATIONAL,place_id
235,"Pizza Hut - Arakere Gate, Bangalore","CMC Khata No 1377, Sy No 148/1 & 148/2, Bannerghatta Main Rd, Sundaram Shetty Ngr, Arakere Gate, Bengaluru, Karnataka, India",560076,560076,Yes,Bengaluru,Karnataka,098992 09192,https://restaurants.pizzahut.co.in/pizza-hut-sundaram-shetty-ngr-pizza-restaurant-sundaram-shetty-ngr-bengaluru-104908/Home,ChIJEyDJvSUVrjsRdakMpypaiME,12.8912066,77.5985854,"Pizza Hut | Arakere Gate, Bangalore","CMC Khata No 1377, Sy No 148/1 & 148, Sundaram Shetty Ngr, 2, Bannerghatta Rd, Arakere Gate, Sundar Ram Shetty Nagar, Bilekahalli, Bengaluru, Karnataka 560076, India",12.8912066,77.59858539999999,OPERATIONAL,place_id
236,"Pizza Hut - Ascendas Park Square Mall, Bangalore","LG/02, L Bsmt, Ascendas Park Sq Mall, Main Road,Whitefield, Bengaluru, Karnataka, India",560066,560066,Yes,Bengaluru,Karnataka,080 6122 4796,https://restaurants.pizzahut.co.in/pizza-hut-whitefield-pizza-restaurant-whitefield-bengaluru-1182/Home,ChIJiYMgHOURrjsRxlDwap0Uflg,12.9870392,77.736366,"Pizza Hut | Ascendas Park Square Mall, Bangalore","L Bsmt, Ascendas Park Sq Mall, LG/02, Main Road, Pattandur Agrahara, Whitefield, Bengaluru, Karnataka 560066, India",12.9870392,77.73636599999999,OPERATIONAL,place_id
237,"Pizza Hut - Ashwath Nagar, Bengaluru","No 352, Samrudhi Nilaya, Ashwath Nagar, Thanisandra Main Road, Near Anjaneya Temple, Bengaluru, Karnataka, India",560077,560077,Yes,Bengaluru,Karnataka,086554 72410,https://restaurants.pizzahut.co.in/pizza-hut-ashwath-thanisandra-pizza-restaurant-thanisandra-main-road-bengaluru-300163/Home,ChIJD7MtqkEXrjsRx8EopKVbBeI,13.052009,77.6311068,"Pizza Hut | Ashwath Nagar, Bengaluru","No 352, Samrudhi Nilaya, Thanisandra Main Rd, near Anjaneya Temple, Sinthan Nagar, Ashwath Nagar, Thanisandra, Bengaluru, Karnataka 560077, India",13.052009,77.6311068,OPERATIONAL,place_id
238,"Pizza Hut - Ayyappa Nagar, Bengaluru","Site No 2, GF, Siva Serinity Building, Kodigehalli Main Rd, Ayyappa Ngr, KR Puram, Next to Reliance Smart, Next to Reliance Smart, Bengaluru, Karnataka, India",560036,560036,Yes,Bengaluru,Karnataka,086556 89193,https://restaurants.pizzahut.co.in/pizza-hut-devasandra-ph-pizzerias-kr-puram-bengaluru-281041/Home,ChIJWa1BHwgRrjsRHUx1GA2BBKk,13.0044722,77.7168725,"Pizza Hut | Ayyappa Nagar, Bengaluru","Site No 2, GF, Siva Serinity Building, Kodigehalli Main Rd, next to Reliance Smart, Ayyappa Nagar, Krishnarajapuram, Bengaluru, Karnataka 560036, India",13.0044722,77.7168725,OPERATIONAL,place_id
239,"Pizza Hut - BTM Layout, Bangalore",,560076,560076,Yes,Bengaluru,Karnataka,,https://restaurants.pizzahut.co.in/pizza-hut-btm-layout-bangalore-in-karnataka-bangalore-btm-layout-63916/Home,ChIJuV6-V9kVrjsRd9jYWIrSALI,12.914255,77.606347,"Pizza Hut | BTM Layout, Bangalore","7th Main Rd, BTM Layout 2nd Stage, BTM Layout, Bengaluru, Karnataka 560076, India",12.914255,77.606347,OPERATIONAL,place_id
240,"Pizza Hut - BTM Layout, Bengaluru","Plot No 38, Madivala Dollars Scheme, BTM Layout, 1st Stage, 1stPhz, Marathalli, Bengaluru, Karnataka, India",560076,560037,No,Bengaluru,Karnataka,076691 68442,https://restaurants.pizzahut.co.in/pizza-hut-marathalli-pizza-restaurant-marathalli-bengaluru-44209/Home,ChIJCaboxDASrjsRIDdKzn00Vks,12.9562285,77.7097051,Pizza Hut | Marathahalli,"1st Floor, Spice Garden Compound Rd, Spice Garden Layout, Lakshminarayana Pura, Marathahalli, Bengaluru, Karnataka 560037, India",12.9567383,77.7087955,OPERATIONAL,place_id
241,"Pizza Hut - Bagulur, Bangalore","Ground Floor, 2nd Cross, Bagalur, Kattigenahalli, Vinayak Nagar, Bengaluru, Karnataka, India",560064,560064,Yes,Bengaluru,Karnataka,086556 16072,https://restaurants.pizzahut.co.in/pizza-hut-pizza-hut-bagalur-pizza-restaurant-vinayak-nagar-bengaluru-108913/Home,ChIJfS7Hjo4ZrjsRwf5veEJoZLc,13.1214772,77.6140386,"Pizza Hut | Bagulur, Bangalore","Ground Floor, 2nd Cross, Bagalur Main Rd, Vinayaka Nagar, Kattigenahalli, Bengaluru, Karnataka 560064, India",13.1214772,77.6140386,OPERATIONAL,place_id
242,"Pizza Hut - Banashankari 5th Block, Bengaluru","No 10, Sumukha Tower, GF, 100 Ft Ring Rd, 3rd Phz, 3rd Stage, 5th Blk, Banashankari, Bengaluru, Karnataka, India",560085,560085,Yes,Bengaluru,Karnataka,089768 84918,https://restaurants.pizzahut.co.in/pizza-hut-ph-banashankari-pizzerias-banashankari-bengaluru-289859/Home,ChIJ27TbJLA_rjsRfgNczV0GfLc,12.9285485,77.5453977,"Pizza Hut | Banashankari 5th Block, Bengaluru","No 10, Sumukha Tower, GF, 100 Ft Ring Rd 3rd Phz, 5th Block, Phase 3, Banashankari, Bengaluru, Karnataka 560085, India",12.9285485,77.5453977,OPERATIONAL,place_id
243,"Pizza Hut - Banashankari 5th Stage, Bangalore","No 410, Uttarahalli, Kengari Main Road, 5th stage, Banashankari, Opposite Manthri Alpine, Bengaluru, Karnataka, India",560061,560061,Yes,Bengaluru,Karnataka,092896 11331,https://restaurants.pizzahut.co.in/pizza-hut-ph-banashankari-5th-stage-bangalore-pizza-restaurant-banashankari-bengaluru-129855/Home,ChIJG1P8PE4_rjsRD-9XkhYUB1I,12.9045042,77.5274637,"Pizza Hut | Banashankari 5th Stage, Bangalore","410, Uttarahalli Kengari, Opposite Manthri Alpine, Main Road, 5th Stage, Banashankari, Bengaluru, Karnataka 560061, India",12.9045042,77.5274637,OPERATIONAL,place_id
244,"Pizza Hut - Banashankari 6th Stage, Bangalore","No 3 & 4, Survey No 7, Kanakapura Road, BSK 6 Stage, 4th B Block, Ganigarapalya, Bengaluru, Karnataka, India",560062,560109,No,Bengaluru,Karnataka,086556 16076,https://restaurants.pizzahut.co.in/pizza-hut-ph-bsk-6-pizza-restaurant-ganigarapalya-bengaluru-170305/Home,ChIJFfyJdF0_rjsRgVaNRKtoejg,12.8758331,77.5351217,"Pizza Hut | Banashankari 6th Stage, Bangalore","3 & 4, Survey No 7, 4th B Block, Kanakapura Main Rd, Ganigarapalya, BSK 6 Stage, Bengaluru, Hosahalli, Karnataka 560109, India",12.8758331,77.53512169999999,OPERATIONAL,place_id
245,"Pizza Hut - Banashankari, Bangalore","2469/2470, 21st Main Road, 24th Cross Road, Marenahalli, Banashankari Stage II, J. P. Nagar, Bengaluru, Karnataka, India",560070,560070,Yes,Bengaluru,Karnataka,086556 16052,https://restaurants.pizzahut.co.in/pizza-hut-banashankari-2nd-stage-pizza-restaurant-banashankari-2nd-stage-bengaluru-1152/Home,ChIJnV-654AVrjsRHn9LIfLDtM4,12.9241891,77.5643061,"Pizza Hut | Banashankari, Bangalore","2469/2470, 21st Main Road, 24th Cross Rd, Marenahalli, Banashankari 2nd Stage, J. P. Nagar, Bengaluru, Karnataka 560070, India",12.9241891,77.5643061,CLOSED_PERMANENTLY,place_id
246,"Pizza Hut - Bannerghatta, Bangalore","931, Bhavani Sadana, VijayaBank Colony, 4th Stage,Vijaya Bank Colony ,BTM,Sec 1, Bengaluru, Karnataka, India",560076,560076,Yes,Bengaluru,Karnataka,098991 90173,https://restaurants.pizzahut.co.in/pizza-hut-btm-sec-1-pizza-restaurant-btm-sec-1-bengaluru-23937/Home,ChIJ1yxaFNkUrjsRLwdUM-I6OZY,12.8928877,77.6118015,"Pizza Hut | Bannerghatta, Bangalore","931, Bhavani Sadana, VijayaBank Colony 4th Stage,Vijaya Bank Colony, Gangaparameshwari Nagar, Kodichikknahalli, Sec 1, BTM Layout, Bengaluru, Karnataka 560076, India",12.8928877,77.6118015,OPERATIONAL,place_id
247,"Pizza Hut - Basaveshwar Nagar, Bangalore","No 87, Bhima Jyothi LIC Colony, Chord Road,Basveshwar Nagar, Bengaluru, Karnataka, India",560079,560079,Yes,Bengaluru,Karnataka,086556 16051,https://restaurants.pizzahut.co.in/pizza-hut-basveshwar-nagar-pizza-restaurant-basveshwar-nagar-bengaluru-1153/Home,ChIJC8guzZs9rjsRn38pBOIQTNY,12.9973785,77.5406164,"Pizza Hut | Basaveshwar Nagar, Bangalore","No 87, Bhima Jyothi LIC Colony, Chord Rd, 3rd Stage, Basaveshwar Nagar, Bengaluru, Karnataka 560079, India",12.9973785,77.54061639999999,OPERATIONAL,place_id
248,"Pizza Hut - Begur Hobli, Bengaluru","No 35, Khata No 105, Doddathogur Road, Begur Hobli, Bengaluru, Karnataka, India",560100,560100,Yes,Bengaluru,Karnataka,086556 89188,https://restaurants.pizzahut.co.in/pizza-hut-neeladri-road-ph-pizzerias-begur-hobli-bengaluru-269517/Home,ChIJq-bY-K1rrjsRAogxAJfRmrU,12.8430781,77.6425555,"Pizza Hut | Begur Hobli, Bengaluru","Khata No 105, 35, Doddathogur Rd, Begur Hobli, Bengaluru, Doddathoguru, Karnataka 560100, India",12.8430781,77.6425555,OPERATIONAL,place_id
249,"Pizza Hut - Begur, Bengaluru","Khata No 10, Begur Koppa Road, Suraksha Nagar, Yelenahalli, Begur, Bengaluru, Karnataka, India",560068,560114,No,Bengaluru,Karnataka,086554 72411,https://restaurants.pizzahut.co.in/pizza-hut-ph-begur-koppa-road-pizza-restaurant-begur-bengaluru-306973/Home,ChIJ00W1yA9rrjsRZnRgQDnIvYQ,12.8599756,77.6129938,"Pizza Hut | Begur, Bengaluru","Khata No 10, Begur - Koppa Rd, Suraksha nagar, Yelenahalli, Begur, Bengaluru, Karnataka 560114, India",12.8599756,77.6129938,OPERATIONAL,place_id
250,"Pizza Hut - Bellandur, Bengaluru","No 8A, The Bay Building, RMZ Eco World, Doddakannelli Road,Bellandur, Bengaluru, Karnataka, India",560103,560103,Yes,Bengaluru,Karnataka,1800 202 2022,https://restaurants.pizzahut.co.in/pizza-hut-bellandur-pizza-restaurant-bellandur-bengaluru-44217/Home,ChIJK1k5_LQTrjsR3PhyeFLqezE,12.9203728,77.6852512,"Pizza Hut | Bellandur, Bengaluru","RMZ ECOWORLD, The Bay, No 8A, Doddakannelli Rd, Bellandur, Bengaluru, Karnataka 560103, India",12.9203728,77.6852512,OPERATIONAL,place_id
251,"Pizza Hut - Bhartiya City Centre, Bangalore","1st Floor, Bhartiya City, UN 07F, Mall, near Chokkanahali, Jayadev Vihar, Bengaluru, Karnataka, India",560064,560064,Yes,Bengaluru,Karnataka,076691 68450,https://restaurants.pizzahut.co.in/pizza-hut-ph-bhartiya-city-centre-mall-bangalore-pizza-restaurant-jayadev-vihar-bengaluru-125364/Home,ChIJRfpzeQ4ZrjsRAvyVd2CduXg,13.0833091,77.6423505,"Pizza Hut | Bhartiya City Centre, Bangalore","1st Floor, Bhartiya City, UN 07F, Mall, near Chokkanahali, Jayadev Vihar, Bengaluru, Karnataka 560064, India",13.0833091,77.64235049999999,OPERATIONAL,place_id
252,"Pizza Hut - Bomanahalli, Bangalore","New Khata No 2004/606/601/284/6/56/13, Ward No 190,Garvebhavipalya,Begur, Bengaluru, Karnataka, India",560068,560068,Yes,Bengaluru,Karnataka,070650 11800,https://restaurants.pizzahut.co.in/pizza-hut-begur-pizza-restaurant-begur-bengaluru-81401/Home,ChIJa41saa4VrjsR7cNoMF5Li4c,12.892073,77.63760669999999,"Pizza Hut | Bomanahalli, Bangalore","New Khata No 2004 606/601/284/6/56/13, Ward No, 190, Garvebhavipalya, Garebhavipalya, Begur, Bengaluru, Karnataka 560068, India",12.892073,77.63760669999999,OPERATIONAL,place_id
253,"Pizza Hut - Bomasandra, Bangalore",,560099,560099,Yes,Bengaluru,Karnataka,,https://restaurants.pizzahut.co.in/pizza-hut-electronic-city-pizza-restaurant-electronic-city-bengaluru-1207/Home,ChIJI30bemptrjsRG5ZLOJ6ju1w,12.8236681,77.6849902,"Pizza Hut | Bomasandra, Bangalore","No 55, Bommasandra Village Hosur Road, Hobli, RS Gardens, Vidyanagar, Attibele, Bengaluru, Karnataka 560099, India",12.8236681,77.6849902,OPERATIONAL,place_id
254,"Pizza Hut - C V Raman Nagar, Bangalore","Versova Layout, Kaggadasapura Main Road, C V Raman Nagar, Bengaluru, Karnataka, India",560093,560093,Yes,Bengaluru,Karnataka,089290 33140,https://restaurants.pizzahut.co.in/pizza-hut-cv-raman-nagar-pizza-restaurant-cv-raman-nagar-bengaluru-1219/Home,ChIJHQPR1UkRrjsRuI25GYW85Vc,12.9857867,77.6683383,"Pizza Hut | C V Raman Nagar, Bangalore","Versova Layout, Kaggadasapura Main Rd, Nagavarapalya, C V Raman Nagar, Bengaluru, Karnataka 560093, India",12.9857867,77.6683383,OPERATIONAL,place_id
255,"Pizza Hut - CMH Road, Bangalore","No 1/1A, CMH Road, Indiranagar, Bengaluru, Karnataka, India",560038,560038,Yes,Bengaluru,Karnataka,089760 83455,https://restaurants.pizzahut.co.in/pizza-hut-indiranagar-pizza-restaurant-indiranagar-bengaluru-1140/Home,ChIJX-547aQWrjsRenl27sGSY6s,12.9782299,77.6405215,"Pizza Hut | CMH Road, Bangalore","No 1, 1A, Chinmaya Mission Hospital Rd, Stage 1, Indiranagar, Bengaluru, Karnataka 560038, India",12.9782299,77.64052149999999,OPERATIONAL,place_id
256,"Pizza Hut - Cental 3 Mall, Bangalore","SN 5/78/7, Bellandur Vill, Sarjapura Road, Varthur Hobli, Bengaluru, Karnataka, India",560103,560103,Yes,Bengaluru,Karnataka,089768 84926,https://restaurants.pizzahut.co.in/pizza-hut-varthur-hobli-pizza-restaurant-varthur-hobli-bengaluru-1172/Home,ChIJN2w-X3UTrjsRSwEWB_6iraI,12.9257897,77.6754179,"Pizza Hut | Cental 3 Mall, Bangalore","SN 5/78/7, Bellandur Vill Sarjapura Road, Hobli, Varthur, Bellandur, Bengaluru, Karnataka 560103, India",12.9257897,77.6754179,OPERATIONAL,place_id
257,"Pizza Hut - Chandapura, Bangalore","Site No, 483 to 486, Chandapura - Anekal Road, near Surya City, Suryanagar Phase I, Chandapura, Iggalur, Bengaluru, Karnataka, India",560081,560081,Yes,Bengaluru,Karnataka,098732 61913,https://restaurants.pizzahut.co.in/pizza-hut-ph-chandapura-bangalore-pizzerias-chandapura-bengaluru-259071/Home,ChIJP9kHvodvrjsRNYDQaJ-2tHQ,12.7891241,77.7044422,"Pizza Hut | Chandapura, Bangalore","Site No 483 to 486, Chandapura- Anekal Rd, near Surya City, Iggalur, Suryanagar Phase I, Chandapura, Bengaluru, Andapura, Karnataka 560081, India",12.7891241,77.7044422,OPERATIONAL,place_id
258,Pizza Hut - Coles Road,"Coles Road, Pulikeshi Nagar, Bengaluru, Karnataka, India",560005,560005,Yes,Bengaluru,Karnataka,,https://restaurants.pizzahut.co.in/pizza-hut-frazer-town-pizza-restaurant-frazer-town-bengaluru-1167/Home,ChIJ0xznBvQWrjsRpl0KcHd70Ro,12.995528,77.6137595,Pizza Hut | Coles Road,"Coles Rd, Cleveland Town, Fraser Town, Bengaluru, Karnataka 560005, India",12.995528,77.6137595,OPERATIONAL,place_id
259,"Pizza Hut - Devanhalli, Bengaluru","NH Service Road, NH7 Bypass, Devanhalli, Bengaluru, Karnataka, India",562110,562110,Yes,Bengaluru,Karnataka,089290 34864,https://restaurants.pizzahut.co.in/pizza-hut-devanhalli-bengaluru-in-karnataka-bengaluru-devanhalli-26474/Home,ChIJoWO1IwDjsTsRubEko6ONrAM,13.2640587,77.7186157,"Pizza Hut | Devanhalli, Bengaluru","NH Service Road, NH7, Bypass, Devanhalli, Bengaluru, Devanahalli, Karnataka 562110, India",13.2640587,77.7186157,OPERATIONAL,place_id
260,"Pizza Hut - Deverachikkana Halli, Bangalore","Ground Floor Begur, No 11 & 12, Hobli Road, Kodickickannahalli, Bengaluru, Karnataka, India",560114,560114,Yes,Bengaluru,Karnataka,089290 35912,https://restaurants.pizzahut.co.in/pizza-hut-ph-dever-chikkanahalli-bangalore-pizzerias-kodickickannahalli-bengaluru-185502/Home,ChIJgQK6I-8VrjsRT_KaEwwEk8A,12.8944158,77.6201018,"Pizza Hut | Deverachikkana Halli, Bangalore","Ground Floor Begur, No 11 & 12, Hobli Road, Maruthi Layout, Devarachiknahalli, Kodickickannahalli, Bengaluru, Karnataka 560114, India",12.8944158,77.6201018,OPERATIONAL,place_id
261,"Pizza Hut - Dommasandra, Bangalore","183/4, No 6 to 8, K Manjunath Reddy Cplx, Sarjapura Main Road, Dommasandra, Opposite Silver Oak School, Bengaluru, Karnataka, India",562125,562125,Yes,Bengaluru,Karnataka,086556 16080,https://restaurants.pizzahut.co.in/pizza-hut-dommasandra-bangalore-pizzerias-dommasandra-bengaluru-192838/Home,ChIJrZDRBP8TrjsRztWV5RHcSyo,12.886024,77.743574,"Pizza Hut | Dommasandra, Bangalore","183/4, No 6 to 8, K Manjunath Reddy Cplx, Sarjapur - Marathahalli Rd, opposite Silver Oak School, Dommasandra, Domsandra, Karnataka 562125, India",12.886024,77.743574,OPERATIONAL,place_id
262,"Pizza Hut - Electronic City 3rd Cross Road, Bengaluru",,560100,560100,Yes,Bengaluru,Karnataka,,https://restaurants.pizzahut.co.in/pizza-hut-electronic-city-pizza-restaurant-electronic-city-bengaluru-1283/Home,ChIJI59HC4ZsrjsRIU8YlmuG364,12.8405102,77.6636805,"Pizza Hut | Electronic City 3rd Cross Road, Bengaluru","V3, 3rd Cross Rd, Indra Nagar, Electronic City Phase I, Electronic City, Doddathoguru, Karnataka 560100, India",12.8405102,77.6636805,OPERATIONAL,place_id
263,Pizza Hut - Embassy Tech Village,,560103,560103,Yes,Bengaluru,Karnataka,,https://restaurants.pizzahut.co.in/pizza-hut-embassy-tech-village-in-karnataka-bengaluru-devarabisanahalli-11275/Home,ChIJWbc98iQTrjsRCtCuZK_c2kE,12.927404,77.692129,Pizza Hut | Embassy Tech Village,"Unit no. 6, Parcel 5, Embassy Tech, Ground Flr, BLOCK-D, Hobli, Varthur, Devarabisanahalli, Bellandur, Bengaluru, Karnataka 560103, India",12.927404,77.692129,OPERATIONAL,place_id
264,"Pizza Hut - GT Mall, Bangalore","GT World Mall, Magadi Main Road, Cholourpalya, Bengaluru, Karnataka, India",560023,560023,Yes,Bengaluru,Karnataka,097116 34462,https://restaurants.pizzahut.co.in/pizza-hut-ph-gt-world-mall-bangalore-pizza-restaurant-cholourpalya-bengaluru-197658/Home,ChIJFYNP6Eo9rjsRIb5Zz2FaJDY,12.9739728,77.5514418,"Pizza Hut | GT Mall, Bangalore","GT World Mall, Magadi Main Rd, Cholur Palya, Vijayanagar, Bengaluru, Karnataka 560023, India",12.9739728,77.55144179999999,OPERATIONAL,place_id
265,"Pizza Hut - Gandhi Bazzar Basavangudi, Bangalore","79/1, GF, Aishwarya Sampurna, BBMP South, Vani Vilas Rd, Gandhi Bazzar, Basavanagudi, Bengaluru, Karnataka, India",560004,560004,Yes,Bengaluru,Karnataka,098994 97294,https://restaurants.pizzahut.co.in/pizza-hut-basavanagudi-pizza-restaurant-basavanagudi-bengaluru-1208/Home,ChIJ-wAwhvMVrjsRUQ2DjicUhB0,12.9481186,77.5688196,"Pizza Hut | Gandhi Bazzar Basavangudi, Bangalore","GF, Aishwarya, Sampurna Apartment, BBMP South, 79/1, Vanivilas Rd, Gandhi Bazaar, Basavanagudi, Bengaluru, Karnataka 560004, India",12.9481186,77.5688196,OPERATIONAL,place_id
266,"Pizza Hut - Giddenahalli, Bangalore","Survey No 746 Thirumagondanahali, Service Rd, next to Adyar, Anand Bhawan, Giddenahali, Bengaluru, Karnataka, India",562107,562107,Yes,Bengaluru,Karnataka,089290 97042,https://restaurants.pizzahut.co.in/pizza-hut-ph-attebelle-giddenahalli-pizzerias-giddenahali-bengaluru-180268/Home,ChIJJcUOX2dxrjsR5J981ASFlP8,12.781457,77.7642087,"Pizza Hut | Giddenahalli, Bangalore","Survey No 746 Thirumagondanahali, Service Rd, next to Adyar, Anand Bhawan, Giddenahali, Bengaluru, Attibele, Karnataka 562107, India",12.781457,77.7642087,OPERATIONAL,place_id
267,"Pizza Hut - Global Mall Salarpuria, Banaglore","Shopping Mall, Sattva Divinity Residential, Pantarapalya, Nayanda Halli, Bengaluru, Karnataka, India",560026,560026,Yes,Bengaluru,Karnataka,076691 59181,https://restaurants.pizzahut.co.in/pizza-hut-ph-global-malls-nayandra-hall-pizzerias-nayanda-halli-bengaluru-235136/Home,ChIJhahR-Og_rjsRwDYV-C9xQa4,12.9404581,77.5247651,"Pizza Hut | Global Mall Salarpuria, Bangalore","Shopping Mall, Sattva Divinity Residential, Pantarapalya, Nayanda Halli, Bengaluru, Karnataka 560026, India",12.9404581,77.5247651,OPERATIONAL,place_id
268,"Pizza Hut - Gottigere, Bangalore","No 2, VP Katha No 301, Uttarahalli Hobli, Gottigere, Bengaluru, Karnataka, India",560083,560083,Yes,Bengaluru,Karnataka,086556 16077,https://restaurants.pizzahut.co.in/pizza-hut-ph-gottigere-pizzerias-gottigere-bengaluru-182923/Home,ChIJ2y9Kbo1rrjsRMIRNxfFyvhE,12.8547918,77.5884902,"Pizza Hut | Gottigere, Bangalore","No 2, VP Katha No 301, Shivanna Layout, Uttarahalli Hobli, Gottigere, Bengaluru, Karnataka 560083, India",12.8547918,77.5884902,OPERATIONAL,place_id
269,"Pizza Hut - HMT Layout, Bengaluru",,560054,560054,Yes,Bengaluru,Karnataka,,https://restaurants.pizzahut.co.in/pizza-hut-hmt-layout-bengaluru-in-karnataka-bengaluru-mathikere-54927/Home,ChIJi_n26z89rjsRRi8NwVdOJVs,13.033384,77.558223,"Pizza Hut | HMT Layout, Bengaluru","No 438/C, HMT Main Rd, Gokul 1st stage, HMT Layout, Mathikere, Bengaluru, Karnataka 560054, India",13.033384,77.558223,OPERATIONAL,place_id
270,"Pizza Hut - HSR Layout, Bangalore","No 3, Ground Floor, HSR Layout, Sector 4, Opposite BDA Complex, Bengaluru, Karnataka, India",560102,560102,Yes,Bengaluru,Karnataka,086556 16071,https://restaurants.pizzahut.co.in/pizza-hut-hsr-layout-pizza-restaurant-hsr-layout-sector-4-bengaluru-1450/Home,ChIJO1aNBXEVrjsRgFBnYs0SPmw,12.9146692,77.6383102,"Pizza Hut | HSR Layout, Bangalore","No 3, Ground Floor, opposite BDA Complex, Sector 4, HSR Layout, Bengaluru, Karnataka 560102, India",12.9146692,77.63831019999999,OPERATIONAL,place_id
271,"Pizza Hut - Hesarghatta Main Rd, Bangalore","No 751, Geleyara Balaga Layout, Hesarghatta Main Road, Jalahalli West, Bengaluru, Karnataka, India",560090,560090,Yes,Bengaluru,Karnataka,084472 03213,https://restaurants.pizzahut.co.in/pizza-hut-ph-hesarghatta-main-rd-jalahalli-west-pizza-restaurant-jalahalli-west-bengaluru-127528/Home,ChIJXePNF8AjrjsR8XmjxGzZcOY,13.0697211,77.5040405,"Pizza Hut | Hesarghatta Main Rd, Bangalore","No 751, Hesarghatta Rd, Geleyara Balaga Layout, Jalahalli West, Bengaluru, Karnataka 560090, India",13.0697211,77.5040405,OPERATIONAL,place_id
272,"Pizza Hut - Hoodi Metro Station, Bengaluru","No 408/1, Unit No 1, New No 437, Hoodi Graphite Road, Opposite Hoodi Metro Station, Bengaluru, Karnataka, India",560048,560048,Yes,Bengaluru,Karnataka,086556 89192,https://restaurants.pizzahut.co.in/pizza-hut-hoodi-ph-pizzerias-hoodi-graphite-road-bengaluru-275546/Home,ChIJe74w8XURrjsRxOa5UyGidh4,12.9893681,77.7119163,"Pizza Hut | Hoodi Metro Station, Bengaluru","Unit No 1, New No 437, Metro Station, 408/1, Graphite India Main Rd, opposite Hoodi, Hoodi, KEB Colony, Industrial Area, Mahadevapura, Bengaluru, Karnataka 560048, India",12.9893681,77.7119163,OPERATIONAL,place_id
273,"Pizza Hut - Horamavu, Bangalore","No 19, Ground Floor, Sheshadri Plaza, 3rd Main Road, Horamavu, Bengaluru, Karnataka, India",560043,560113,No,Bengaluru,Karnataka,098995 52532,https://restaurants.pizzahut.co.in/pizza-hut-horamavu-bangalore-pizzerias-horamavu-bengaluru-285254/Home,ChIJT0Ey7bcRrjsRkphES4oDO-o,13.0208199,77.6570216,"Pizza Hut | Horamavu, Bangalore","No 19, Ground Floor, Sheshadri Plaza, 3rd Main Rd, Kallumantapa, Horamavu, Bengaluru, Karnataka 560113, India",13.0208199,77.6570216,OPERATIONAL,place_id
274,"Pizza Hut - Hosa Road, Bangalore","Main Road, Kasavanahalli, Bengaluru, Karnataka, India",560035,560035,Yes,Bengaluru,Karnataka,085888 32485,https://restaurants.pizzahut.co.in/pizza-hut-ph-kasavanahalli-hosa-road-pizzerias-kasavanahalli-bengaluru-250619/Home,ChIJeXs6IjoTrjsRd4pLacqr_8Y,12.9010408,77.6756895,"Pizza Hut | Hosa Road, Bangalore","Main Road, Kasavanahalli, Bengaluru, Karnataka 560035, India",12.9010408,77.67568949999999,OPERATIONAL,place_id
275,"Pizza Hut - Hoskote, Bangalore","VM Icon Om Road, National Highway 75, opposite Reliance Petrol Pump, Hoskote, Bengaluru, Karnataka, India",562114,562114,Yes,Bengaluru,Karnataka,089768 84945,https://restaurants.pizzahut.co.in/pizza-hut-pizza-hut-hoskote-pizza-restaurant-hoskote-bengaluru-132489/Home,ChIJH2i6wKEFrjsRQgBQ2R0L9vM,13.0743572,77.7913902,"Pizza Hut | Hoskote, Bangalore","VM Icon Om Road, 75, National Highway, opposite Reliance Petrol Pump, Hoskote, Bengaluru, Karnataka 562114, India",13.0743572,77.7913902,OPERATIONAL,place_id
276,"Pizza Hut - JP Nagar 4th Phase, Bangalore","Site No 2, Ground Floor, 4th Phase, 100 Feet Road, JP Nagar, Bengaluru, Karnataka, India",560078,560078,Yes,Bengaluru,Karnataka,1800 202 2022,https://restaurants.pizzahut.co.in/pizza-hut-ph-jp-nagar-bangalore-new-pizza-restaurant-jp-nagar-bengaluru-313295/Home,ChIJ3_vuB1MVrjsRDmkTRBvyuNk,12.9061732,77.5952717,"Pizza Hut | JP Nagar 4th Phase, Bangalore","Site No 2, Ground Floor, A One, 100 Feet Ring Rd, JP Nagar 4th Phase, Dollar Layout, Phase 4, J. P. Nagar, Bengaluru, Karnataka 560078, India",12.9061732,77.5952717,CLOSED_PERMANENTLY,place_id
277,"Pizza Hut - JP Nagar, Bangalore","UN 76, RBI East Layout, 7th Phase, Puttenahalli Road, JP Nagar, Bengaluru, Karnataka, India",560078,560078,Yes,Bengaluru,Karnataka,089768 84914,https://restaurants.pizzahut.co.in/pizza-hut-jp-nagar-pizza-restaurant-jp-nagar-bengaluru-21761/Home,ChIJyULY1kYVrjsRwjdbAtEd8pw,12.8925585,77.5817045,"Pizza Hut | JP Nagar, Bangalore","UN 76, RBI East Layout, Puttenahalli Rd, Ramaiah Garden, JP Nagar 7th Phase, J. P. Nagar, Bengaluru, Karnataka 560078, India",12.8925585,77.5817045,OPERATIONAL,place_id
278,"Pizza Hut - K R Puram, Bengaluru","No 19/3, Plot No 6, K R Puram, Banaswadi Dhakle,Hobli,Rammurthy Nagar, Opposite BPCL Petrol Pump, Bengaluru, Karnataka, India",560016,560043,No,Bengaluru,Karnataka,076691 59187,https://restaurants.pizzahut.co.in/pizza-hut-rammurthy-nagar-pizza-restaurant-rammurthy-nagar-bengaluru-1216/Home,ChIJnWf9JIwUrjsRKtsrMzHR_XM,13.0133427,77.6614487,"Pizza Hut | K R Puram, Bengaluru","No 19/3, Plot No 6, K R Puram Banaswadi, Hobli, opposite BPCL Petrol Pump, Green Park Layout, Ramamurthy Nagar, Dhakle, Bengaluru, Karnataka 560043, India",13.0133427,77.6614487,OPERATIONAL,place_id
279,"Pizza Hut - Kamanhalli, Bangalore","No 12, CMR Road,2nd Block,Kalyan Nagar, Bengaluru, Karnataka, India",560043,560043,Yes,Bengaluru,Karnataka,086556 16075,https://restaurants.pizzahut.co.in/pizza-hut-pizza-hut-kalyan-nagar-pizza-restaurant-kalyan-nagar-bengaluru-125218/Home,ChIJ0blbPm4XrjsRqkQ4dJURUjA,13.0217221,77.6401077,"Pizza Hut | Kamanhalli, Bangalore","2nd Block, 12, CMR Main Rd, HRBR Layout 2nd Block, HRBR Layout, Kalyan Nagar, Bengaluru, Karnataka 560043, India",13.0217221,77.6401077,OPERATIONAL,place_id
280,"Pizza Hut - Kanaka Nagar, Bengaluru","No 95/74/40/1, KHB Road, Adarsha Nagar, Kavalbyrasandra, Bengaluru, Karnataka, India",560032,560032,Yes,Bengaluru,Karnataka,1800 202 2022,https://restaurants.pizzahut.co.in/pizza-hut-kanakanagar-pizza-restaurant-kavalbyrasandra-bengaluru-300083/Home,ChIJUZ353TAXrjsRiSTfwsrSV3Q,13.031262,77.608462,"Pizza Hut | Kanaka Nagar, Bengaluru","95/74/40/1, KHB Colony Main Rd, Kaveri Nagar, Kaval Bairasandra, Bengaluru, Karnataka 560032, India",13.031262,77.608462,OPERATIONAL,place_id
281,"Pizza Hut - Kasaba Hobli, Bengaluru","K6, 132/1A, 132/1B, 133/2, 133/1 & 134/1, Nagvara, Thanisandra Main Rd, Kasaba Hobli, Bengaluru, Karnataka, India",560077,560077,Yes,Bengaluru,Karnataka,084315 38079,https://restaurants.pizzahut.co.in/pizza-hut-msr-regaliaa-elements-mall-pizza-restaurant-kasaba-hobli-bengaluru-305351/Home,ChIJzRzrmKEXrjsRNfVGumhImDE,13.0451342,77.6262207,"Pizza Hut | Kasaba Hobli, Bengaluru","K6, 132/1A, 132/1B, 133/2, 133/1 & 134/1 Nagvara, Thanisandra Main Rd, MS Ramaiah North City, Manayata Tech Park, Kasaba Hobli, Bengaluru, Karnataka 560077, India",13.0451342,77.62622069999999,OPERATIONAL,place_id
282,"Pizza Hut - Kengeri, Bangalore","BDA Site No 1106, Khatha No 476/1106/416, BBMP, Ward No 159, Kengeri Satellite Town, Bengaluru, Karnataka, India",560060,560060,Yes,Bengaluru,Karnataka,095820 88091,https://restaurants.pizzahut.co.in/pizza-hut-ph-kengeri-satellite-town-pizza-restaurant-kengeri-satellite-town-bengaluru-110314/Home,ChIJy7_Jm50_rjsRbLDgtnpltr4,12.9195483,77.4832631,"Pizza Hut | Kengeri, Bangalore","BDA Site No 1106, Khatha No 476/1106/416 BBMP, Ward No 159, Stage I, Kengeri Satellite Town, Bengaluru, Karnataka 560060, India",12.9195483,77.4832631,OPERATIONAL,place_id
283,"Pizza Hut - Konanakunte, Bengaluru","Ground Floor, Forum Mall Rd,Konanakunte, Bengaluru, Karnataka, India",560062,560062,Yes,Bengaluru,Karnataka,086556 16081,https://restaurants.pizzahut.co.in/pizza-hut-ph-falcon-forum-mall-pizza-restaurant-konanakunte-bengaluru-305350/Home,ChIJwSG-QGIVrjsRFkR-e9gH8Gs,12.8884803,77.5634175,"Pizza Hut | Konanakunte, Bengaluru","Ground Floor, Forum Mall Rd, Anjanadri Layout, Konanakunte, Bengaluru, Karnataka 560062, India",12.8884803,77.5634175,OPERATIONAL,place_id
284,"Pizza Hut - Koramangla, Bangalore","No 487, 80 Feet Road,6th Block,Koramangala, Opposite to BATA Shoes, Bengaluru, Karnataka, India",560095,560095,Yes,Bengaluru,Karnataka,086556 16055,https://restaurants.pizzahut.co.in/pizza-hut-koramangala-pizza-restaurant-koramangala-bengaluru-1160/Home,ChIJGR1d60YUrjsRtRqxM5tSTF8,12.9399604,77.6251694,"Pizza Hut | Koramangla, Bangalore","487, 80 Feet Rd, opposite to BATA Shoes, 6th Block, Koramangala, Bengaluru, Karnataka 560095, India",12.9399604,77.62516939999999,OPERATIONAL,place_id
285,Pizza Hut - Kumarswamy,,560078,560111,No,Bengaluru,Karnataka,,https://restaurants.pizzahut.co.in/pizza-hut-kumarswamy-in-karnataka-bengaluru-kumaraswamy-layout-2nd-stage-18615/Home,ChIJ-eSzzi0_rjsRksRX9Hjsi4I,12.906918,77.559745,Pizza Hut | Kumarswamy,"1813, 50 Feet Main Rd, Kumaraswamy Layout 2nd Stage, Kumaraswamy Layout, Bengaluru, Karnataka 560111, India",12.906918,77.55974499999999,OPERATIONAL,place_id
286,"Pizza Hut - Lotus Mall Magadi Road, Bangalore","No 6/1A3, Kishan Enterprises, Srigandhada Kaval, Sunkadakatte, Hoysala Nagar, Bengaluru, Karnataka, India",560091,560091,Yes,Bengaluru,Karnataka,086556 16079,https://restaurants.pizzahut.co.in/pizza-hut-pizza-hut-magadi-road-pizza-restaurant-sunkadakatte-bengaluru-137198/Home,ChIJG4--ZB09rjsR0Fodj27RnNk,12.9892726,77.5004254,"Pizza Hut | Lotus Mall Magadi Road, Bangalore","No 6/1A3, Kishan Enterprises, Srigandhada Kaval, Hoysala Nagar, Sunkadakatte, Bengaluru, Karnataka 560091, India",12.9892726,77.5004254,OPERATIONAL,place_id
287,"Pizza Hut - Lulu Mall, Bangalore","Lulu India Shopping Mall, Gopalapura, Binnipete, Bengaluru, Karnataka, India",560036,560072,No,Bengaluru,Karnataka,086556 16070,https://restaurants.pizzahut.co.in/pizza-hut-pizza-hut-lulu-mall-pizza-restaurant-binnipete-bengaluru-129370/Home,ChIJafRSQwsXrjsReHlTbN-bKgo,12.9712537,77.51065,"Pizza Hut | Lulu Mall, Bangalore","Lulu India Shopping Mall, 11th Block, 10 Block, Gopalapura, Binnipete, Bengaluru, Karnataka 560072, India",12.9712537,77.51065,OPERATIONAL,place_id
288,Pizza Hut - M5 Mall,"FS 06, Level 4, Veersandra Indl Area, Electronic City, Near Mahindra 5ivepillars LLP, Bengaluru, Karnataka, India",560100,560100,Yes,Bengaluru,Karnataka,1800 202 2022,https://restaurants.pizzahut.co.in/pizza-hut-electronic-city-bengaluru-in-karnataka-bengaluru-near-mahindra-5ivepillars-llp-48310/Home,ChIJB5g_ZsNtrjsRwZ3Gzhz9EGg,12.8421901,77.6770939,Pizza Hut | M5 Mall,"Level 4, FS 06, Veerasandra Main Rd, near Mahindra 5ivepillars LLP, BTM Phase 1, Indl Area, Electronic City, Hebbagodi, Karnataka 560100, India",12.8421901,77.6770939,OPERATIONAL,place_id
289,"Pizza Hut - Madiwala, Bengaluru","No 18, Old No 1, 1st A, Main Road, Maruti Nagar, Madiwala, Bengaluru, Karnataka, India",560068,560068,Yes,Bengaluru,Karnataka,086554 72409,https://restaurants.pizzahut.co.in/pizza-hut-maruthi-nagar-ph-pizzerias-madiwala-bengaluru-292598/Home,ChIJjTDR1oEVrjsRJ6E80xNe-So,12.9260291,77.6154152,"Pizza Hut | Madiwala, Bengaluru","No 18, Old No 1, 1st A Main Road, Maruti Nagar, Madiwala New Extension, Madiwala, 1st Stage, BTM 1st Stage, Bengaluru, Karnataka 560068, India",12.9260291,77.6154152,OPERATIONAL,place_id
290,Pizza Hut - Mantri Junction Bangalore,,560078,560078,Yes,Bengaluru,Karnataka,,https://restaurants.pizzahut.co.in/pizza-hut-ksrtc-layout-bangalore-in-karnataka-bangalore-j-p-nagar-91091/Home,ChIJbZMLel8VrjsRmOXSaEiHN70,12.9164879,77.592442,Pizza Hut | Mantri Junction Bangalore,"Ground Floor, Pantaloons Onloop, Mantri Junction, 45th Cross, opposite Jaya Nagar, Phase 2, Jayanagara 9th Block, J. P. Nagar, Bengaluru, Karnataka 560078, India",12.9164879,77.59244199999999,OPERATIONAL,place_id
291,"Pizza Hut - Menu Square, JP Nagar",,560076,560076,Yes,Bengaluru,Karnataka,,https://restaurants.pizzahut.co.in/pizza-hut-in-karnataka-bengaluru-bannerughatta-27629/Home,ChIJfZpQcaIVrjsRjBf-ExQOb4c,12.9051782,77.6020604,"Pizza Hut | Menu Square, JP Nagar","Menu Square, 174/1, Bannerghatta Rd, Dollar Layout, Phase 4, Bannerughatta, Bengaluru, Karnataka 560076, India",12.9051782,77.6020604,OPERATIONAL,place_id
292,Pizza Hut - Nagarbhavi,,560072,560072,Yes,Bengaluru,Karnataka,,https://restaurants.pizzahut.co.in/pizza-hut-nagarbhavi-in-karnataka-bengaluru-papareddy-palya-44779/Home,ChIJcwhrq4s9rjsR-nLZbooELfA,12.972311,77.508131,Pizza Hut | Nagarbhavi,"Ground Floor, 733, 80 Feet Ring Rd, Papareddy Palya, Marilingappa Extension, Nagarbhavi, Bengaluru, Karnataka 560072, India",12.972311,77.50813099999999,OPERATIONAL,place_id
293,"Pizza Hut - Nagarbhavi, Bangalore","No 21, Ara Viji Trade Square, Main Rd, Jnana Bharathi, Nagarbhavi Circle, Bengaluru, Karnataka, India",560072,560072,Yes,Bengaluru,Karnataka,089768 84934,https://restaurants.pizzahut.co.in/pizza-hut-nagarbhavi-circle-pizza-restaurant-nagarbhavi-circle-bengaluru-36117/Home,ChIJZ74FQ0w_rjsREkAreJrRPcI,12.958256,77.5189202,"Pizza Hut | Nagarbhavi, Bangalore","No 21, Ara Viji Trade Square Main Rd, Nagarbhavi Circle, Vidyagiri Layout, Jyothi Nagar, Stage 2, Gnana Bharathi, Bengaluru, Karnataka 560072, India",12.958256,77.5189202,OPERATIONAL,place_id
294,"Pizza Hut - Nandidurga Road, Bengaluru","No 30, Nandidurga Road, Bengaluru, Karnataka, India",560046,560046,Yes,Bengaluru,Karnataka,081231 17769,https://restaurants.pizzahut.co.in/pizza-hut-nandidurga-road-bengaluru-in-karnataka-bengaluru-nandidurga-road-31212/Home,ChIJffFynGUXrjsRqmAIIE_Wr84,13.002411,77.598241,"Pizza Hut | Nandidurga Road, Bengaluru","30, Nandi Durga Rd, J.C.Nagar, Bengaluru, Karnataka 560046, India",13.002411,77.598241,OPERATIONAL,place_id
295,"Pizza Hut - Nature Walk, Sarjapura","24 & 25, 124, Gr & 1st Flr, Natura Walk, No 43/2, Yamare, Sarjapur, Hobli, Anekal, Bengaluru, Karnataka, India",562125,562125,Yes,Bengaluru,Karnataka,085060 92527,https://restaurants.pizzahut.co.in/pizza-hut-ph-natura-walk-sarjapur-pizzerias-anekal-bengaluru-243334/Home,ChIJNQDgNBVzrjsRuGArSKh_Y08,12.8750679,77.7661221,"Pizza Hut | Nature Walk, Sarjapura","24 & 25, 124, Gr & 1st Flr, Natura Walk 43/2, Yamare, Sarjapur, Hobli, Anekal, Yamare, Karnataka 562125, India",12.8750679,77.76612209999999,OPERATIONAL,place_id
296,"Pizza Hut - Orion Uptown Mall, Bangalore","No 50, UG 03, LGF, Orion Mall, Bangalore East, Huskur, Bidarahalli Hobli, Bengaluru, Karnataka, India",560049,560049,Yes,Bengaluru,Karnataka,086556 16068,https://restaurants.pizzahut.co.in/pizza-hut-orion-mall-pizzerias-bidarahalli-hobli-bengaluru-185921/Home,ChIJZV4fcbsPrjsRxauyjOHnaqk,13.055825,77.763894,"Pizza Hut | Orion Uptown Mall, Bangalore","No 50, UG 03, LGF, Orion Mall Bangalore East, Huskur, Bidarahalli, Hobli, Sannatammanahalli, Huskur, Karnataka 560049, India",13.055825,77.76389400000001,OPERATIONAL,place_id
297,"Pizza Hut - Panathur, Bangalore","No 11, Muni Reddy Layout, Sanjeev Sadhan, Mariyappa Layout, Kadubesanahali, Panathur, Near Munireddy Layout, Bengaluru, Karnataka, India",560103,560103,Yes,Bengaluru,Karnataka,097110 26763,https://restaurants.pizzahut.co.in/pizza-hut-panathur-bangalore-pizzerias-panathur-bengaluru-286633/Home,ChIJIZ7RydETrjsRgT1YRzNLS_o,12.9382297,77.6989617,"Pizza Hut | Panathur, Bangalore","No 11, Sanjeev Sadhan, near Munireddy Layout, Munireddy Layout, Mariyappa Layout, Kadubesanahali, Panathur, Bengaluru, Karnataka 560103, India",12.9382297,77.6989617,OPERATIONAL,place_id
298,"Pizza Hut - RT Nagar, Bangalore","No 18, HMT Layout, 80 Feet Road,WN 20,RT Nagar, Bengaluru, Karnataka, India",560032,560032,Yes,Bengaluru,Karnataka,086556 16057,https://restaurants.pizzahut.co.in/pizza-hut-rt-nagar-pizza-restaurant-rt-nagar-bengaluru-6145/Home,ChIJBUflv6gXrjsRgtAYFyLtOJE,13.027306,77.5934182,"Pizza Hut | RT Nagar, Bangalore","No. 18, 80 Feet Rd, V . V Nagar, HMT Layout, WN 20, RT Nagar, Bengaluru, Karnataka 560032, India",13.027306,77.5934182,OPERATIONAL,place_id
299,"Pizza Hut - Rajaji Nagar, Bangalore","Shop No 97, JP Icon,1st Main, Dr Rajakumar Road, 2 Block, Rajajinagar, Bengaluru, Karnataka, India",560021,560010,No,Bengaluru,Karnataka,089290 34383,https://restaurants.pizzahut.co.in/pizza-hut-ph-rajaji-nagar-bangalore-pizza-restaurant-rajajinagar-bengaluru-299196/Home,ChIJ-1Wh0bA9rjsRlyKaCDlhxbg,12.9956923,77.554761,"Pizza Hut | Rajaji Nagar, Bangalore","Shop No 97, JP Icon,1st Main, Aragini Bhavan, Dr Rajkumar Rd, Mariappanapalya, Rajajinagar, Bengaluru, Karnataka 560010, India",12.9956923,77.55476100000001,OPERATIONAL,place_id
300,"Pizza Hut - Ramamurthy Nagar, Bangalore","No 129, Raghavendra Circle, Ramamurthy Nagar Extn, Beside Sri Chaitanya School, Bengaluru, Karnataka, India",560016,560016,Yes,Bengaluru,Karnataka,084472 01935,https://restaurants.pizzahut.co.in/pizza-hut-ph-ramamurthy-nagar-pizza-restaurant-ramamurthy-nagar-extn-bengaluru-128810/Home,ChIJjfS6dzARrjsRB75c2By3ic8,13.0192329,77.6730632,"Pizza Hut | Ramamurthy Nagar, Bangalore","129, Raghavendra Circle, beside Sri Chaitanya School, M Vishveshvaraiah Nagar, Ramamurthy Nagar, Bengaluru, Karnataka 560016, India",13.0192329,77.6730632,OPERATIONAL,place_id
301,"Pizza Hut - Rockline Mall, Jalahalli","No 8, Rockline Mall, Jalahalli Cross, Chokkasandra, T. Dasarahalli, Bengaluru, Karnataka, India",560053,560057,No,Bengaluru,Karnataka,076691 68449,https://restaurants.pizzahut.co.in/pizza-hut-t-dasarahalli-pizza-restaurant-t-dasarahalli-bengaluru-98973/Home,ChIJfzHkyS09rjsRDupb63fgMdg,13.040583,77.5182387,"Pizza Hut | Rockline Mall, Jalahalli","No 8, Rock Line Mall, Jalahalli Cross Rd, Chokkasandra, T. Dasarahalli, Bengaluru, Karnataka 560057, India",13.040583,77.5182387,OPERATIONAL,place_id
302,"Pizza Hut - Sahakara Nagar, Bangalore","SN 6 & 7, Sahakarnagar Main Road, Sahakar Nagar, Bengaluru, Karnataka, India",560092,560092,Yes,Bengaluru,Karnataka,076690 68634,https://restaurants.pizzahut.co.in/pizza-hut-sahakar-nagar-pizza-restaurant-sahakar-nagar-bengaluru-1211/Home,ChIJh6LFBiQYrjsRRZRaTIJgQ18,13.0636426,77.5908103,"Pizza Hut | Sahakara Nagar, Bangalore","SN 6 & 7, Sahakarnagar Main Rd, Park View Layout, Bengaluru, Karnataka 560092, India",13.0636426,77.5908103,OPERATIONAL,place_id
303,"Pizza Hut - Seegehalli Main Road, Bangalore","Apple City, Chaitanya Ananya, Krishnarajapura, SH 35, Seegehalli, Bengaluru, Karnataka, India",560067,560115,No,Bengaluru,Karnataka,076691 68446,https://restaurants.pizzahut.co.in/pizza-hut-ph-apple-city-seegehalli-pizzerias-seegehalli-bengaluru-247992/Home,ChIJVapbnuUPrjsRnWXDu3xPR-8,13.0086454,77.7586708,"Pizza Hut | Seegehalli Main Road, Bangalore","Apple City, SH 35, Chaitanya Ananya, Seegehalli, Krishnarajapuram, Bengaluru, Shigehalli, Karnataka 560115, India",13.0086454,77.75867079999999,OPERATIONAL,place_id
304,"Pizza Hut - Shanti Nagar, Bangalore","No 4/1, & 3 Shangnessy Road, Langford Town, Shanthi Nagar, Bengaluru, Karnataka, India",560025,560025,Yes,Bengaluru,Karnataka,086556 16061,https://restaurants.pizzahut.co.in/pizza-hut-shanti-nagar-bangalore-karnataka-bengaluru-shanthi-nagar-50364/Home,ChIJz2-qLdcVrjsRm9nn-JCd-9k,12.9624628,77.5990515,"Pizza Hut | Shanti Nagar, Bangalore","No 4 1, & 3, O Shaughnessy Rd, Langford Town, Shanti Nagar, Bengaluru, Karnataka 560025, India",12.9624628,77.5990515,OPERATIONAL,place_id
305,"Pizza Hut - Singasandra, Bangalore","No 26, Sri Lakshmi Venkateshwara Towers, Kuvempu badavane, Parappana Agrahara, Bengaluru, Karnataka, India",560100,560100,Yes,Bengaluru,Karnataka,089290 31350,https://restaurants.pizzahut.co.in/pizza-hut-ph-singasandara-bangalore-pizza-restaurant-parappana-agrahara-bengaluru-305346/Home,ChIJC5M6eKQTrjsRuqnAnjR8t24,12.879956,77.655003,"Pizza Hut | Singasandra, Bangalore","No 26, Sri Lakshmi Venkateshwara Towers, Kuvempu badavane, Parappana Agrahara, Bengaluru, Karnataka 560100, India",12.879956,77.655003,OPERATIONAL,place_id
306,"Pizza Hut - TC Palya Battarahalli, Bangalore","Sri Rama Corner Bldg, Anandpura Circle Rd, opposite Reliance Fresh Sannathammana Halli, TC Palya, Krishnarajapuram, Bengaluru, Karnataka, India",560036,560036,Yes,Bengaluru,Karnataka,089768 84941,https://restaurants.pizzahut.co.in/pizza-hut-fcd-tc-palya-pizza-restaurant-kr-puram-bengaluru-123390/Home,ChIJN_qhg3ERrjsRZqw8j-AJGEc,13.02287,77.69635,"Pizza Hut | TC Palya Battarahalli, Bangalore","Sri Rama Corner Bldg, Anandpura Circle Rd, opposite Reliance Fresh Sannathammana Halli, TC Palya, Krishnarajapuram, Bengaluru, Karnataka 560036, India",13.02287,77.69635,OPERATIONAL,place_id
307,"Pizza Hut - Ullal, Bangalore","No 6, Ullal Main Road, Muneswara Nagar, Near Mangalore PU College, Bengaluru, Karnataka, India",560056,560056,Yes,Bengaluru,Karnataka,098731 44675,https://restaurants.pizzahut.co.in/pizza-hut-ph-muneswara-nagar-ullal-pizza-restaurant-muneswara-nagar-bengaluru-130361/Home,ChIJ-9mosIo_rjsRQ6619hbtf7c,12.9512941,77.4930298,"Pizza Hut | Ullal, Bangalore","6, Ullal Main Rd, near Mangalore PU College, Annapurneshwari Layout, Muneshwara Nagar, Muneshwaranagar, Jnana Ganga Nagar, Bengaluru, Karnataka 560056, India",12.9512941,77.4930298,OPERATIONAL,place_id
308,"Pizza Hut - Uttarahalli Hobli, Bengaluru","1/151/0/58/113/58/44/9, Mallige Complex, 31, Chikkalasandra Main Road, KSRTC Layout, Uttarahalli Hobli, Bengaluru, Karnataka, India",560061,560061,Yes,Bengaluru,Karnataka,1800 202 2022,https://restaurants.pizzahut.co.in/pizza-hut-fcduttarahalli-pizzerias-uttarahalli-hobli-bengaluru-286637/Home,ChIJ9fFvOyE_rjsR9VWk7rYyLms,12.9102541,77.5511367,"Pizza Hut | Uttarahalli Hobli, Bengaluru","1/151/0/58/113/58/44/9, Mallige Complex, 31, Chikkalasandra Main Rd, KSRTC Layout, Uttarahalli Hobli, Bengaluru, Karnataka 560061, India",12.9102541,77.5511367,OPERATIONAL,place_id
309,"Pizza Hut - Varthur, Bangalore","Shop No 168/2, Ground Floor, Varthur Main Road, Gunjur, Bengaluru, Karnataka, India",560087,560087,Yes,Bengaluru,Karnataka,076690 65377,https://restaurants.pizzahut.co.in/pizza-hut-ph-varthur-main-road-gunjur-pizza-restaurant-gunjur-bengaluru-121522/Home,ChIJBQ_cIy0TrjsRWFqPSchuAbM,12.9254544,77.7371254,"Pizza Hut | Varthur, Bangalore","Shop No 168/2, Ground Floor, Varthur Rd, Gunjur Village, Bengaluru, Karnataka 560087, India",12.9254544,77.7371254,OPERATIONAL,place_id
310,"Pizza Hut - Vidyaranyapura, Bangalore","No G 572, 5th Block, Main Road, HMT Layout, Vidyaranyapura, Bengaluru, Karnataka, India",560097,560097,Yes,Bengaluru,Karnataka,070650 13030,https://restaurants.pizzahut.co.in/pizza-hut-vidyaranyapura-pizza-restaurant-vidyaranyapura-bengaluru-109103/Home,ChIJ_9e6DKojrjsRWVK4viLyFXw,13.0789318,77.5589062,"Pizza Hut | Vidyaranyapura, Bangalore","No G 572, 5th Block Main Road, HMT Layout, HMT Layout 5th Block, Vidyaranyapura, Bengaluru, Karnataka 560097, India",13.0789318,77.5589062,OPERATIONAL,place_id
311,"Pizza Hut - Vignan Nagar, Bangalore","Khatha No 14/161, Krishnarajapuram, Hobli, Vibhuthipura, Bengaluru, Karnataka, India",560037,560037,Yes,Bengaluru,Karnataka,089296 45227,https://restaurants.pizzahut.co.in/pizza-hut-vibhuthipura-pizza-restaurant-vibhuthipura-bengaluru-105239/Home,ChIJt02NxPcTrjsRts6mJG48XnQ,12.9701208,77.6822175,"Pizza Hut | Vignan Nagar, Bangalore","Khatha No, 14/161, Krishnarajapuram, Hobli, Vibhutipura, Bengaluru, Karnataka 560037, India",12.9701208,77.6822175,OPERATIONAL,place_id
312,"Pizza Hut - Vijay Nagar, Bangalore","No 16, 17th Cross, 21st Main Road,Vijaynagar, Bengaluru, Karnataka, India",560040,560040,Yes,Bengaluru,Karnataka,086556 16063,https://restaurants.pizzahut.co.in/pizza-hut-vijaynagar-pizza-restaurant-vijaynagar-bengaluru-1166/Home,ChIJ1UEV-d49rjsRV5FCA5ul8dw,12.9678136,77.53589,"Pizza Hut | Vijay Nagar, Bangalore","16, 17th Cross, 21st Main Rd, Govindaraja Nagar Ward, PF Layout, Vijayanagar, Bengaluru, Karnataka 560040, India",12.9678136,77.53589,OPERATIONAL,place_id
313,"Pizza Hut - Whitefield, Bangalore","Shop No 2, 001, Varthur Main Road, Varthur Kodi, Palm Meadows, Ramagondanahalli, Whitefield, Bengaluru, Karnataka, India",560066,560066,Yes,Bengaluru,Karnataka,089768 84938,https://restaurants.pizzahut.co.in/pizza-hut-fcd-whitefield-pizza-restaurant-whitefield-bengaluru-119170/Home,ChIJtdOUUpMTrjsRarQrIihW8_Q,12.9564256,77.7409227,"Pizza Hut | Whitefield, Bangalore","Shop No 2, 001, Varthur Main Rd, Varthur Kodi, Palm Meadows, Ramagondanahalli, Whitefield, Bengaluru, Karnataka 560066, India",12.9564256,77.7409227,OPERATIONAL,place_id
314,"Pizza Hut - Yelahanka, Bengaluru","No 9, Ground Floor, Sy No 58, Singanayakanahalli, Yelahanka, Bengaluru, Karnataka, India",560064,560119,No,Bengaluru,Karnataka,086556 89187,https://restaurants.pizzahut.co.in/pizza-hut-kar-rajankunte-ph-pizza-restaurant-yelahanka-bengaluru-263411/Home,ChIJNXskyj0ZrjsRiCD2lonbOag,13.1461471,77.5698879,"Pizza Hut | Yelahanka, Bengaluru","No 9, Ground Floor Sy No 58, Yelahanka, Singanayakanahalli, Bengaluru, Karnataka 560119, India",13.1461471,77.5698879,OPERATIONAL,place_id
315,"Pizza Hut - Yelahanka, Bengaluru","239/240, 4th Flr, Phoenix Mall of Asia, Bellary Road, Byatarayanapura, Yelahanka, Bengaluru, Karnataka, India",560092,560092,Yes,Bengaluru,Karnataka,086556 89191,https://restaurants.pizzahut.co.in/pizza-hut-ph-mall-of-asia-pizzerias-yelahanka-bengaluru-294653/Home,ChIJWwi3LTYZrjsRFtFOHQlfCE4,13.0706254,77.5911692,"Pizza Hut | Yelahanka, Bengaluru","239/240, 4th Flr, Phoenix Mall of Asia Bellary Road, Yelahanka, Indra Nagar, Park View Layout, Byatarayanapura, Bengaluru, Karnataka 560092, India",13.0706254,77.5911692,OPERATIONAL,place_id
316,"Pizza Hut - Solapur Road, Bijapur","MS Complex, Banjara Cross, Solapur Road, Opposite Old Mugolkhod Math, Bijapur, Karnataka, India",586103,586103,Yes,Bijapur,Karnataka,089768 84920,https://restaurants.pizzahut.co.in/pizza-hut-bijapur-pizza-restaurant-solapur-road-bijapur-163191/Home,ChIJEUPsu1n_xjsRkH6L64OUegg,16.8531318,75.7126541,"Pizza Hut | Solapur Road, Bijapur","MS Complex Banjara Cross, Solapur Rd, opposite Old Mugolkhod Math, Banjara Nagar, Vijayapura, Karnataka 586103, India",16.8531318,75.7126541,OPERATIONAL,place_id
317,"Pizza Hut - Hennur, Bangalore","Ground Floor, No 22, 1st Main Road, next to BYG Brewsky, Hennur Gardens, Byrathi Village, Bengaluru, Karnataka, India",560077,560077,Yes,"Byrathi Village, Bengaluru",Karnataka,076690 61120,https://restaurants.pizzahut.co.in/pizza-hut-ph-hennur-main-road-pizza-restaurant-hennur-bengaluru-146781/Home,ChIJg8rd9loZrjsREDdVZG_EM1M,13.0710996,77.6519462,"Pizza Hut | Hennur, Bangalore","Ground Floor, No 22, 1st Main Road, next to BYG Brewsky, Hennur Gardens, Byrathi Village, Bengaluru, Karnataka 560077, India",13.0710996,77.6519462,OPERATIONAL,place_id
318,"Pizza Hut - Crimson Layout, Channasandra",,560067,560067,Yes,Channasandra,Karnataka,,https://restaurants.pizzahut.co.in/pizza-hut-crimson-layout-channasandra-in-karnataka-channasandra-3g-homes-crimson-layout-49139/Home,ChIJSzq-fgAPrjsRgZQodv0Y7i0,12.982552,77.762864,"Pizza Hut | Crimson Layout, Channasandra","Ground Floor, 290-291, Channasandra Main Rd, 3G Homes Crimson Layout, Channasandra, Bengaluru, Karnataka 560067, India",12.982552,77.762864,OPERATIONAL,place_id
319,Pizza Hut - Davanagere,,577005,577005,Yes,Davanagere,Karnataka,,https://restaurants.pizzahut.co.in/pizza-hut-davanagere-in-karnataka-davanagere-shivakumara-swamy-nagara-63044/Home,ChIJnT8Bec4lujsRdHshb3Yqxlc,14.4369881,75.9228785,Pizza Hut | Davanagere,"Hadadi Rd, Jeevan Bhima Nagara, 2st Stage, Shivakumara Swamy Nagara, Davangere, Karnataka 577005, India",14.4369881,75.9228785,OPERATIONAL,place_id
320,"Pizza Hut - Medical College Road, Davangere","No 3436/1 to 3, Gr Flr, Darshan Arcade, MCC B Block, Dental College Road, Davanagere, Karnataka, India",577004,577004,Yes,Davanagere,Karnataka,086556 16086,https://restaurants.pizzahut.co.in/pizza-hut-pizza-hut-davangere-pizza-restaurant-dental-college-road-davanagere-126605/Home,ChIJwcBVkzUlujsRI8J1RfLMujg,14.4510615,75.9159777,"Pizza Hut | Medical College Road, Davangere","No 3436/1 to 3, Gr Flr, Darshan Arcade, Dental College Road, MCC B Block, MCC, Davangere, Karnataka 577004, India",14.4510615,75.9159777,OPERATIONAL,place_id
321,"Pizza Hut - Shivanand Nagar, Dharwad","No CS/050420 1st Main Road, Shivanand Nagar, opposite BRTS Bus Stop, Dharwad, Karnataka, India",580001,580001,Yes,Dharwad,Karnataka,089768 84944,https://restaurants.pizzahut.co.in/pizza-hut-dharwad-in-karnataka-dharwad-opposite-brts-bus-stop-21318/Home,ChIJ-8UdbiPNuDsREIt4kOIAhnc,15.4495489,75.0115491,"Pizza Hut | Shivanand Nagar, Dharwad","No CS/050420, 1st Main Road, opposite BRTS Bus Stop, Shivanandnagar, Dharwad, Karnataka 580001, India",15.4495489,75.0115491,OPERATIONAL,place_id
322,"Pizza Hut - Airport Road, Dharward","Unit G8, Ground Floor, Gokul, Airport Road, Dharward, Karnataka, India",580030,580030,Yes,Dharward,Karnataka,086556 89184,https://restaurants.pizzahut.co.in/pizza-hut-hubli-pizzerias-airport-road-dharward-258567/Home,ChIJtb8dekjXuDsR7iqnl1qept0,15.350225,75.111004,"Pizza Hut | Airport Road, Dharward","Unit G8, Ground Floor, Gokul Airport, Road, Chaitanya Nagar, Rajendra Nagar, Hubballi, Karnataka 580030, India",15.350225,75.111004,OPERATIONAL,place_id
323,"Pizza Hut - Gulbarga, Kalburgi","2/910/71/2, GF, Lahoti Business Centre, Sy No 71/2, Sedam Road, Ring Road, Badepur, Near Kharge Petrol Pump, Gulbarga, Karnataka, India",585105,585105,Yes,Gulbarga,Karnataka,086556 16083,https://restaurants.pizzahut.co.in/pizza-hut-pizza-hut-kalaburagi-pizza-restaurant-badepur-gulbarga-129849/Home,ChIJSc06ZDfByDsR8lMRC37NDKA,17.3253549,76.8559303,"Pizza Hut | Gulbarga, Kalburgi","2/910/71/2, GF, Lahoti Business Centre Sy No 71/2, Sedam Road, Ring Rd, near Kharge Petrol Pump, Jaynagar, Tilak Nagar, Badepur Colony, Kalaburagi, Karnataka 585105, India",17.3253549,76.8559303,OPERATIONAL,place_id
324,"Pizza Hut - BM Road, Hassan","No 91, BM Road, Shankaripuram, Hassan, Karnataka, India",573201,573201,Yes,Hassan,Karnataka,1800 202 2022,https://restaurants.pizzahut.co.in/pizza-hut-ph-bm-road-shankaripuram-pizza-restaurant-shankaripuram-hassan-172443/Home,ChIJDUibU9RJpTsRgAKfGQum924,13.0033595,76.112852,"Pizza Hut | BM Road, Hassan","91, Bangalore - Mangalore Rd, Shankaripuram, Hassan, Karnataka 573201, India",13.0033595,76.11285199999999,OPERATIONAL,place_id
325,"Pizza Hut - College Road, Hospet","Survey No 17, Khan Building, 2nd Cross, Basaveshwara Rd, College Rd, Hosapete, Hosapete, Karnataka, India",583201,583201,Yes,Hosapete,Karnataka,086556 16084,https://restaurants.pizzahut.co.in/pizza-hut-ph-hosapete-pizza-restaurant-hosapete-hosapete-170306/Home,ChIJIyoqY_fVuTsRMpTOXVPPTjA,15.2746415,76.3814536,"Pizza Hut | College Road, Hospet","Survey No 17, Khan Building, 2nd Cross Basaveshwara Rd, College Rd, Basaveshwara Extension, Hosapete, Karnataka 583201, India",15.2746415,76.3814536,OPERATIONAL,place_id
326,"Pizza Hut - Stellar Mall, Hubli","Shop No 11, RS No 12B/1B/2A, Gr Flr, Ward 3,Khatha No 34B/361,Vidyanagar, Hubli, Karnataka, India",580021,580021,Yes,Hubli,Karnataka,076691 63498,https://restaurants.pizzahut.co.in/pizza-hut-ph-steller-mall-hubli-pizza-restaurant-vidyanagar-hubli-110318/Home,ChIJ4WO9EJXXuDsRuUqO8Suv-ag,15.3592147,75.127449,"Pizza Hut | Stellar Mall, Hubli","Shop No 11, RS No 12B/1B/2A, Gr Flr Ward 3, Khatha No, 34B/361, Jayanagar, Vidya Nagar, Hubballi, Karnataka 580021, India",15.3592147,75.127449,OPERATIONAL,place_id
327,"Pizza Hut - Javergi Road, Gulbarga","No 4, AY Patil Pride, New Jevargi Road, Bhagyavanti Nagar, Near Santosh Colony, Kalaburagi, Karnataka, India",585102,585102,Yes,Kalaburagi,Karnataka,098991 89357,https://restaurants.pizzahut.co.in/pizza-hut-ph-new-jevargi-road-gulbarga-pizza-restaurant-bhagyavanti-nagar-kalaburagi-136667/Home,ChIJezdeXHC_yDsRtAA3EoqLeZI,17.3094667,76.8154623,"Pizza Hut | Javergi Road, Gulbarga","4, AY Patil Pride, New Jewargi Rd, near Santosh Colony, Bhagyavanti Nagar, State Bank Colony, Kalaburagi, Karnataka 585102, India",17.3094667,76.8154623,OPERATIONAL,place_id
328,Pizza Hut - Orchid Mall Gulbarga,,585105,585105,Yes,Kalaburagi,Karnataka,,https://restaurants.pizzahut.co.in/pizza-hut-in-karnataka-kalaburagi-brhampur-98734/Home,ChIJCwxjvrrHyDsRi2oem2BqRHQ,17.3281936,76.8338265,Pizza Hut | Orchid Mall Gulbarga,"Pizza Hut, Orchid King of Malls Gulbarga, Mahaveer Nagar, Khuba Plot, Brhampur, Kalaburagi, Karnataka 585105, India",17.3281936,76.83382650000001,OPERATIONAL,place_id
329,"Pizza Hut - Viraj Junction, Koganoli","Ground Floor, Food Court, No 3777/1 to 4, Viraj Junction, near Toll Plaza, Koganoli, Belagavi, Karnataka, India",591229,591229,Yes,"Koganoli, Belagavi",Karnataka,098991 89476,https://restaurants.pizzahut.co.in/pizza-hut-ph-viraj-junction-koganoli-pizzerias-koganoli-belgaum-258786/Home,ChIJMco7vND7wDsR9YsA-v8gNX4,16.5369489,74.3196494,"Pizza Hut | Viraj Junction, Koganoli","Ground Floor, Food Court, No 3777/1 to 4, Viraj Junction, near Toll Plaza, Koganoli, Belagavi, Karnataka 591229, India",16.5369489,74.3196494,OPERATIONAL,place_id
330,"Pizza Hut - Coorg Centre, Madikeri","Shop No UG1 to 3, 14 to 16, 39 to 41, The Coorg Centre, Madikeri, Near Old Service Bus Stand, Madikeri, Karnataka, India",571201,571201,Yes,Madikeri,Karnataka,089290 36574,https://restaurants.pizzahut.co.in/pizza-hut-ph-coorg-centre-madikeri-pizzerias-madikeri-madikeri-294176/Home,ChIJBRmwp26rpTsRQQDPxmMSPyM,12.4228479,75.7398739,"Pizza Hut | Coorg Centre, Madikeri","Shop No UG1 to 3, 14 to 16, 39 to 41 The Coorg Centre, Bus Stand Rd, near Old Service, Kannanda Bane, Madikeri, Karnataka 571201, India",12.4228479,75.73987389999999,OPERATIONAL,place_id
331,"Pizza Hut - Bandi Gowda, Mandya","Bangalore Mysore Road, MC Road, Bandi Gowda, Next to KFC, Mandya, Karnataka, India",571401,571401,Yes,Mandya,Karnataka,086556 16087,https://restaurants.pizzahut.co.in/pizza-hut-kar-blr-mandya-ph-pizzerias-bandi-gowda-mandya-265250/Home,ChIJNQqMRN-hrzsR30c2jcw8Upw,12.5269546,76.8839149,"Pizza Hut | Bandi Gowda, Mandya","Bangalore Mysore Road, MC Road, next to KFC, Bandigowda Layout, Shankar Pura, Mandya, Karnataka 571401, India",12.5269546,76.8839149,OPERATIONAL,place_id
332,"Pizza Hut - City Central Mall, Mangalore","4th Floor, City Center Mall, KS Rao Road, Opposite to CCD, Mangaluru, Karnataka, India",575001,575001,Yes,Mangaluru,Karnataka,089768 84927,https://restaurants.pizzahut.co.in/pizza-hut-ks-rao-road-pizza-restaurant-ks-rao-road-mangaluru-1173/Home,ChIJS7zkkE5aozsR4xbYYbX5QD8,12.8710517,74.8425104,"Pizza Hut | City Central Mall, Mangalore","4th Floor, City Center Mall, KSR Road, opposite to CCD, Hampankatta, Mangaluru, Karnataka 575001, India",12.8710517,74.8425104,OPERATIONAL,place_id
333,"Pizza Hut - Forum Mall, Mangalore","No 06, Forum Mall, Food court, Pandeshwar Road,Attavara Vill Cantt Ward, Mangaluru, Karnataka, India",575001,575001,Yes,Mangaluru,Karnataka,0824 249 8160,https://restaurants.pizzahut.co.in/pizza-hut-attavara-vill-cantt-ward-pizza-restaurant-attavara-vill-cantt-ward-mangaluru-1279/Home,ChIJCcobI65bozsR46Kssqh5zD4,12.8576075,74.8383468,"Pizza Hut | Forum Mall, Mangalore","No 06, Forum Mall, Food court Pandeshwar Road, Vill Cantt Ward, Attavar, Mangaluru, Karnataka 575001, India",12.8576075,74.8383468,OPERATIONAL,place_id
334,"Pizza Hut - Kadri, Mangalore","D No 15/13/707/4/1, Time Square Complex, Shiv Bagh, Kadri, Mangaluru, Karnataka, India",575002,575002,Yes,Mangaluru,Karnataka,089760 84218,https://restaurants.pizzahut.co.in/pizza-hut-kadri-mangalore-pizza-restaurant-kadri-mangaluru-166189/Home,ChIJfwgarK9bozsRDlMikHrnaXI,12.8803055,74.8593946,"Pizza Hut | Kadri, Mangalore","D No 15/13/707/4/1, Time Square Complex, Shivabagh, Mallikatte, Kadri, Mangaluru, Karnataka 575002, India",12.8803055,74.8593946,OPERATIONAL,place_id
335,"Pizza Hut - Padavinangady, Mangaluru",,575008,575008,Yes,Mangaluru,Karnataka,,https://restaurants.pizzahut.co.in/pizza-hut-padavinangady-mangaluru-in-karnataka-mangaluru-junction-97756/Home,ChIJ75pJbABRozsRTEtKlYv3oeI,12.912126,74.869477,"Pizza Hut | Padavinangady, Mangaluru","Shop no 2 Ground Floor, Hanuman Commercial Complex Citadel Sukrithi Apartments, Airport Rd, Padavinangady, Junction, Mangaluru, Karnataka 575008, India",12.912126,74.869477,OPERATIONAL,place_id
336,Pizza Hut - Udupi Manipal Highway,"76/41, 11th Main, 14th Cross, Padmanabhanagar, Bidarahalli, Banashankari II Stage, Manipal, Karnataka, India",576104,576104,Yes,Manipal,Karnataka,076694 18971,https://restaurants.pizzahut.co.in/pizza-hut-in-karnataka-manipal-banashankari-ii-stage-78412/Home,ChIJwyxcewClvDsRXdmvmVBS3X4,13.3487753,74.7822118,Pizza Hut | Udupi Manipal Highway,"76/41, 11th Main, 14th Cross, Manipal, Banashankari II Stage, Padmanabhanagar, Bidarahalli, Udupi, Karnataka 576104, India",13.3487753,74.7822118,OPERATIONAL,place_id
337,"Pizza Hut - Jayalakshmipuram, Mysore","No 3, Gokulam Main Road, Jayalakshmipuram, Mysuru, Karnataka, India",570012,570012,Yes,Mysuru,Karnataka,089768 84919,https://restaurants.pizzahut.co.in/pizza-hut-jayalakshmipuram-mysore-in-karnataka-mysore-jayalakshmipuram-44728/Home,ChIJlbk2rRB7rzsRnSMkIGHx2Ss,12.3229623,76.6231587,"Pizza Hut | Jayalakshmipuram, Mysore","3, Gokulam Main Rd, Jayalakshmipuram, Mysuru, Karnataka 570012, India",12.3229623,76.62315869999999,OPERATIONAL,place_id
338,"Pizza Hut - Jayanagar, Bangalore","No 653/67, 11th Main Road, 4th Block, Jayanagar, Mysuru, Karnataka, India",560011,560011,Yes,Mysuru,Karnataka,086556 16074,https://restaurants.pizzahut.co.in/pizza-hut-fcd-jayanagar-pizzerias-jayanagar-mysore-123891/Home,ChIJ695wjWYVrjsR5rEBt-VCqqA,,,"Pizza Hut | Jayanagar, Bangalore","653/67, 11th Main Rd, 4th T Block East, 4th Block, Jayanagar, Mysuru, Bengaluru, Karnataka 560011, India",12.9273861,77.5862281,OPERATIONAL,text search
339,"Pizza Hut - Kuvempu Nagar, Mysore","No 12th, Ground Floor, Adichunhangiri Rd, K Block,1st Stage,Kuvempu Nagar, Mysuru, Karnataka, India",570023,570023,Yes,Mysuru,Karnataka,089768 84939,https://restaurants.pizzahut.co.in/pizza-hut-kuvempu-nagar-pizza-restaurant-kuvempu-nagar-mysore-121887/Home,ChIJ0365U9V7rzsRkI4HhtftysA,12.293415,76.6318039,"Pizza Hut | Kuvempu Nagar, Mysore","No 12th, Ground Floor, Adichunchanagiri Road, Block K, P and T Block, 1st Stage, Kuvempu Nagara, Mysuru, Karnataka 570023, India",12.293415,76.6318039,OPERATIONAL,place_id
340,"Pizza Hut - Mall of Mysore, Mysore","No 8 & 9, 3rd Floor, Mall of Mysore, No C1, MG Road, Nazarbad, Indira Nagar, Mysuru, Karnataka, India",570010,570010,Yes,Mysuru,Karnataka,095820 34074,https://restaurants.pizzahut.co.in/pizza-hut-indira-nagar-pizza-restaurant-indira-nagar-mysore-105238/Home,ChIJnfSuHAJxrzsR17TCPu2QX5k,12.2979464,76.664714,"Pizza Hut | Mall of Mysore, Mysore","8 & 9, 3rd Floor, Mall of Mysore, C1, MG Road, Indira Nagar, Nazarbad, Mysuru, Karnataka 570010, India",12.2979464,76.664714,OPERATIONAL,place_id
341,"Pizza Hut - Sathgali Extension, Mysore",,570011,570029,No,Mysuru,Karnataka,,https://restaurants.pizzahut.co.in/pizza-hut-sathgali-extension-mysore-in-karnataka-mysore-dr-rajkumar-road-16170/Home,ChIJfzVWyc5xrzsRAhFowurCL7s,12.324827,76.6912425,"Pizza Hut | Sathgali Extension, Mysore","Ground Floor, 1st Stage, 1211, Dr Rajkumar Rd, Extension, Sathagalli Layout, Mysuru, Karnataka 570029, India",12.324827,76.6912425,OPERATIONAL,place_id
342,"Pizza Hut - Vijayanagara, Mysore","No 5490, 2nd Stage, HM Ambareesh Road, Vijayanagara, Next to ICICI Bank, Mysuru, Karnataka, India",570017,570017,Yes,Mysuru,Karnataka,086556 89189,https://restaurants.pizzahut.co.in/pizza-hut-kar-mysore-vijay-nagar-ph-pizzerias-vijayanagara-mysore-269380/Home,ChIJQy92Ytd7rzsRE076T3dLLSs,12.3384862,76.6150613,"Pizza Hut | Vijayanagara, Mysore","No 5490, HM, CITB Choultry Rd, next to ICICI Bank, Vijayanagar, Vijay Nagar 2nd Stage, Vijayanagar, Mysuru, Karnataka 570017, India",12.3384862,76.6150613,OPERATIONAL,place_id
343,"Pizza Hut - Durgigudi, Shivamogga","Site 129/129/228, Sri Shylaja Jyoti Cplx, Ward No 5, Balraj URS Rd, Tilak Nagar, Shimoga, Karnataka, India",577201,577201,Yes,Shimoga,Karnataka,098995 74236,https://restaurants.pizzahut.co.in/pizza-hut-ph-shimoga-pizza-restaurant-tilak-nagar-shimoga-110473/Home,ChIJw5sV7_epuzsRsOnOP2KzaLw,13.934619,75.573885,"Pizza Hut | Durgigudi, Shivamogga","Site 129/129/228, Sri Shylaja Jyoti Cplx Ward, No 5, Balaraj Urs Rd, Tilak Nagar, Durgigudi, Shivamogga, Karnataka 577201, India",13.934619,75.57388499999999,OPERATIONAL,place_id
344,"Pizza Hut - Shankar Mall Tumkur, Bangalore","SN 22, SF 01, 2nd Floor, Shankar Mall, Sira Gate Road, TUDA Layout, Shanti Nagar, Beside Maruti Suzuki Showroom, Tumkur, Karnataka, India",572106,572106,Yes,Tumkur,Karnataka,098997 06746,https://restaurants.pizzahut.co.in/pizza-hut-ph-shankar-mall-tumkur-pizza-restaurant-shanti-nagar-tumkur-110313/Home,ChIJYT66s34tsDsReDQ12Es9aQA,13.3582277,77.1031867,"Pizza Hut | Shankar Mall Tumkur, Bangalore","SN 22, SF 01, 2nd Floor, Shankar Mall Sira Gate Road, TUDA Layout, beside Maruti Suzuki Showroom, Shanti Nagar, Tumakur, Karnataka 572106, India",13.3582277,77.1031867,OPERATIONAL,place_id
345,"Pizza Hut - Canara Mall, Manipal","FF12, 1st Floor, Canara Mall, Manipal Main Road,Eshwar Nagar, Udupi, Karnataka, India",576104,576104,Yes,Udupi,Karnataka,089768 84930,https://restaurants.pizzahut.co.in/pizza-hut-eshwar-nagar-pizza-restaurant-eshwar-nagar-udupi-98974/Home,ChIJL4d_HMmlvDsR_Sar1Ro4uMI,13.3530481,74.7899082,"Pizza Hut | Canara Mall, Manipal","FF12, 1st Floor, Canara Mall, Manipal Dr, Manipal, Eshwar Nagar, Udupi, Karnataka 576104, India",13.3530481,74.7899082,OPERATIONAL,place_id
346,"Pizza Hut - Times square Mall MG road, Udupi","GF, Mandavi Times Square Mall, Thenkpete, Udupi Manipal Hwy, Kunjibettu, Udupi, Karnataka, India",576102,576102,Yes,Udupi,Karnataka,089290 36825,https://restaurants.pizzahut.co.in/pizza-hut-ph-time-square-mall-udupi-pizzerias-kunjibettu-udupi-249766/Home,ChIJsadLU3u7vDsRiJORIQocs5g,13.3462199,74.7522248,"Pizza Hut | Times square Mall MG road, Udupi","GF, Mandavi Times Square Mall, Udupi-Manipal Hwy, Thenkpete, Kunjibettu, Udupi, Karnataka 576102, India",13.3462199,74.7522248,OPERATIONAL,place_id
347,"Pizza Hut - Lulu Mall, Calicut","Unit No S03, Lulu Mall, Mankavu, Calicut, Kerala, India",673007,673007,Yes,Calicut,Kerala,1800 202 2022,https://restaurants.pizzahut.co.in/pizza-hut-lulu-mall-calicut-in-kerala-calicut-mankavu-76480/Home,ChIJlU24Fy9ZpjsRGzKA9TFZx84,11.2403563,75.8031096,"Pizza Hut | Lulu Mall, Calicut","Unit No S03, Lulu Mall, Mankave, Kozhikode, Keralam 673007, India",11.2403563,75.8031096,OPERATIONAL,place_id
348,"Pizza Hut - Ramanattukara, Kerala","Fathima Tower, Feroke, KozhikodeNilmburGudallur Rd, Ramanattukara, Calicut, Kerala, India",673631,673631,Yes,Calicut,Kerala,085888 50982,https://restaurants.pizzahut.co.in/pizza-hut-ph-fathima-tower-ramanattukara-pizzerias-ramanattukara-calicut-180270/Home,ChIJoWuKiH5RpjsRYjGJ8BucMJM,11.1824902,75.8471214,"Pizza Hut | Ramanattukara, Kerala","Fathima Tower, Feroke, KozhikodeNilmburGudallur Rd, Ramanattukara, Kozhikode, Keralam 673631, India",11.1824902,75.84712139999999,OPERATIONAL,place_id
349,"Pizza Hut - ITI Junction, Chengannur","Pazhayidathu, JJ Complex, ITI Junction, Chengannur, Kerala, India",689122,689121,No,Chengannur,Kerala,078350 47296,https://restaurants.pizzahut.co.in/pizza-hut-iti-junction-chengannur-in-kerala-chengannur-iti-junction-29361/Home,ChIJmVPxdWQjBjsRivZ-zyNGnA0,9.311801,76.6225,"Pizza Hut | ITI Junction, Chengannur","Pazhayidathu, JJ Complex, ITI Junction, Chengannur, Keralam 689121, India",9.311801,76.6225,OPERATIONAL,place_id
350,"Pizza Hut - A M Road, Perumbavoor","Mullapilly Building, AM Road, Perumbavoor, Ernakulam, Kerala, India",683542,683542,Yes,Ernakulam,Kerala,089290 34926,https://restaurants.pizzahut.co.in/pizza-hut-ph-am-road-perumbavoor-pizzerias-perumbavoor-ernakulam-172088/Home,ChIJ2Z2Sc2_jBzsRl1sdoPSdcwM,10.1146846,76.4767144,"Pizza Hut | A M Road, Perumbavoor","Mullappilly Tower, AM Rd, Perumbavoor, Keralam 683542, India",10.1146846,76.47671439999999,OPERATIONAL,place_id
351,"Pizza Hut - Aluva, Cochin","UN 1, Gr Flr, Radhani Developers, Asarikadan Road,Akkat,Aluva, Ernakulam, Kerala, India",683101,683101,Yes,Ernakulam,Kerala,086556 16093,https://restaurants.pizzahut.co.in/pizza-hut-aluva-pizza-restaurant-aluva-ernakulam-36112/Home,ChIJRxhLtfMPCDsRDuNfBlZa87I,10.1004239,76.3476172,"Pizza Hut | Aluva, Cochin","Gr Flr, Radhani Developers, UN 1, Asarikadan Road, Akkat, Kunnathery Thikavu, Aluva, Keralam 683101, India",10.1004239,76.34761720000002,OPERATIONAL,place_id
352,"Pizza Hut - Edachira Road Kakkanad, Ernakulam","Grand Mall, Edachira Road, Near Info Park, Ernakulam, Kerala, India",682030,682030,Yes,Ernakulam,Kerala,086556 16095,https://restaurants.pizzahut.co.in/pizza-hut-pizza-hut-kakanad-pizza-restaurant-edachira-road-ernakulam-167628/Home,ChIJ66XoNxMLCDsRVKqo2x37C3E,10.014928,76.364851,"Pizza Hut | Edachira Road Kakkanad, Ernakulam","Grand Mall, Edachira Rd, near Info Park, Kochi, Kakkanad, Keralam 682030, India",10.014928,76.364851,OPERATIONAL,place_id
353,"Pizza Hut - Fort Kochi, Cochin","Unit No 1, Survey No 18, Ground Floor, Fort, Ernakulam, Kerala, India",682001,682001,Yes,Ernakulam,Kerala,086556 16094,https://restaurants.pizzahut.co.in/pizza-hut-fort-pizza-restaurant-fort-ernakulam-81325/Home,ChIJ08lSimVtCDsRrxxk2Lus5W4,9.967728,76.2439556,"Pizza Hut | Fort Kochi, Cochin","Unit No 1 Ground Floor, Survey No 18, Fort, Kochi, Keralam 682001, India",9.9677133,76.24467969999999,OPERATIONAL,place_id
354,"Pizza Hut - Forum Mall, Kochi","S No 217, 2nd Floor, Prestige Forum Mall, Bund Rd, Kundannoor, Maradu, Ernakulam, Kerala, India",682304,682304,Yes,Ernakulam,Kerala,089290 33545,https://restaurants.pizzahut.co.in/pizza-hut-forum-mall-kochi-pizzerias-maradu-ernakulam-285252/Home,ChIJaZVc2DxzCDsR394s6nfLPt0,9.9440817,76.3177707,"Pizza Hut | Forum Mall, Kochi","2nd Floor, Prestige Forum Mall, S No 217, Bund Rd, Kundannoor, Maradu, Kochi, Keralam 682304, India",9.9440817,76.3177707,OPERATIONAL,place_id
355,"Pizza Hut - Kalamassery, Kochi","No 32/637T, Cusat Junction, NH 47, South Kalamassery, Ernakulam, Kerala, India",682033,682033,Yes,Ernakulam,Kerala,076691 68436,https://restaurants.pizzahut.co.in/pizza-hut-ph-kalamserry-kochi-pizza-restaurant-south-kalamassery-ernakulam-136665/Home,ChIJlfsevXENCDsRrs36eVt3c2U,10.0483631,76.3185664,"Pizza Hut | Kalamassery, Kochi","32/637T, Cusat, Junction, NH 544, South Kalamassery, Kalamassery, Ernakulam, Kochi, Keralam 682033, India",10.0483631,76.3185664,OPERATIONAL,place_id
356,"Pizza Hut - MG Road, Cochin","Shop No 39/4153 & 39, Vally Aracde, Survey No 1335/5,MG Road,Ravipuram, Ernakulam, Kerala, India",682016,682016,Yes,Ernakulam,Kerala,086556 16091,https://restaurants.pizzahut.co.in/pizza-hut-ravipuram-pizza-restaurant-ravipuram-ernakulam-34267/Home,ChIJ1-zdZ0BzCDsRwrosr6Urz68,9.9606432,76.2885848,"Pizza Hut | MG Road, Cochin","Shop No 39, Survey No 1335/5, Vally Aracde, 4153 & 39, Mahatma Gandhi Rd, Ravipuram, Perumanoor, Ernakulam, Kochi, Keralam 682016, India",9.960643200000002,76.2885848,OPERATIONAL,place_id
357,"Pizza Hut - Pallarivattom, Kochi","Ground Floor, Pipeline Jn, Civil Line Road, Ernakulam, Kerala, India",682025,682025,Yes,Ernakulam,Kerala,086556 16090,https://restaurants.pizzahut.co.in/pizza-hut-pizza-hut-palarivattam-pizzerias-civil-line-road-ernakulam-192837/Home,ChIJP3D0zIwNCDsRcflNiB5IJsA,10.004428,76.311861,"Pizza Hut | Pallarivattom, Kochi","Ground Floor, Pipeline Jn, Civil Line Rd, Kesaveeyam, Palarivattom, Ernakulam, Kochi, Keralam 682025, India",10.004428,76.311861,OPERATIONAL,place_id
358,"Pizza Hut - Thottumkalpeedika, Muvattupuzha","Mullappilly Building, SH 1, MC Road, PO Jn, Thottumkalpeedika, Ernakulam, Kerala, India",686661,686661,Yes,Ernakulam,Kerala,098994 87956,https://restaurants.pizzahut.co.in/pizza-hut-ph-mc-road-muvattupuzha-pizza-restaurant-thottumkalpeedika-ernakulam-172087/Home,ChIJEfyr0HbdBzsRnmb6Ek0yNFo,9.9815222,76.5800296,"Pizza Hut | Thottumkalpeedika, Muvattupuzha","Mullappilly Tower, SH 1, MC Rd, PO Jn, Thottumkalpeedika, Perumbavoor, Muvattupuzha, Keralam 686661, India",9.9815222,76.5800296,CLOSED_PERMANENTLY,place_id
359,"Pizza Hut - Thrippunithura, Kochi","Ground Floor, Vadakkekotta, SH15, Thrippunithura, Ernakulam, Kerala, India",682306,682301,No,Ernakulam,Kerala,076691 68445,https://restaurants.pizzahut.co.in/pizza-hut-ph-thrippunithura-ernakulam-pizza-restaurant-thrippunithura-ernakulam-136202/Home,ChIJhcw0bhNzCDsRsBngX9Wq6S4,9.951865,76.337198,"Pizza Hut | Thrippunithura, Kochi","Ground Floor, Vadakkekotta, SH15, Thrippunithura, Kochi, Keralam 682301, India",9.951865,76.337198,OPERATIONAL,place_id
360,"Pizza Hut - Seaport Airport Road Kakkanad, Kochi","No 17/2249 & 17/2250, Seaport - Airport Road, CSEZ, PO, Kakkanad, Kochi, Kerala, India",682037,682037,Yes,"Kakkanad, Kochi",Kerala,089290 41323,https://restaurants.pizzahut.co.in/pizza-hut-ph-seaport-airport-road-kakkanad-pizza-restaurant-kakkanad-ernakulam-135813/Home,ChIJubvYtMENCDsRhz7aD9HclO4,10.0022859,76.3489364,"Pizza Hut | Seaport Airport Road Kakkanad, Kochi","No 17/2249 & 17/2250, Seaport - Airport Rd, CSEZ, PO, Kakkanad, Kochi, Keralam 682037, India",10.0022859,76.3489364,OPERATIONAL,place_id
361,"Pizza Hut - Magnum Mall Payyanur, Kannur","Magnum Mall, Main Road,Payyannur, Near Taxi Stand, Kannur, Kerala, India",670307,670307,Yes,Kannur,Kerala,086556 16099,https://restaurants.pizzahut.co.in/pizza-hut-pizza-hut-payyanur-pizzerias-payyannur-kannur-167627/Home,ChIJBQgtG0JtpDsRJd9vFz1jyI4,12.1065921,75.2120313,"Pizza Hut | Magnum Mall Payyanur, Kannur","Magnum Mall, Main Rd, near Taxi Stand, Payyanur, Keralam 670307, India",12.1065921,75.2120313,OPERATIONAL,place_id
362,"Pizza Hut - Secura Mall, Kannur","G01, UGF, Secura Mall Secura Center, Chovva Mambaram Road, Elayavoor, Kannur, Kerala, India",670018,670018,Yes,Kannur,Kerala,098732 41828,https://restaurants.pizzahut.co.in/pizza-hut-ph-secura-mall-kannur-pizzerias-elayavoor-kannur-258689/Home,ChIJmUslHX4jpDsRPlOb8u-8Kzw,11.864467,75.409078,"Pizza Hut | Secura Mall, Kannur","G01, UGF, Secura Center, Secura Mall, Chovva Mambaram Rd, Elayavoor, Keralam 670018, India",11.864467,75.409078,OPERATIONAL,place_id
363,"Pizza Hut - Thana Square Mall, Kannur","Opposite Kottachery Petrol Pump, No 8 to 10, Gr Flr, Thana Square Mall, Edapally - Panvel Highway, Thana, Kannur, Kerala, India",670002,670002,Yes,Kannur,Kerala,086556 16109,https://restaurants.pizzahut.co.in/pizza-hut-thana-mall-kannur-pizzerias-thana-kannur-283581/Home,ChIJxwsC1Rc9pDsR8r1lvT6o8Sw,11.8742304,75.38057,"Pizza Hut | Thana Square Mall, Kannur","Opposite Kottachery Petrol Pump, No 8 to 10, Gr Flr, Thana Square Mall, Edapally - Panvel Highway, Thana, Kannur, Keralam 670002, India",11.8742304,75.38056999999999,OPERATIONAL,place_id
364,"Pizza Hut - Centre Square, Kochi","Centre Square Mall, 5th Floor, food court, Mahatma Gandhi Road, Rajaji Rd, Kochi, Kerala, India",682035,682035,Yes,Kochi,Kerala,086556 16088,https://restaurants.pizzahut.co.in/pizza-hut-mg-road-pizza-restaurant-mg-road-cochin-6150/Home,ChIJLwxG900NCDsRMqL5URy0-34,9.9777262,76.2827556,"Pizza Hut | Centre Square, Kochi","Centre Square Mall, 5th Floor, food court Mahatma Gandhi Road, Rajaji Rd, Shenoys, Kochi, Keralam 682035, India",9.9777262,76.2827556,OPERATIONAL,place_id
365,"Pizza Hut - Lulu Mall, Kochi","No 34/1089, 34/1090, 3rd Flr, Lulu Mall, Edapally, Kochi, Kerala, India",682024,682024,Yes,Kochi,Kerala,086556 89219,https://restaurants.pizzahut.co.in/pizza-hut-edapally-pizzerias-edapally-kochi-12540/Home,ChIJR9VqGroNCDsRLUYv3UAOE78,10.0266993,76.3077541,"Pizza Hut | Lulu Mall, Kochi","No 34, 3rd, Lulu Shopping Mall, 1089 34/1090, Edappally Junction, Nethaji Nagar, Edappally, Kochi, Keralam 682024, India",10.0266993,76.3077541,OPERATIONAL,place_id
366,"Pizza Hut - Chinakada, Kollam","Hotel VAIDYA Residency, Residency Road, Chinnakada, Kollam, Kerala, India",691001,691001,Yes,Kollam,Kerala,086556 16105,https://restaurants.pizzahut.co.in/pizza-hut-pizzahut-kollam-pizzerias-chinnakada-kollam-192836/Home,ChIJORlZjkX9BTsRTdL7JN1sh-c,8.888991,76.590656,"Pizza Hut | Chinakada, Kollam","Hotel VAIDYA Residency, Residency Rd, Chamkkada, Chinnakada, Kollam, Keralam 691001, India",8.888990999999999,76.590656,OPERATIONAL,place_id
367,"Pizza Hut - Kottarakkara, Kollam","Kalluvilakathu Bulding, Kollam Tenkasi Road, Kottarakkara, Near Railway Station, Kottarakara, Kerala, India",691506,691506,Yes,Kottarakara,Kerala,089290 37236,https://restaurants.pizzahut.co.in/pizza-hut-ph-kottarakara-kollam-pizzerias-kottarakkara-kottarakara-261098/Home,ChIJj6AhSe4LBjsRqawkWZ4Xi5w,8.9990691,76.7681875,"Pizza Hut | Kottarakkara, Kollam","Kalluvilakathu Bulding, Kollam - Tenkasi Rd, near Railway Station, Kottarakkara, Keralam 691506, India",8.9990691,76.7681875,OPERATIONAL,place_id
368,"Pizza Hut - Chingavanam, Kottayam","Ground Floor, Mullamuttil Mathew Arcade, Chingavanam, Kottayam, Kerala, India",686531,686531,Yes,Kottayam,Kerala,098990 65947,https://restaurants.pizzahut.co.in/pizza-hut-ph-chingavanam-kottayam-pizzerias-chingavanam-kottayam-275548/Home,ChIJDcN9evIpBjsRP4-5B7jReho,9.516385,76.524593,"Pizza Hut | Chingavanam, Kottayam","Ground Floor, Mullamuttil Mathew Arcade, Chingavanam, Keralam 686531, India",9.516385,76.524593,OPERATIONAL,place_id
369,"Pizza Hut - Ettumanoor, Kottayam","Shop No 1 & 2, Athan Arcade, MC Rd, Ettumanoor, Thellakom, Near Alencheril House, Kottayam, Kerala, India",686630,686630,Yes,Kottayam,Kerala,098730 19793,https://restaurants.pizzahut.co.in/pizza-hut-ph-mc-road-ettumanoor-pizza-restaurant-thellakom-kottayam-169714/Home,ChIJa5ZPxyrTBzsR9VhCZeAJB_I,9.6504816,76.5500469,"Pizza Hut | Ettumanoor, Kottayam","Shop No 1 & 2, Athan Arcade, MC Rd, near Alencheril House, Thellakom, Ettumanoor, Keralam 686630, India",9.6504816,76.5500469,OPERATIONAL,place_id
370,"Pizza Hut - Sasthri Road, Kottayam","Ground Floor, The Business Centre, Sasthri Road, Kottayam, Kerala, India",686001,686001,Yes,Kottayam,Kerala,073565 04715,https://restaurants.pizzahut.co.in/pizza-hut-ph-kottayam-pizza-restaurant-sasthri-road-kottayam-123954/Home,ChIJF0HWG28rBjsR52cphOIexTE,9.5921385,76.5245733,"Pizza Hut | Sasthri Road, Kottayam","Ground Floor, The Business Centre, Lal Bahadur Shastri Rd, Baker Hill, Kottayam, Keralam 686001, India",9.5921385,76.5245733,OPERATIONAL,place_id
371,"Pizza Hut - Corporation Road, Kozhikode","No 389/A5, 1st Floor, Coxswain 23,Corporation Road, Kozhikode, Kerala, India",673032,673032,Yes,Kozhikode,Kerala,089760 76564,https://restaurants.pizzahut.co.in/pizza-hut-calicut-beach-road-ph-pizzerias-corporation-road-kozhikode-286636/Home,ChIJb-1J7PdZpjsRpF5i2FtuTwI,11.2542463,75.7709299,"Pizza Hut | Corporation Road, Kozhikode","1st Floor, Coxswain 23, No 389/A5, Corporation Office Road, Mananchira, Kozhikode, Keralam 673032, India",11.2542463,75.7709299,OPERATIONAL,place_id
372,"Pizza Hut - Hi-Lite Mall, Calicut","T1, G1003, 3rd Floor, NH 17, Hilite City, GA College, Food Court, Kozhikode Bypass, Kozhikode, Kerala, India",673014,673014,Yes,Kozhikode,Kerala,076690 68649,https://restaurants.pizzahut.co.in/pizza-hut-kozhikode-bypass-pizza-restaurant-kozhikode-bypass-kozhikode-104903/Home,ChIJX6QG2FJbpjsRWUPCCZzOZnc,11.2483839,75.8337831,"Pizza Hut | Hi-Lite Mall, Calicut","T1, 3rd floor, Hilite City GA College, Food Court, G1003, Kozhikode Bypass, Poovangal, Kozhikode, Pantheeramkavu, Keralam 673014, India",11.2483839,75.83378309999999,OPERATIONAL,place_id
373,"Pizza Hut - Mavoor Road, Calicut","Ground Floor, Noble Building, Indira Gandhi Road, Near Tanishq Showroom, Kozhikode, Kerala, India",673004,673004,Yes,Kozhikode,Kerala,086556 16110,https://restaurants.pizzahut.co.in/pizza-hut-pizza-hut-calicut-pizza-restaurant-indira-gandhi-road-kozhikode-108914/Home,ChIJO48bJ5JZpjsRzbaBGSV9PBE,11.259346,75.790086,"Pizza Hut | Mavoor Road, Calicut","Ground Floor, Noble Building, Indira Gandhi Rd, near Tanishq Showroom, Arayidathupalam, Kozhikode, Keralam 673004, India",11.259346,75.790086,OPERATIONAL,place_id
374,"Pizza Hut - Chakuvetty, Kottakkal","AM Complex, Chakuvetty, Kottakkal, Opposite Tip Top Furniture, Malappuram, Kerala, India",676501,676501,Yes,Malappuram,Kerala,086556 16100,https://restaurants.pizzahut.co.in/pizza-hut-kottakkal-chakuvetty-pizzerias-kottakkal-malappuram-283576/Home,ChIJZZo6f9CzpzsRAORJtLBhgCs,10.998001,75.988501,"Pizza Hut | Chakuvetty, Kottakkal","Opposite Tip Top Furniture, AM Complex, Changuvetty, Kottakkal, Keralam 676501, India",10.998001,75.988501,OPERATIONAL,place_id
375,"Pizza Hut - Forum Mall, Edappal","Shop No 2, GF, Survey No 110/4 & 110/5, Ponnani, Eddapal Kara, Venginikkara, Malappuram, Kerala, India",679576,679576,Yes,Malappuram,Kerala,098993 10390,https://restaurants.pizzahut.co.in/pizza-hut-ph-forum-center-mall-edappal-pizza-restaurant-venginikkara-malappuram-304306/Home,ChIJa7xOLz65pzsRAhUVZg3UUGE,10.7826597,76.0085249,"Pizza Hut | Forum Mall, Edappal","Shop No 2, GF, Survey No 110/4 & 110/5 Ponnani, Kara, Venginikkara Ln, Edappal, Keralam 679576, India",10.7826597,76.0085249,OPERATIONAL,place_id
376,Pizza Hut - Manjeri,"Ground Floor, Sofa Emporium, CH Bypass, Pandikad Road Junction, Malappuram, Kerala, India",676123,676122,No,Malappuram,Kerala,086556 89185,https://restaurants.pizzahut.co.in/pizza-hut-manjeri-sofa-emporium-pizzerias-pandikad-road-junction-malappuram-283577/Home,ChIJMxTf8wA3pjsReF189YKP3Hw,11.121501,76.124401,Pizza Hut | Manjeri,"Ground Floor, Sofa Emporium CH Bypass, Pandikkad Road, Junction, Malappuram, Manjeri, Keralam 676122, India",11.121501,76.12440099999999,OPERATIONAL,place_id
377,"Pizza Hut - Ottapalam, Kerala","No 1 to 6, Bldg No 24/348, Q9CV+8VP Keviz Arcade, East Ottappalam, Ottapalam, Kerala, India",679103,679101,No,Ottapalam,Kerala,1800 202 2022,https://restaurants.pizzahut.co.in/pizza-hut-ottapalam-keviz-arcade-east-pizzerias-ottapalam-palakkad-283575/Home,ChIJCWQ_JVzZpzsRbTSWXHKnaCc,10.771701,76.391301,"Pizza Hut | Ottapalam, Kerala","No 1 to 6, Bldg No 24/348, Q9CV+8VP Keviz Arcade, East Ottappalam, SRK Nagar, Ottapalam, Keralam 679101, India",10.771701,76.391301,OPERATIONAL,place_id
378,"Pizza Hut - Kottaramattom, Pala","MKP Square, Pala, Thulavila, Kottaramattom, Pala, Kerala, India",686575,686575,Yes,Pala,Kerala,072900 67516,https://restaurants.pizzahut.co.in/pizza-hut-ph-kottaramattom-pala-pizzerias-kottaramattom-pala-189042/Home,ChIJjfNo2jLNBzsRdZaoPqcCGjY,9.708049,76.6719087,"Pizza Hut | Kottaramattom, Pala","MKP Square, Thulavila, Kottaramattom, Pala, Puliyannoor, Keralam 686575, India",9.708049,76.6719087,OPERATIONAL,place_id
379,"Pizza Hut - Stadium Road, Palakkad","23/513/16, Sy No 3155/2, 1st Flr, Kajas, Ward No 5, Block No 53, Stadium Road, Opposite Noor Jehan Grill, Palakkad, Kerala, India",678001,678013,No,Palakkad,Kerala,076691 68451,https://restaurants.pizzahut.co.in/pizza-hut-stadium-road-pizza-restaurant-stadium-road-palakkad-105237/Home,ChIJHQAAwB9uqDsRODyX4wvB_YE,10.7693769,76.6616094,"Pizza Hut | Stadium Road, Palakkad","23/513/16, Sy No 3155/2, 1st Flr, Kajas, Ward No 5, Block No 53, Stadium Rd, opposite Noor Jehan Grill, Selvapalayam, Palakkad, Keralam 678013, India",10.7693769,76.6616094,OPERATIONAL,place_id
380,"Pizza Hut - Kannamkode, Adoor","Ground Floor, J & J Building, Kayamkulam Pathanapuram Rd, Pathanamthitta, Kerala, India",691523,691523,Yes,Pathanamthitta,Kerala,097118 43995,https://restaurants.pizzahut.co.in/pizza-hut-ph-pathanapuram-rd-adoor-pizzerias-kayamkulam-pathanapuram-rd-pathanamthitta-185501/Home,ChIJm0R0n4MTBjsR-aZ98DkPzQw,9.152343,76.7386431,"Pizza Hut | Kannamkode, Adoor","Ground Floor, J & J Building, Kayamkulam - Pathanapuram Rd, Pathanamthitta, Adoor, Keralam 691523, India",9.152343000000002,76.73864309999999,OPERATIONAL,place_id
381,"Pizza Hut - Punalur, Kerala","33/1378/6, 1st flr, D Mall, Chowk Road, Punalur, Punalur, Kerala, India",691305,691305,Yes,Punalur,Kerala,086556 89183,https://restaurants.pizzahut.co.in/pizza-hut-d-mall-punalur-pizzerias-punalur-punalur-259360/Home,ChIJSyR42213BjsRa1sKOAGfeoM,9.0204369,76.9185843,"Pizza Hut | Punalur, Kerala","33/1378/6, 1st flr, D Mall, Chowk Road, Chemmanthoor, Punalur, Keralam 691305, India",9.0204369,76.91858429999999,OPERATIONAL,place_id
382,"Pizza Hut - Hala Mall Puthanathani, Malappuram","National Highway 66, Puthanathani, Kerala, India",676552,676552,Yes,Puthanathani,Kerala,085068 40858,https://restaurants.pizzahut.co.in/pizza-hut-ph-hala-mall-puthanathani-pizzerias-puthanathani-puthanathani-236671/Home,ChIJ2-YqVQa1pzsRrfJdgeejwdo,10.9343258,76.0041049,"Pizza Hut | Hala Mall Puthanathani, Malappuram","NH 66, Puthanathani, Keralam 676552, India",10.9343258,76.0041049,OPERATIONAL,place_id
383,"Pizza Hut - Thiruvalla, Kerala","Sy No 203/8/4, Gr Flr, Pothericans Bldg, Thiruvalla, Near Ksrtc Bus Stand, Thiruvalla, Kerala, India",689101,689101,Yes,Thiruvalla,Kerala,084471 04410,https://restaurants.pizzahut.co.in/pizza-hut-ph-thiruvalla-kerala-pizza-restaurant-thiruvalla-thiruvalla-130359/Home,ChIJa-jdPaolBjsRvIClqOTg7tQ,9.386199,76.5750705,"Pizza Hut | Thiruvalla, Kerala","Sy No 203/8/4, Gr Flr, Pothericans Bldg Thiruvalla Near Ksrtc Bus Stand, Thiruvalla, Keralam 689101, India",9.386199,76.5750705,OPERATIONAL,place_id
384,"Pizza Hut - Karamana, Thiruvananthapuram","CTO Colony, Pappanamcode, Thiruvananthapuram, Kerala, India",695018,695018,Yes,Thiruvananthapuram,Kerala,085068 60121,https://restaurants.pizzahut.co.in/pizza-hut-ph-karamana-pappanamcode-pizzerias-pappanamcode-thiruvananthapuram-235133/Home,ChIJd_ob6yu7BTsRMaAswG--Xdw,8.4696882,76.9814403,"Pizza Hut | Karamana, Thiruvananthapuram","CTO Colony, Pappanamcode, Thiruvananthapuram, Keralam 695018, India",8.4696882,76.9814403,OPERATIONAL,place_id
385,"Pizza Hut - Kazhakuttom, Thiruvananthapuram","Anjali Arcade, Attinkuzhy Road, Arappuravilakam, Thiruvananthapuram, Kerala, India",695582,695583,No,Thiruvananthapuram,Kerala,1800 202 2022,https://restaurants.pizzahut.co.in/pizza-hut-ph-kazhakkoottam-thiruvananthapuram-pizza-restaurant-kazhakuttom-thiruvananthapuram-172026/Home,ChIJNQwyaye_BTsRBmcoT6f8sAE,8.5505962,76.8772773,"Pizza Hut | Kazhakuttom, Thiruvananthapuram","Anjali Arcade, Attinkuzhy Rd, Arappuravilakam, Kulathoor, Thiruvananthapuram, Keralam 695583, India",8.5505962,76.8772773,OPERATIONAL,place_id
386,"Pizza Hut - Lulu Mall, Trivandrum","Unit No 121, Lulu Mall, Akkulam, Anayara, Thiruvananthapuram, Kerala, India",695029,695029,Yes,Thiruvananthapuram,Kerala,086556 16098,https://restaurants.pizzahut.co.in/pizza-hut-pizza-hut-lulu-mall-pizza-restaurant-anayara-thiruvananthapuram-130357/Home,ChIJy7PdYaq9BTsRXTeH2sKRB7Y,8.514796,76.898065,"Pizza Hut | Lulu Mall, Trivandrum","Unit No 121, Lulu Mall, Akkulam Bridge, Anayara, Thiruvananthapuram, Keralam 695029, India",8.514796,76.898065,OPERATIONAL,place_id
387,"Pizza Hut - MG Road Pilimoode, Trivandrum","No TC 25/205/1 & 25/206/1, SHA Towers, MG Road, Pulimoodu Junction, Thiruvananthapuram, Kerala, India",695001,695001,Yes,Thiruvananthapuram,Kerala,089768 84948,https://restaurants.pizzahut.co.in/pizza-hut-pizza-hut-mg-road-pizza-restaurant-pulimoodu-junction-thiruvananthapuram-129850/Home,ChIJLR7DtLK7BTsR9dzHlIY8kLA,8.4943857,76.9480586,"Pizza Hut | MG Road Pilimoode, Trivandrum","No TC 25/205/1 & 25/206/1, SHA Towers MG Road, Junction, Santhi Nagar, Pulimoodu, Thiruvananthapuram, Keralam 695001, India",8.4943857,76.9480586,OPERATIONAL,place_id
388,"Pizza Hut - Mall of Travancore, Trivandrum","SF 25, 2nd Floor, Mall Of Travancore, Chakai Enchakkal Bypass Road,Chakkai, Thiruvananthapuram, Kerala, India",695024,695007,No,Thiruvananthapuram,Kerala,086556 16108,https://restaurants.pizzahut.co.in/pizza-hut-chakkai-pizza-delivery-chakkai-thiruvananthapuram-44220/Home,ChIJa8j9XdC7BTsRzGiQNBaYV4E,8.499649,76.9109612,"Pizza Hut | Mall of Travancore, Trivandrum","2nd floor, Mall Of Travancore, SF 25, Chakai Enchakkal Bypass Road, Chacka, Thiruvananthapuram, Keralam 695007, India",8.499649,76.9109612,OPERATIONAL,place_id
389,"Pizza Hut - Pattom, Trivandrum","TC 2/361 /1, Oban Square, Pattom, Near Ulloor Bridge, Thiruvananthapuram, Kerala, India",695004,695004,Yes,Thiruvananthapuram,Kerala,086556 89251,https://restaurants.pizzahut.co.in/pizza-hut-pattom-pizza-restaurant-pattom-thiruvananthapuram-66017/Home,ChIJ3S8cL1-5BTsRNbjCW-5oGFc,8.5287233,76.9337783,"Pizza Hut | Pattom, Trivandrum","TC 2, Oban Square, 361 /1, near Ulloor Bridge, Aiswarya Nagar, Pattom, Thiruvananthapuram, Keralam 695004, India",8.5287233,76.9337783,OPERATIONAL,place_id
390,"Pizza Hut - Salih Square, Thiruvananthapuram","Salih Square, Pothencode, Thiruvananthapuram, Kerala, India",695584,695584,Yes,Thiruvananthapuram,Kerala,089290 34332,https://restaurants.pizzahut.co.in/pizza-hut-salih-square-thiruvananthapuram-in-kerala-thiruvananthapuram-pothencode-94369/Home,ChIJ-1lYA0DBBTsRRY1K3jp6NVY,8.621654,76.899918,"Pizza Hut | Salih Square, Thiruvananthapuram","Salih Square, Pothencode, Thiruvananthapuram, Keralam 695584, India",8.621654,76.89991800000001,OPERATIONAL,place_id
391,"Pizza Hut - Sashthamangalam, Trivandrum","Ground Floor, Jawahar Nagar, Sasthamangalam, Thiruvananthapuram, Kerala, India",695010,695010,Yes,Thiruvananthapuram,Kerala,086556 16097,https://restaurants.pizzahut.co.in/pizza-hut-ph-sasthamangalam-pizza-restaurant-sasthamangalam-thiruvananthapuram-123955/Home,ChIJM-_nx-q7BTsRqpsrYZ5nPA0,8.5118369,76.9679232,"Pizza Hut | Sashthamangalam, Trivandrum","Ground Floor, Jawahar Nagar, Sasthamangalam, Thiruvananthapuram, Keralam 695010, India",8.5118369,76.9679232,OPERATIONAL,place_id
392,"Pizza Hut - Ashwini Junction, Thrissur","TBPL, Akshay Arcade, Aswini Hospital Junction, Tuda Road, Thrissur, Kerala, India",680020,680022,No,Thrissur,Kerala,073562 31670,https://restaurants.pizzahut.co.in/pizza-hut-pizza-hut-aswini-junction-pizza-restaurant-tuda-road-thrissur-132490/Home,ChIJoRWSn9HvpzsRZLsonSoV8kQ,10.535635,76.214913,"Pizza Hut | Ashwini Junction, Thrissur","TBPL, Akshay Arcade Aswini Hospital Junction, TUDA Rd, Vasanth Nagar, Patturaikkal, Thrissur, Keralam 680022, India",10.535635,76.214913,OPERATIONAL,place_id
393,"Pizza Hut - Kuttanellur, Thrissur",,680014,680014,Yes,Thrissur,Kerala,,https://restaurants.pizzahut.co.in/pizza-hut-kuttanellur-thrissur-in-kerala-thrissur-kuttanellur-90403/Home,ChIJPeU8QkzxpzsRkHkqMZuVr5o,10.495332,76.257616,"Pizza Hut | Kuttanellur, Thrissur","Unit No T-016, HiLite Mall, Third Floor, kuttanellur bypass bridge, Service Rd, Housing Colony, Hill Gardens Housing Colony, Kuttanellur, Thrissur, Keralam 680014, India",10.495332,76.257616,OPERATIONAL,place_id
394,"Pizza Hut - Sobha City Mall, Thrissur","2nd Floor, Sobha City Mall, Trissur Guruvayur Road,Puzhakkal, Thrissur, Kerala, India",680553,680553,Yes,Thrissur,Kerala,086556 16111,https://restaurants.pizzahut.co.in/pizza-hut-puzhakkal-pizza-restaurant-puzhakkal-thrissur-22559/Home,ChIJ1WMutpzupzsRD0olKeMtPLE,10.549891,76.1825645,"Pizza Hut | Sobha City Mall, Thrissur","2nd Floor, Sobha City Mall, Guruvayur Road, Puzhakkal, Thrissur, Keralam 680553, India",10.549891,76.1825645,OPERATIONAL,place_id
395,"Pizza Hut - West Fort Sree Nagar, Thrissur","Puthenpurackal Towers, Civil Lane Road, West Fort, Thrissur, Kerala, India",680011,680004,No,Thrissur,Kerala,086556 16104,https://restaurants.pizzahut.co.in/pizza-hut-pizza-hut-west-fort-pizzerias-west-fort-thrissur-192835/Home,ChIJuRbGOlXvpzsRItYjDAAW4Hk,10.521931,76.200768,"Pizza Hut | West Fort Sree Nagar, Thrissur","Puthenpurackal Towers, Civil Lane Road, West Fort, Asvary Nagar, Ayyanthole, Thrissur, Keralam 680004, India",10.521931,76.200768,OPERATIONAL,place_id
396,"Pizza Hut - Hoshangabad Road, Bhopal","Plot No 6, Hoshangabad Road,Vidyanagar,Sector C, Opposite Baghsavenia Thana, Bhopal, Madhya Pradesh, India",462026,462026,Yes,Bhopal,Madhya Pradesh,086556 15992,https://restaurants.pizzahut.co.in/pizza-hut-hoshangabad-road-bhopal-in-madhya-pradesh-bhopal-opposite-baghsavenia-thana-46168/Home,ChIJlwLY1MBDfDkRa3uNTS84Pkc,23.1928047,77.4489382,"Pizza Hut | Hoshangabad Road, Bhopal","Plot No 6 Hoshangabad Road,Vidyanagar, opposite Baghsavenia, Sector C, Thana, Bhopal, Madhya Pradesh 462026, India",23.1928047,77.4489382,OPERATIONAL,place_id
397,"Pizza Hut - Indrapuri, Bhopal","Unit No 2B/1, Indrapuri, Opposite BHEL Jublie Gate, Bhopal, Madhya Pradesh, India",462021,462022,No,Bhopal,Madhya Pradesh,070650 11227,https://restaurants.pizzahut.co.in/pizza-hut-indrapuri-pizza-delivery-indrapuri-bhopal-35792/Home,ChIJqf4g3_JDfDkRqqnk2nvvu3c,23.2507733,77.4630828,"Pizza Hut | Indrapuri, Bhopal","Unit No 2B/1 Indrapuri Opposite BHEL Jublie, Gate, Jubali Gate, Sector A, Indrapuri, Bhopal, Madhya Pradesh 462022, India",23.2507733,77.4630828,OPERATIONAL,place_id
398,"Pizza Hut - Kohefiza, Bhopal","No A6, Main Road, Housing Board Colony, Kohefiza, Bhopal, Madhya Pradesh, India",462001,462001,Yes,Bhopal,Madhya Pradesh,086556 89197,https://restaurants.pizzahut.co.in/pizza-hut-ph-kohefiza-pizzerias-kohefiza-bhopal-275366/Home,ChIJiXuS3RZnfDkR4uk_gI40OZc,23.268611,77.377101,"Pizza Hut | Kohefiza, Bhopal","No A6, Main Rd, Housing Board Colony, Bhopal, Madhya Pradesh 462001, India",23.268611,77.377101,OPERATIONAL,place_id
399,"Pizza Hut - Kolar Road, Bhopal","No 03, Mandakini Housing Society, Kolar Road, Bhopal, Madhya Pradesh, India",462042,462042,Yes,Bhopal,Madhya Pradesh,070650 11168,https://restaurants.pizzahut.co.in/pizza-hut-kolar-road-pizza-delivery-kolar-road-bhopal-1292/Home,ChIJNd4eT3NDfDkRYfNgHzymMcs,23.1836163,77.4175991,"Pizza Hut | Kolar Road, Bhopal","No 03, Mandakini Housing Society, Mandakini Society, Mandakini Colony, Kolar Rd, Bhopal, Madhya Pradesh 462042, India",23.1836163,77.41759909999999,OPERATIONAL,place_id
400,"Pizza Hut - MP Nagar, Bhopal","T 14 & T 15, 3rd Floor, DB City Mall, Arera Hills, MP Nagar, Bhopal, Madhya Pradesh, India",462011,462011,Yes,Bhopal,Madhya Pradesh,0755 664 4187,https://restaurants.pizzahut.co.in/pizza-hut-pizza-hut-db-city-pizza-restaurant-mp-nagar-bhopal-146779/Home,ChIJ4wVTtWBCfDkROwGHHbB7IL0,23.2325882,77.4299371,"Pizza Hut | MP Nagar, Bhopal","3rd Floor, Dainik Bhaskar Mall, T 14 & T 15, Arera Hill Rd, DB Mall, Zone-I, Maharana Pratap Nagar, Bhopal, Madhya Pradesh 462011, India",23.2325882,77.42993709999999,OPERATIONAL,place_id
401,"Pizza Hut - TT Nagar, Bhopal","PH G05, Multi Level Parking, New Market, TT Nagar, Bhopal, Madhya Pradesh, India",462003,462003,Yes,Bhopal,Madhya Pradesh,086552 90499,https://restaurants.pizzahut.co.in/pizza-hut-tt-nagar-bhopal-in-madhya-pradesh-bhopal-tt-nagar-46638/Home,ChIJr8X28gxDfDkRd_QnOa3FSu0,23.2336855,77.3993615,"Pizza Hut | TT Nagar, Bhopal","PH G05, Multi Level Parking, New Market, STT Nagar, TT Nagar, Bhopal, Madhya Pradesh 462003, India",23.2336855,77.3993615,OPERATIONAL,place_id
402,"Pizza Hut - Parasia Road, Chhindwara","Ground Floor, City Pride Building, Parasia Road, Chhindwara, Madhya Pradesh, India",480001,480001,Yes,Chhindwara,Madhya Pradesh,1800 202 2022,https://restaurants.pizzahut.co.in/pizza-hut-parasia-road-chhindwara-in-madhya-pradesh-chhindwara-parasia-road-14615/Home,ChIJa8ZE8exl1TsRxFFrkFNA5bM,22.059492,78.928728,"Pizza Hut | Parasia Road, Chhindwara","Ground Floor, City Pride Building, Parasia Rd, Sinchai Colony, Mohan Nagar, Chhindwara, Madhya Pradesh 480001, India",22.059492,78.92872799999999,OPERATIONAL,place_id
403,"Pizza Hut - AB Road, Dewas","AB Road, Kalani Bagh, Gomti Nagar, Dewas, Madhya Pradesh, India",455001,455001,Yes,Dewas,Madhya Pradesh,076694 00331,https://restaurants.pizzahut.co.in/pizza-hut-dewas-in-madhya-pradesh-dewas-gomti-nagar-13714/Home,ChIJb3e4KE4XYzkR4vGaGyNALv4,22.9600257,76.0446172,"Pizza Hut | AB Road, Dewas","AB Rd, Kalani Bagh, Gomti Nagar, Dewas, Madhya Pradesh 455001, India",22.9600257,76.0446172,OPERATIONAL,place_id
404,"Pizza Hut - City Centre, Gwalior","Shop No 186 & 187, City Centre, Patel Nagar, Tulsi Vihar Colony, Gwalior, Madhya Pradesh, India",474011,474002,No,Gwalior,Madhya Pradesh,097111 25547,https://restaurants.pizzahut.co.in/pizza-hut-ph-city-centre-gwalior-pizza-restaurant-tulsi-vihar-colony-gwalior-292650/Home,ChIJq1DXmp7FdjkRGJ3M_nH9LRo,26.208866,78.1910145,"Pizza Hut | City Centre, Gwalior","Shop No 186 & 187, City Centre, City Center, Patel Nagar, Tulsi Vihar Colony, Gwalior, Madhya Pradesh 474002, India",26.208866,78.1910145,OPERATIONAL,place_id
405,"Pizza Hut - D B Mall, Gwalior","Stall No 12 & 13, 3rd Floor, DB Mall, H No 12, WN 22,Zone 10, Race Course Road, Opposite Gwalior Railway Station, Gwalior, Madhya Pradesh, India",474002,474002,Yes,Gwalior,Madhya Pradesh,070650 03032,https://restaurants.pizzahut.co.in/pizza-hut-race-course-road-pizza-delivery-race-course-road-gwalior-44214/Home,ChIJ5f5x0VrHdjkRFwnHLu6gNFE,26.2163451,78.1847283,"Pizza Hut | D B Mall, Gwalior","Stall No 12 & 13, 3rd Floor, DB Mall H No 12, Zone 10, WN 22, Racecourse Rd, opposite Gwalior Railway Station, LNUPE Campus, Gwalior, Madhya Pradesh 474002, India",26.2163451,78.1847283,OPERATIONAL,place_id
406,"Pizza Hut - Phool Bagh Lashkar, Gwalior","Gurudwara Gate, MLB Road,Phool Bagh Lashkar, Near DD Mall, Gwalior, Madhya Pradesh, India",474001,474002,No,Gwalior,Madhya Pradesh,076693 14680,https://restaurants.pizzahut.co.in/pizza-hut-phool-bagh-lashkar-pizza-restaurant-phool-bagh-lashkar-gwalior-1293/Home,ChIJ131rXCjEdjkRDm-YIrpZ2AY,26.2086977,78.1657504,"Pizza Hut | Phool Bagh Lashkar, Gwalior","Gurudwara Gate, MLB Rd, near DD Mall, Phool Bagh, Lashkar, Gwalior, Madhya Pradesh 474002, India",26.2086977,78.1657504,OPERATIONAL,place_id
407,"Pizza Hut - Airport Road, Indore","Plot No 623, Mahavir Kripa Avenue, Main Airport Road, Kalani Nagar, Indore, Madhya Pradesh, India",452006,452005,No,Indore,Madhya Pradesh,089290 35852,https://restaurants.pizzahut.co.in/pizza-hut-ph-airport-road-indore-pizza-restaurant-kalani-nagar-indore-174828/Home,ChIJ9ejHO4r9YjkR1i_p2veYGK8,22.724471,75.8254176,"Pizza Hut | Airport Road, Indore","Plot No 623, Main, Airport Rd, Mahavir Kripa Avenue, Kalani Nagar, Indore, Madhya Pradesh 452005, India",22.724471,75.8254176,OPERATIONAL,place_id
408,"Pizza Hut - Annapurna, Indore","No 992, Ground Floor, Surya Bhawan, Ranjit Hanuman Road, Sudama Nagar, Indore, Madhya Pradesh, India",452009,452009,Yes,Indore,Madhya Pradesh,086556 15997,https://restaurants.pizzahut.co.in/pizza-hut-ph-annapurna-indore-pizza-delivery-sudama-nagar-indore-121332/Home,ChIJPVQv2pr9YjkRz81fNwwHV4c,22.6945,75.8292,"Pizza Hut | Annapurna, Indore","No 992, Ground Floor, Surya Bhawan, Ranjeet Hanuman Rd, Phooti Kothi, Sector D, Sudama Nagar, Indore, Madhya Pradesh 452009, India",22.6945,75.82920000000001,OPERATIONAL,place_id
409,"Pizza Hut - Khajrana, Indore","F48 & 49, 1st Floor, Phoenix Citadel, 242/4, 243/1 & 2, 244/1 & 2, 245, Khajrana, Indore, Madhya Pradesh, India",452016,452016,Yes,Indore,Madhya Pradesh,086556 89209,https://restaurants.pizzahut.co.in/pizza-hut-ph-phoenix-citadel-pizzerias-khajrana-indore-271847/Home,ChIJT1sfHGfjYjkR1dxwDjdlK-4,22.748891,75.936261,"Pizza Hut | Khajrana, Indore","F48 & 49, 1st Floor, Phoenix Citadel 242/4, 243/1 & 2, 244/1 & 2, 245, Khajrana, Indore, Madhya Pradesh 452016, India",22.748891,75.936261,OPERATIONAL,place_id
410,"Pizza Hut - Malhar Mall, Indore","Anchor No 1, 2nd Floor, Malhar Mega Mall, AB Road,Vijay Nagar, Indore, Madhya Pradesh, India",452010,452010,Yes,Indore,Madhya Pradesh,086556 15996,https://restaurants.pizzahut.co.in/pizza-hut-vijay-nagar-pizza-restaurant-vijay-nagar-indore-1185/Home,ChIJhaIFH1T9YjkRYKi016Z1S8k,22.7450602,75.8942617,"Pizza Hut | Malhar Mall, Indore","Anchor No 1, 2nd Floor, Malhar Mega Mall, AB Rd, Near C21 Mall, Near Vijay Nagar Square, Vijay Nagar, Scheme 54 PU4, Indore, Madhya Pradesh 452010, India",22.7450602,75.8942617,OPERATIONAL,place_id
411,"Pizza Hut - Rajendra Nagar, Indore","Ishawari Westend, No 12 & 13, Ab Road, Rajendra Nagar, Hukma Khedi, Indore, Madhya Pradesh, India",452012,452012,Yes,Indore,Madhya Pradesh,086552 17479,https://restaurants.pizzahut.co.in/pizza-hut-rajendra-nagar-indore-pizza-restaurant-hukmakhedi-indore-315628/Home,ChIJU-nUBtn9YjkRUUdqrEgr4rg,22.663675,75.826851,"Pizza Hut | Rajendra Nagar, Indore","Ishawari Westend, No 12 & 13, AB Rd, Rajendra Nagar, Hukma Khedi, Indore, Madhya Pradesh 452012, India",22.663675,75.82685099999999,OPERATIONAL,place_id
412,"Pizza Hut - Saket, Indore","Shop No LG 7, Greater Kailash Road, Near Saket Square, Old Palasia, Indore, Madhya Pradesh, India",452018,452018,Yes,Indore,Madhya Pradesh,089290 34874,https://restaurants.pizzahut.co.in/pizza-hut-saket-square-pizza-delivery-old-palasia-indore-1296/Home,ChIJKc4K4DX9YjkRIotIXJJCti4,22.7251672,75.8942719,"Pizza Hut | Saket, Indore","Shop No LG 7, Greater Kailash Road, Near Saket Square, Old Palasia, Indore, Madhya Pradesh 452018, India",22.7251672,75.89427189999999,OPERATIONAL,place_id
413,"Pizza Hut - Sapna Sangeeta, indore","UG 01, 1st Flr, Orange Business Park, No 1618, Bhawarkua Main Road, Indore, Madhya Pradesh, India",452014,452014,Yes,Indore,Madhya Pradesh,085888 04529,https://restaurants.pizzahut.co.in/pizza-hut-bhawarkua-main-rd-pizza-restaurant-bhawarkua-main-rd-indore-104907/Home,ChIJV3twLin9YjkRkj2D1Z5rZAA,22.6947802,75.8662019,"Pizza Hut | Sapna Sangeeta, indore","UG 01, 1st Flr, Orange Business Park, No 1618, Bhawarkua Main Rd, Transport Nagar, Indore, Madhya Pradesh 452014, India",22.6947802,75.8662019,OPERATIONAL,place_id
414,"Pizza Hut - Savindnagar, Indore",,452018,452018,Yes,Indore,Madhya Pradesh,,https://restaurants.pizzahut.co.in/pizza-hut-savindnagar-indore-in-madhya-pradesh-indore-tilak-nagar-43649/Home,ChIJ-8MJWor9YjkR_4TyXF6bnMU,22.7208654,75.8976171,"Pizza Hut | Savindnagar, Indore","28/1, Kanadia Rd, Goyal Nagar, Savindnagar, Tilak Nagar, Indore, Madhya Pradesh 452018, India",22.7208654,75.89761709999999,OPERATIONAL,place_id
415,"Pizza Hut - Treasure Island Mall, Indore","No F13, 13A & 11, Treasure Island Mall, Mahatma Gandhi Road, South Tukoganj, Indore, Madhya Pradesh, India",452001,452001,Yes,Indore,Madhya Pradesh,085888 04203,https://restaurants.pizzahut.co.in/pizza-hut-ph-treasure-island-mall-indore-pizza-restaurant-south-tukoganj-indore-129608/Home,ChIJYxJoQT79YjkRyZdjNMGZeKA,22.7217032,75.8786645,"Pizza Hut | Treasure Island Mall, Indore","No F13, Treasure Island Mall, 13A & 11, Mahatma Gandhi Rd, South Tukoganj, Indore, Madhya Pradesh 452001, India",22.7217032,75.8786645,OPERATIONAL,place_id
416,"Pizza Hut - Vijay Nagar, Indore","Plot No 3, Ground Floor, Part 2, 78 Scheme, Vijay Nagar, Indore, Madhya Pradesh, India",452010,452010,Yes,Indore,Madhya Pradesh,086556 15998,https://restaurants.pizzahut.co.in/pizza-hut-ph-78-scheme-pizza-restaurant-vijay-nagar-indore-129367/Home,ChIJvQPTr9cDYzkRuXI24tWokL0,22.7612858,75.8869752,"Pizza Hut | Vijay Nagar, Indore","Plot, No 3, Ground Floor, Scheme Number 78, Vijay Nagar, Part II, 78 Scheme, Indore, Madhya Pradesh 452010, India",22.7612858,75.8869752,OPERATIONAL,place_id
417,"Pizza Hut - Narmada Road, Jabalpur","South Avenue Mall, Jabalpur Entertainment Cplx, Narmada Road, Jabalpur, Madhya Pradesh, India",482008,482008,Yes,Jabalpur,Madhya Pradesh,086550 72050,https://restaurants.pizzahut.co.in/pizza-hut-ph-sam-jabalpur-pizzerias-narmada-road-jabalpur-294654/Home,ChIJldeOubOtgTkRLfyt_P6gYHo,23.124254,79.927574,"Pizza Hut | Narmada Road, Jabalpur","South Avenue Mall, Entertainment Cplx, Narmada Rd, Bhim Nagar, Polipather, Jabalpur, Madhya Pradesh 482008, India",23.124254,79.92757399999999,OPERATIONAL,place_id
418,"Pizza Hut - Russel Chowk, Jabalpur","No 361 & 361A, Russel Chowk, Anand Talkies Road,Napier Town, Beside Jabalpur Hospital, Jabalpur, Madhya Pradesh, India",482001,482001,Yes,Jabalpur,Madhya Pradesh,070650 10199,https://restaurants.pizzahut.co.in/pizza-hut-napier-town-pizza-delivery-napier-town-jabalpur-1298/Home,ChIJI1J1EQyugTkRQIC4LdgxEAo,23.1615135,79.9369469,"Pizza Hut | Russel Chowk, Jabalpur","Anand Talkies Road, No 361 & 361A, Russel Chowk, beside jabalpur hospital, Napier Town, Jabalpur, Madhya Pradesh 482001, India",23.1615135,79.9369469,OPERATIONAL,place_id
419,"Pizza Hut - Vijay Nagar, Jabalpur","Plot No 635, Scheme No 5, Vijay Nagar, Laxmipur, Near HDFC Bank, Jabalpur, Madhya Pradesh, India",482002,482002,Yes,Jabalpur,Madhya Pradesh,086556 16006,https://restaurants.pizzahut.co.in/pizza-hut-ph-jabalpur-pizzerias-laxmipur-jabalpur-199342/Home,ChIJVbSeKBGxgTkRNGHn5lNfC2E,23.188351,79.9119401,"Pizza Hut | Vijay Nagar, Jabalpur","Plot No 635, Scheme No 5, Vijay Nagar Rd, near HDFC Bank, Laxmipur, Jabalpur, Madhya Pradesh 482002, India",23.188351,79.9119401,OPERATIONAL,place_id
420,"Pizza Hut - City Mall, Katni","Unit No 1, Ground Floor, City Mall, Barhi Road, Near Main Railway Station, Katni, Madhya Pradesh, India",483501,483501,Yes,Katni,Madhya Pradesh,086556 89208,https://restaurants.pizzahut.co.in/pizza-hut-ph-katani-pizzerias-barhi-road-katni-271846/Home,ChIJnXwEaBlhgTkRzDemUFZatPA,23.837321,80.399941,"Pizza Hut | City Mall, Katni","Unit No 1, Ground Floor, City Mall, Barhi Rd, near Main Railway Station, Gole Bazar, Katni, Madhya Pradesh 483501, India",23.837321,80.399941,OPERATIONAL,place_id
421,"Pizza Hut - Urahat Allahabad Road, Rewa",,486001,486001,Yes,Rewa,Madhya Pradesh,,https://restaurants.pizzahut.co.in/pizza-hut-urahat-allahabad-road-rewa-in-madhya-pradesh-rewa-urahat-allahabad-road-87592/Home,ChIJWULcVapbhDkRvwPRN7FyhX8,24.5444391,81.308134,"Pizza Hut | Urahat Allahabad Road, Rewa","Shop No.2, Ground Floor, Khasra No.218/2, Allahabad Rd, opp. Chamadia Fuels, Tilak Nagar, Rewa, Madhya Pradesh 486001, India",24.5444391,81.308134,OPERATIONAL,place_id
422,"Pizza Hut - Cosmos Mall, Ujjain","G 26A, 27, 28, Gr Flr, Cosmos Mall, D/9 Dhanvantri Chikitsa Yojna,Nanakheda, Opposite Barista, Ujjain, Madhya Pradesh, India",456010,456010,Yes,Ujjain,Madhya Pradesh,089290 76936,https://restaurants.pizzahut.co.in/pizza-hut-nanakheda-pizza-delivery-nanakheda-ujjain-1294/Home,ChIJd0BhkYh0YzkRzGWo178NPRw,23.1566911,75.7942369,"Pizza Hut | Cosmos Mall, Ujjain","G 26A, 27, 28, Gr Flr, D/9, Dhanvantri Chikitsa Yojna, Cosmos Mall Rd, opposite Barista, Nanakheda, Jawahar Nagar, Ujjain, Madhya Pradesh 456010, India",23.1566911,75.7942369,OPERATIONAL,place_id
423,"Pizza Hut - Savedi, Ahmednagar","Shop No 03, Plot No 2/2B & 3, Nagar Manmad Road, Savedi, Near Parichay Hotel, Ahmednagar, Maharashtra, India",414003,414003,Yes,Ahmednagar,Maharashtra,089760 73576,https://restaurants.pizzahut.co.in/pizza-hut-savedi-ahmednagar-in-maharashtra-ahmednagar-near-parichay-hotel-40016/Home,ChIJrXhK4Fe73DsRgZinj-Lel4w,19.1220154,74.727678,"Pizza Hut | Savedi, Ahmednagar","Shop No 03, Plot No 2, Ahilyanagar- Manmad Rd, near Parichay Hotel, Savedi, Ahilyanagar, Maharashtra 414003, India",19.1220154,74.727678,OPERATIONAL,place_id
424,"Pizza Hut - Gorakshan Road, Akola","Chamber No 3A, Gr Flr, Yamuna Arcade, Gorakshan Road, Infront of Kotak Hospital, Akola, Maharashtra, India",444001,444004,No,Akola,Maharashtra,089760 76967,https://restaurants.pizzahut.co.in/pizza-hut-ph-akola-pizzerias-gorakshan-road-akola-193270/Home,ChIJ-apNxMcv1zsRc0neV9aV55E,20.6958101,77.0125801,"Pizza Hut | Gorakshan Road, Akola","Chamber No 3A, Gr Flr, Infront of Kotak Hospital, Yamuna Arcade, Gorakshan Rd, Kirti Nagar, Akola, Maharashtra 444004, India",20.6958101,77.0125801,OPERATIONAL,place_id
425,"Pizza Hut - GNP Galaxy Ambarnath, Mumbai","Unit No 43A & 42/43, GNP Galaxy, PN F4/1 & F4/2, Kalyan Badlapur Rd, Kansai, Opposite Ordnance Factory Lane, Ambernath, Maharashtra, India",421501,421501,Yes,Ambernath,Maharashtra,0251 299 0036,https://restaurants.pizzahut.co.in/pizza-hut-ph-gnp-galaxy-ambernath-pizza-restaurant-kansai-ambernath-110477/Home,ChIJ4TO91dS35zsRCjuXG63e0eI,19.2201811,73.17246,"Pizza Hut | GNP Galaxy Ambarnath, Mumbai","Unit No 43A & 42/43, GNP Galaxy PN F4/1 & F4/2, Kalyan Badlapur Rd, Lane, opposite Ordnance Factory, Kansai, Ambernath, Maharashtra 421501, India",19.2201811,73.17246,OPERATIONAL,place_id
426,"Pizza Hut - Tapadia City Centre, Amravati","Food Court, Tapadia City Centre Mall, Survey No 15/2, Gopal Nagar, Saturna, Amravati, Maharashtra, India",444607,444607,Yes,Amravati,Maharashtra,089291 03051,https://restaurants.pizzahut.co.in/pizza-hut-ph-tapadia-city-centre-mall-amravati-pizza-restaurant-saturna-amravati-166839/Home,ChIJC5MSYrCl1jsRWsIQL9E9Kmw,20.9000958,77.748332,"Pizza Hut | Tapadia City Centre, Amravati","Food Court, Tapadia City Centre Mall Survey No 15/2, Gopal Nagar Rd, Saturna, Amravati, Maharashtra 444607, India",20.9000958,77.74833199999999,OPERATIONAL,place_id
427,"Pizza Hut - Badlapur, Mumbai","Shop No 1 to 8, Pranali Park, Belavli, Badlapur, Near Old Indian Petrol Pump, Badlapur, Maharashtra, India",421503,421503,Yes,Badlapur,Maharashtra,089768 84853,https://restaurants.pizzahut.co.in/pizza-hut-pizza-hut-fcd-pizza-restaurant-badlapur-badlapur-125717/Home,ChIJCQhwyqWT5zsRzcVkxKpcocY,19.1761824,73.2252654,"Pizza Hut | Badlapur, Mumbai","Shop No 1 to 8, Pranali Park, near Old Indian Petrol Pump, Belavali, Badlapur, Maharashtra 421503, India",19.1761824,73.2252654,OPERATIONAL,place_id
428,"Pizza Hut - Jalochi, Baramati","7 & 8, Baramati Sahakari Audyogik Office, Baramati Bhigwan Road, Jalochi, Near Kanchan Nagar, Baramati, Maharashtra, India",413102,413102,Yes,Baramati,Maharashtra,089760 73643,https://restaurants.pizzahut.co.in/pizza-hut-ph-baramati-pizzerias-jalochi-baramati-271848/Home,ChIJYxm70yefwzsRREXUwft8xxQ,18.166751,74.594451,"Pizza Hut | Jalochi, Baramati","7 & 8, Baramati Sahakari Audyogik Office Baramati Bhigwan Road, Jalochi, near Kanchan Nagar, Shiva Nagar, Baramati, Maharashtra 413102, India",18.166751,74.59445099999999,OPERATIONAL,place_id
429,"Pizza Hut - NH4, Bhor",,412205,412205,Yes,Bhor,Maharashtra,,https://restaurants.pizzahut.co.in/pizza-hut-nh4-bhor-in-maharashtra-bhor-nh-4-60577/Home,ChIJY24AQrHzwjsRItSYywICRGQ,18.285549,73.875055,"Pizza Hut | NH4, Bhor","Chainage No 813, NH 4, Kelawde, Kelawade, Maharashtra 412205, India",18.285549,73.875055,OPERATIONAL,place_id
430,"Pizza Hut - Amarpreet Chowk, Aurangabad","Shop No 1, Ground Floor, Oberori Chember CTS No 13168, Dudh Dairy Signal, Amarpreet Chowk, Jalna Road, Chhatrapati Sambhaji Nagar, Maharashtra, India",431001,431001,Yes,Chhatrapati Sambhaji Nagar,Maharashtra,089760 73696,https://restaurants.pizzahut.co.in/pizza-hut-pizza-hut-fcd-aurangabad-pizza-restaurant-dudh-dairy-signal-aurangabad-122314/Home,ChIJ1RaeOWSZ2zsRbCr-SJKegf8,19.8753263,75.3340965,"Pizza Hut | Amarpreet Chowk, Aurangabad","Shop No 1, Ground Floor, Oberori Chember CTS No 13168, Dudh Dairy Signal, Amarpreet Chowk, Jalna Rd, Rokda Hanuman Colony, Mondha, Chhatrapati Sambhajinagar, Maharashtra 431001, India",19.8753263,75.3340965,OPERATIONAL,place_id
431,"Pizza Hut - Waluj, Aurangabad","MBJ Tower, Plot No P28, MIDC, Maharana Pratap Chowk, Bajaj Nagar, Waluj, Chhatrapati Sambhaji Nagar, Maharashtra, India",431136,431136,Yes,Chhatrapati Sambhaji Nagar,Maharashtra,089760 73697,https://restaurants.pizzahut.co.in/pizza-hut-ph-waluj-pizza-restaurant-waluj-aurangabad-132488/Home,ChIJ015Bp3Gb2zsRaqGOOFVjKdc,19.8400497,75.2414503,"Pizza Hut | Waluj, Aurangabad","MBJ Tower, Plot No P28, MIDC, Maharana Pratap Chowk, Bajaj Nagar, Waluj, Wadgaon Kolhati, Maharashtra 431136, India",19.8400497,75.2414503,OPERATIONAL,place_id
432,"Pizza Hut - Shahnoorwadi, Aurangabad","Gr Flr, Survey No 22, Khatod Landmark, 107 & 108, Beed Bypass Road, opposite Bemde Hospital, Shahnoorwadi, Chhatrapati Sambhajinagar, Maharashtra, India",431009,431009,Yes,Chhatrapati Sambhajinagar,Maharashtra,089760 76895,https://restaurants.pizzahut.co.in/pizza-hut-ph-beed-by-pass-pizzerias-shahnoorwadi-aurangabad-252949/Home,ChIJzUJ1w_iZ2zsRC41Jof2pvAo,19.8500503,75.341131,"Pizza Hut | Shahnoorwadi, Aurangabad","Gr Flr, Survey No 22, Khatod Landmark, 107 & 108, Beed Bypass Rd, opposite Bemde Hospital, Shahnoorwadi, Chhatrapati Sambhajinagar, Maharashtra 431009, India",19.8500503,75.34113099999999,OPERATIONAL,place_id
433,"Pizza Hut - Mangalwar Peth, Karad","Bearing Shop No 1 to 5,Cosmos Presidency, Mangalwar Peth, Near Karad Bus Stand, Karad, Maharashtra, India",415110,415110,Yes,Karad,Maharashtra,089760 77483,https://restaurants.pizzahut.co.in/pizza-hut-mangalwar-peth-karad-in-maharashtra-karad-near-karad-bus-stand-98114/Home,ChIJHZAeJACDwTsRAfj_ji3WI5E,17.284431,74.183511,"Pizza Hut | Mangalwar Peth, Karad","Bearing Shop No 1 to 5, Cosmos Presidency, Bus Stand, near Karad, Agashiv Nagar, Mangalwar Peth, Karad, Maharashtra 415110, India",17.284431,74.183511,OPERATIONAL,place_id
434,"Pizza Hut - Janta Bazaar, Kolhapur","Janta Bazaar, Rajarampuri, Next to Pantaloons, Kolhapur, Maharashtra, India",416001,416008,No,Kolhapur,Maharashtra,0231 252 7621,https://restaurants.pizzahut.co.in/pizza-hut-rajarampuri-pizza-delivery-rajarampuri-kolhapur-1353/Home,ChIJ_RLGwD8AwTsRuzUcAfwtjLs,16.6982646,74.242717,"Pizza Hut | Janta Bazaar, Kolhapur","Janta Bazaar, next to Pantaloons, Poorvarang, Mahalaxminagar, Rajarampuri, Kolhapur, Maharashtra 416008, India",16.6982646,74.242717,OPERATIONAL,place_id
435,"Pizza Hut - Ambejoai Road, Latur","Ground Floor, Kayamkhani Estate, Ambejoai Road, Near Shivaji Chowk, Latur, Maharashtra, India",413531,413531,Yes,Latur,Maharashtra,089760 76965,https://restaurants.pizzahut.co.in/pizza-hut-pizza-hut-fcd-pizza-restaurant-ambejoai-road-latur-125362/Home,ChIJYxvgrL2DzzsRZPmuIxDIlfw,18.4016633,76.5644295,"Pizza Hut | Ambejoai Road, Latur","Ground Floor, Kayamkhani Estate Ambejoai Road, Near, Chatrapati Shivaji Maharaj Chowk, Netaji Nagar, Latur, Maharashtra 413531, India",18.4016633,76.5644295,OPERATIONAL,place_id
436,"Pizza Hut - Andheri East, Mumbai","Shop No 1, Ground Floor, Tandon Mall, Andheri Kurla Rd, Andheri East, Chakala JB Nagar, Mumbai, Maharashtra, India",400093,400059,No,Mumbai,Maharashtra,1800 202 2022,https://restaurants.pizzahut.co.in/pizza-hut-andheri-east-pizza-restaurant-andheri-east-mumbai-1139/Home,ChIJL4pPftjJ5zsRms_iNRkYcPg,19.1123528,72.864623,"Pizza Hut | Andheri East, Mumbai","Shop No 1, Ground Floor, Tandon Mall, Andheri - Kurla Rd, Dr. Charatsingh Colony, Chakala, J B Nagar, Andheri East, Mumbai, Maharashtra 400059, India",19.1123528,72.864623,OPERATIONAL,place_id
437,"Pizza Hut - Atria Mall, Mumbai","No C0, SN 27 to 29 & 34, GF, Atria Mall, Dr Annie Basant Road, Lotus Colony, Worli, Mumbai, Maharashtra, India",400018,400018,Yes,Mumbai,Maharashtra,086558 41227,https://restaurants.pizzahut.co.in/pizza-hut-atria-mall-worli-pizzerias-worli-mumbai-294009/Home,ChIJcyq7X8_P5zsR3Dt6UGvR5bE,18.991201,72.814601,"Pizza Hut | Atria Mall, Mumbai","No C0, Atria Mall, SN 27 to 29 & 34, GF, Dr Annie Besant Rd, Lotus Colony, Worli, Mumbai, Maharashtra 400018, India",18.991201,72.814601,OPERATIONAL,place_id
438,"Pizza Hut - Azad Nagar Colaba, Mumbai","Ground Floor, Kismet Building, Shahid Bhagat Singh Rd, Azad Nagar, Colaba, Mumbai, Maharashtra, India",400005,400005,Yes,Mumbai,Maharashtra,098731 44562,https://restaurants.pizzahut.co.in/pizza-hut-ph-azad-nagar-colaba-pizza-restaurant-colaba-mumbai-135516/Home,ChIJnw7hYkjR5zsRkuHUXyxdsHs,18.9146597,72.8243358,"Pizza Hut | Azad Nagar Colaba, Mumbai","Ground Floor, Oxford Center, Shahid Bhagat Singh Rd, Azad Nagar, Colaba, Mumbai, Maharashtra 400005, India",18.9146597,72.8243358,OPERATIONAL,place_id
439,"Pizza Hut - Bandra East, Mumbai","Auto Care Centre, Bandra Kurla Complex, Bandra East, Near HPCL Petrol Pump, Mumbai, Maharashtra, India",400051,400051,Yes,Mumbai,Maharashtra,1800 202 2022,https://restaurants.pizzahut.co.in/pizza-hut-ph-bkc-pizza-restaurant-bandra-east-mumbai-308809/Home,ChIJ-Uxoi0HJ5zsRVF9HuKZy60U,19.0647989,72.8608007,"Pizza Hut | Bandra East, Mumbai","Auto Care Centre, near HPCL Petrol Pump, G Block BKC, Bandra Kurla Complex, Bandra East, Mumbai, Maharashtra 400051, India",19.0647989,72.8608007,OPERATIONAL,place_id
440,"Pizza Hut - CST, Mumbai",,400001,400001,Yes,Mumbai,Maharashtra,,https://restaurants.pizzahut.co.in/pizza-hut-murzban-road-pizza-restaurant-murzban-road-mumbai-1143/Home,ChIJf-awO9zR5zsRchNRX0GG6LA,18.9384778,72.833397,"Pizza Hut | CST, Mumbai","Dheeraj Chambers, 6/7, Murzban Rd, Azad Maidan, Fort, Mumbai, Maharashtra 400001, India",18.9384778,72.83339699999999,OPERATIONAL,place_id
441,"Pizza Hut - Chandivali, Mumbai","Unit No 30 to 34, Sumer Life, Farm Road, Chandivali, Near Khairani Baug, Mumbai, Maharashtra, India",400072,400072,Yes,Mumbai,Maharashtra,086558 41184,https://restaurants.pizzahut.co.in/pizza-hut-ph-chandivali-pizza-restaurant-chandivali-mumbai-297818/Home,ChIJ_0h_kj7H5zsRV4AaZjRLOUY,19.1035947,72.8996158,"Pizza Hut | Chandivali, Mumbai","Unit No 30 to 34, Sumer Life, Farm Road, near Khairani Road, Chandivali, Baug, Mumbai, Maharashtra 400072, India",19.1035947,72.89961579999999,OPERATIONAL,place_id
442,"Pizza Hut - Charni Road Girgaum Chowpatty, Mumbai","No 121 & 119, Mantri Building, Church Jn, Jagannath Shankar Seth Road, Girgaon, Mumbai, Maharashtra, India",400004,400007,No,Mumbai,Maharashtra,085888 12821,https://restaurants.pizzahut.co.in/pizza-hut-ph-girgaon-chowpatty-mumbai-pizzerias-girgaon-mumbai-180251/Home,ChIJb4mRsvHP5zsRYbVvG4it-nw,18.9562576,72.8145336,"Pizza Hut | Charni Road Girgaum Chowpatty, Mumbai","No 121 & 119, Church Jn, Mantri Building, Jagannath Shankar Seth Rd, Charni Road East, Chowpatty, Girgaon, Mumbai, Maharashtra 400007, India",18.9562576,72.81453359999999,OPERATIONAL,place_id
443,"Pizza Hut - Chhatrapati Shivaji Domestic Airport, Mumbai","Chhatrapati Shivaji Domestic Airport, Western Suburbs, Vile Parle East, Mumbai, Maharashtra, India",400099,400099,Yes,Mumbai,Maharashtra,1800 202 2022,https://restaurants.pizzahut.co.in/pizza-hut-vile-parle-east-pizza-restaurant-vile-parle-east-mumbai-1364/Home,ChIJGcIRelLI5zsR_RllDT2Tunk,19.0941231,72.8553305,"Pizza Hut | Chhatrapati Shivaji Domestic Airport, Mumbai","Chhatrapati Shivaji Maharaj International Airport Mumbai, Western Suburbs, Navpada, Vile Parle East, Vile Parle, Mumbai, Maharashtra 400099, India",19.0941231,72.8553305,OPERATIONAL,place_id
444,"Pizza Hut - Chinchpada, Mumbai","Gr & 1st Flr, ORCHID APARTMENT WING-B, Star Plaza, No 16 & 17, Mahatma Gandhi Road, Chinchpada, Borivali East, Mumbai, Maharashtra, India",400066,400066,Yes,Mumbai,Maharashtra,1800 202 2022,https://restaurants.pizzahut.co.in/pizza-hut-star-plaza-pizzerias-borivali-east-mumbai-286634/Home,ChIJV4Weviex5zsR2fT9U-3FHnM,19.2310882,72.858435,"Pizza Hut | Chinchpada, Mumbai","Gr & 1st Flr, ORCHID APARTMENT WING-B, Star Plaza, No 16 & 17, Mahatma Gandhi Rd, Chinchpada, Borivali East, Mumbai, Maharashtra 400066, India",19.2310882,72.858435,OPERATIONAL,place_id
445,"Pizza Hut - Dahisar West, Mumbai","Shop No 1 & 2, Sortee Somnath CHSL, New Link Rd, Kandarpada, Dahisar West, Mumbai, Maharashtra, India",400068,400068,Yes,Mumbai,Maharashtra,097115 22052,https://restaurants.pizzahut.co.in/pizza-hut-ph-dahisar-west-mumbai-pizzerias-dahisar-west-mumbai-185943/Home,ChIJT4TPcpmx5zsRLz2DvBCMUB8,19.2580624,72.8536226,"Pizza Hut | Dahisar West, Mumbai","Shop No 1 & 2, Sortee Somnath CHSL, New Link Rd, Kandarpada, Dahisar West, Mumbai, Maharashtra 400068, India",19.2580624,72.8536226,OPERATIONAL,place_id
446,"Pizza Hut - Dombivli East, Mumbai",,421201,421201,Yes,Mumbai,Maharashtra,,https://restaurants.pizzahut.co.in/pizza-hut-dombivli-east-mumbai-in-maharashtra-mumbai-dombivli-east-20296/Home,ChIJ9Qn4S_iV5zsRKtWvfA44KlM,19.215536,73.100964,"Pizza Hut | Dombivli East, Mumbai","GF Shop no 1 & 1st fl Shop no 1&2, Ambrin III, Plot no 7,8,9 &12,Central Railway, Kalyan Rd, Dombivli, Housing Society, Trimurti Nagar, Dombivli East, Mumbai, Kalyan, Maharashtra 421201, India",19.215536,73.10096399999999,OPERATIONAL,place_id
447,"Pizza Hut - Galleria Shopping Mall, Mumbai","Galleria Shopping Mall, SN 113 to 116, Hiranandani Gardens, Powai, Mumbai, Maharashtra, India",400076,400076,Yes,Mumbai,Maharashtra,1800 202 2022,https://restaurants.pizzahut.co.in/pizza-hut-ph-galleria-powai-pizza-restaurant-powai-mumbai-324563/Home,ChIJBV85B4jH5zsRuYgsTSg6kfM,19.1195092,72.9116921,"Pizza Hut | Galleria Shopping Mall, Mumbai","Galleria Shopping Mall, SN 113 to 116, Hiranandani Gardens, Panchkutir Ganesh Nagar, Powai, Mumbai, Maharashtra 400076, India",19.1195092,72.9116921,OPERATIONAL,place_id
448,"Pizza Hut - Ganapati Mandir Road, Mumbai",,400057,421605,No,Mumbai,Maharashtra,,https://restaurants.pizzahut.co.in/pizza-hut-ganapati-mandir-road-mumbai-in-maharashtra-mumbai-east-28313/Home,ChIJOc8kVISR5zsRsIKpJC5LeXk,19.299664,73.219838,"Pizza Hut | Ganapati Mandir Road, Mumbai","Shop No.1 B, Umiya Paradise, A Wing, Ganapati Mandir Road, Titvala, East, Mumbai, Kalyan, Maharashtra 421605, India",19.299664,73.219838,OPERATIONAL,place_id
449,"Pizza Hut - Gokuldham Colony Goregaon, Mumbai",,400063,400063,Yes,Mumbai,Maharashtra,,https://restaurants.pizzahut.co.in/pizza-hut-ph-gokuldham-colony-goregaon-pizza-restaurant-goregaon-mumbai-178192/Home,ChIJ3R3kWcq35zsRMD6XIra-zH8,19.1751937,72.8678898,"Pizza Hut | Gokuldham Colony Goregaon, Mumbai","Krishna Mart, 19/68, Krishna Vatika Marg, ONGC Colony, Gokuldham Colony, Goregaon East, Mumbai, Maharashtra 400063, India",19.1751937,72.8678898,OPERATIONAL,place_id
450,"Pizza Hut - Highstreet Phoenix Lower Parel, Mumbai","East Zone, 2nd, Senapati Bapat Marg, Lower Parel, Mumbai, Maharashtra, India",400013,400013,Yes,Mumbai,Maharashtra,1800 202 2022,https://restaurants.pizzahut.co.in/pizza-hut-ph-mumbai-lower-parel-pizza-restaurant-lower-parel-mumbai-175407/Home,ChIJCV69d4HP5zsRHBmcXHj9jtE,18.994915,72.8252268,"Pizza Hut | Highstreet Phoenix Lower Parel, Mumbai","East Zone, 2nd, Senapati Bapat Marg, Lower Parel, Mumbai, Maharashtra 400013, India",18.994915,72.8252268,OPERATIONAL,place_id
451,"Pizza Hut - Infiniti Mall Malad, Mumbai","Unit No 307, 3rd Floor, Infiniti Mall, Malad West, Mumbai, Maharashtra, India",400064,400064,Yes,Mumbai,Maharashtra,1800 202 2022,https://restaurants.pizzahut.co.in/pizza-hut-malad-west-pizza-restaurant-malad-west-mumbai-100406/Home,ChIJf5gpG0W35zsRpt2fTHv4Nao,19.1849893,72.8342423,"Pizza Hut | Infiniti Mall Malad, Mumbai","Unit No 307, 3rd Floor, Infiniti Mall, Malad, Mindspace, Malad West, Mumbai, Maharashtra 400064, India",19.1849893,72.8342423,OPERATIONAL,place_id
452,"Pizza Hut - Jogeshwari West, Mumbai","Shop No 1, Royal Garden Building, SV Rd, Saraswati Baug, Kevnipada, Jogeshwari West, Mumbai, Maharashtra, India",400102,400102,Yes,Mumbai,Maharashtra,097116 18571,https://restaurants.pizzahut.co.in/pizza-hut-ph-sv-road-jogeshwari-west-pizzerias-jogeshwari-west-mumbai-184666/Home,ChIJRUOhRUq35zsR1o18uNpPKtE,19.1305944,72.8477283,"Pizza Hut | Jogeshwari West, Mumbai","Shop No 1, Royal Garden Building, Swami Vivekanand Rd, Saraswati Baug, Kevni Pada, Jogeshwari West, Mumbai, Maharashtra 400102, India",19.1305944,72.8477283,OPERATIONAL,place_id
453,"Pizza Hut - K Star Mall Chembur, Mumbai","Unit No 5 & 6, 3rd Floor, K Star Mall, Diamond Garden, Basant Garden, Chembur, Mumbai, Maharashtra, India",400071,400071,Yes,Mumbai,Maharashtra,1800 202 2022,https://restaurants.pizzahut.co.in/pizza-hut-ph-kstar-mall-chembur-pizza-delivery-chembur-mumbai-110279/Home,ChIJNXofCYHH5zsRvKJQxpBePq8,19.0517411,72.9004227,"Pizza Hut | K Star Mall Chembur, Mumbai","Unit No 5 & 6, 3rd Floor, K Star Mall, Diamond Garden, Borla, Basant Garden, Chembur, Mumbai, Maharashtra 400071, India",19.0517411,72.9004227,OPERATIONAL,place_id
454,"Pizza Hut - Kandivali East, Mumbai","SN 17, Thakur Cinema & Welfare Centre, Thakur Village, Kandivali East, Near Thakur College, Mumbai, Maharashtra, India",400101,400101,Yes,Mumbai,Maharashtra,086556 15982,https://restaurants.pizzahut.co.in/pizza-hut-kandivali-east-pizza-restaurant-kandivali-east-mumbai-1137/Home,ChIJz7AGUji35zsR3LJZKiCzstU,19.20921,72.8723076,"Pizza Hut | Kandivali East, Mumbai","Thakur Cinema & Welfare Centre, SN 17, near THAKUR COLLEGE OF ENGINEERING AND TECHNOLOGY, Kandivali, Kanakiya, Thakur Village, Kandivali East, Mumbai, Maharashtra 400101, India",19.20921,72.8723076,OPERATIONAL,place_id
455,"Pizza Hut - Kandivili Profit Centre, Mumbai","SN G3 & F2, Profit Centre, 120 Feet Rd, Borsapada,Mahaveer Nagar,Kandivali West, Mumbai, Maharashtra, India",400067,400067,Yes,Mumbai,Maharashtra,089768 84850,https://restaurants.pizzahut.co.in/pizza-hut-kandivali-west-pizza-restaurant-kandivali-west-mumbai-1158/Home,ChIJ6f75Byax5zsREuSW9dFcLWk,19.2139152,72.8407248,"Pizza Hut | Kandivili Profit Centre, Mumbai","Profit Centre, SN G3 & F2, 120 Feet Rd, Kandivali, Mahavir Nagar, Kandivali West, Mumbai, Maharashtra 400067, India",19.2139152,72.84072479999999,OPERATIONAL,place_id
456,"Pizza Hut - Kohinoor Sqaure Dadar, Mumbai","1st Floor, Kohinoor Square, Shivaji Park, NC Kelkar Rd, RG Gadkari Chowk, Dadar West, Opposite Shiv Sena Bhavan, Mumbai, Maharashtra, India",400028,400028,Yes,Mumbai,Maharashtra,089290 39180,https://restaurants.pizzahut.co.in/pizza-hut-ph-kohinoor-square-dadar-pizza-restaurant-dadar-west-mumbai-127530/Home,ChIJE-lIPO_P5zsR3N0ewY1-J3I,19.024701,72.841243,Pizza Hut,"1st Floor, Kohinoor Square, Shivaji Park NC Kelkar Rd, Ram Ganesh Gadkari Chowk, opposite Shiv Sena Bhavan, Dadar West, Dadar, Mumbai, Maharashtra 400028, India",19.024701,72.84124299999999,OPERATIONAL,place_id
457,"Pizza Hut - Kurla East Point, Mumbai","Shop No 19 to 21, 3rd Floor, East Point, Jagruti Nagar, Police Colony, Kurla East, Mumbai, Maharashtra, India",400024,400024,Yes,Mumbai,Maharashtra,098990 63625,https://restaurants.pizzahut.co.in/pizza-hut-ph-east-point-mall-kurla-pizzerias-kurla-east-mumbai-275646/Home,ChIJTbFgQrPJ5zsRNz5NdjdF1CU,19.0650525,72.8811487,"Pizza Hut | Kurla East Point, Mumbai","Shop No 19 to 21, 3rd Floor, East Point, Jagruti Nagar, Police Colony, Kurla, Mumbai, Maharashtra 400024, India",19.0651039,72.88122589999999,OPERATIONAL,place_id
458,"Pizza Hut - Lokhandwala Road Kandivali East, Mumbai","No 58 & 59, Centrium Premises Coop Soc, Lokhandwala, Mumbai, Maharashtra, India",400101,400101,Yes,Mumbai,Maharashtra,098993 05449,https://restaurants.pizzahut.co.in/pizza-hut-lokhandwala-road-kandivali-east-pizza-restaurant-lokhandwala-mumbai-301875/Home,ChIJ4W7mnOu35zsRQz3HB2fn3tQ,19.1957219,72.8723588,"Pizza Hut | Lokhandwala Road Kandivali East, Mumbai","No 58 & 59, Centrium Premises Coop Soc, Kandivali, Alika Nagar, Lokhandwala Twp, Kandivali East, Mumbai, Maharashtra 400101, India",19.1957219,72.8723588,OPERATIONAL,place_id
459,"Pizza Hut - Mahim West, Mumbai","No 28, God Gift, Lady Jamshedji Road, Mahim West, Near St Michael's High School, Mumbai, Maharashtra, India",400016,400016,Yes,Mumbai,Maharashtra,1800 202 2022,https://restaurants.pizzahut.co.in/pizza-hut-mahim-mumbai-pizzerias-mahim-west-mumbai-274231/Home,ChIJJeNG4MvJ5zsRRLQGSbqC5aY,19.0411606,72.8407405,Pizza Hut,"No 28, God Gift, Lady Jamshedji Rd, near St Michael's High School, Mahim West, Mahim, Mumbai, Maharashtra 400016, India",19.0411606,72.8407405,OPERATIONAL,place_id
460,"Pizza Hut - Phoenix Market City Kurla, Mumbai","F27/80, 1st Floor, Phoenix Market City, LBS Marg, Kurla West, Mumbai, Maharashtra, India",400070,400070,Yes,Mumbai,Maharashtra,089768 84865,https://restaurants.pizzahut.co.in/pizza-hut-kurla-west-pizza-restaurant-kurla-west-mumbai-1178/Home,ChIJS9REaX3I5zsRL1w0ihdA0D8,19.0862674,72.8897247,"Pizza Hut | Phoenix Market City Kurla, Mumbai","1st Floor, Phoenix Market City, F27/80, Lal Bahadur Shastri Marg, Kurla West, Kurla, Mumbai, Maharashtra 400070, India",19.0862674,72.8897247,OPERATIONAL,place_id
461,"Pizza Hut - R City Ghatkopar, Mumbai","Shop No T 28/29, 3rd Floor, R City Mall, LBS Marg,Ghatkopar West, Near Kidzania, Mumbai, Maharashtra, India",400086,400086,Yes,Mumbai,Maharashtra,1800 202 2022,https://restaurants.pizzahut.co.in/pizza-hut-ghatkopar-west-pizza-restaurant-ghatkopar-west-mumbai-27206/Home,ChIJq6qqqtPH5zsRdXHs5pmt1ZU,19.0998581,72.9166705,"Pizza Hut | R City Ghatkopar, Mumbai","3rd Floor, R City Mall, Shop No T, Lal Bahadur Shastri Marg, near Kidzania, Amrut Nagar, Ghatkopar West, Mumbai, Maharashtra 400086, India",19.0998581,72.9166705,OPERATIONAL,place_id
462,"Pizza Hut - R Mall Mulund, Mumbai","3rd Floor, R Mall, LBS Marg, Kamgar Colony, Mulund West, Mumbai, Maharashtra, India",400080,400604,No,Mumbai,Maharashtra,1800 202 2022,https://restaurants.pizzahut.co.in/pizza-hut-mulund-west-pizza-restaurant-mulund-west-mumbai-1135/Home,ChIJ7V4tAv645zsRqaiHmnKA5kY,19.1838989,72.9515235,"Pizza Hut | R Mall Mulund, Mumbai","3rd Floor, R Mall, Lal Bahadur Shastri Marg, Kamgar Colony, Mulund West, Mumbai, Maharashtra 400604, India",19.1838989,72.9515235,OPERATIONAL,place_id
463,"Pizza Hut - SV Road Khar, Mumbai","CST F, 193, Swami Vivekananda Road, TPS III, Khar West, Mumbai, Maharashtra, India",400052,400052,Yes,Mumbai,Maharashtra,1800 202 2022,https://restaurants.pizzahut.co.in/pizza-hut-mumbai-pizza-restaurant-khar-west-mumbai-174829/Home,ChIJkYTpU3zJ5zsRSc7H1YA0L-0,19.067291,72.837121,"Pizza Hut | SV Road Khar, Mumbai","CST F, 193, Swami Vivekanand Rd, TPS III, Khar West, Mumbai, Maharashtra 400052, India",19.067291,72.837121,OPERATIONAL,place_id
464,"Pizza Hut - SV Road Malad West, Mumbai","Shop No 7, Unity Heights, Malad, Nadiyawala Col, Rd No 2, Malad West, Mumbai, Maharashtra, India",400064,400064,Yes,Mumbai,Maharashtra,1800 202 2022,https://restaurants.pizzahut.co.in/pizza-hut-ph-sv-road-malad-west-mumbai-pizza-restaurant-malad-west-mumbai-304305/Home,ChIJ2bfT18K35zsRMfFoOQ0TCk0,19.1799885,72.8467559,"Pizza Hut | SV Road Malad West, Mumbai","Shop No 7, Unity Heights Malad, Nadiyawala Col, Mahindra Nagar Rd Number 2, Malad, Nadiyawala Colony 2, Malad West, Mumbai, Maharashtra 400064, India",19.1799885,72.84675589999999,OPERATIONAL,place_id
465,"Pizza Hut - Sion, Mumbai","No 13/A1, New Sindhi Colony, Sion West, Near SIES College, Mumbai, Maharashtra, India",400068,400022,No,Mumbai,Maharashtra,098994 12449,https://restaurants.pizzahut.co.in/pizza-hut-ph-sion-west-mumbai-pizza-restaurant-sion-west-mumbai-171183/Home,ChIJre9YzzTJ5zsRB0MX_b1cYnI,19.0413906,72.860781,"Pizza Hut | Sion, Mumbai","No 13/A1, New Sindhi Colony, near Sies College Of Arts, Science & Commerce, Sion West, Sion, Mumbai, Maharashtra 400022, India",19.0413906,72.860781,OPERATIONAL,place_id
466,"Pizza Hut - T2 Food Court, Mumbai","W5 3028, Level 3, Domestic Food Court, T2,Mumbai Airport, Mumbai, Maharashtra, India",400059,400059,Yes,Mumbai,Maharashtra,096533 52690,https://restaurants.pizzahut.co.in/pizza-hut-t2-mumbai-airport-pizza-restaurant-t2-mumbai-airport-mumbai-6142/Home,ChIJZcFsAFrI5zsRqtzfPoIn7s0,19.090631,72.8600269,"Pizza Hut | T2 Food Court, Mumbai","Level 3, Domestic Food Court T2, W5 3028, Navpada, Vile Parle East, Airport, Mumbai, Maharashtra 400059, India",19.090631,72.8600269,OPERATIONAL,place_id
467,"Pizza Hut - The Hub Mall Goregaon, Mumbai","UN 15,16,12 & 17,Gr Flr, The Hub Mall, Western Express Highway, Goregaon East, Mumbai, Maharashtra, India",400063,400063,Yes,Mumbai,Maharashtra,1800 202 2022,https://restaurants.pizzahut.co.in/pizza-hut-goregaon-east-pizza-restaurant-goregaon-east-mumbai-58294/Home,ChIJGQ6oI1-35zsRCY8a5rmnxRw,19.1548823,72.8562466,"Pizza Hut | The Hub Mall Goregaon, Mumbai","16,12 & 17,Gr Flr, UN 15, Western Express Hwy, Cama Industrial Estate, Goregaon East, Mumbai, Maharashtra 400063, India",19.1548823,72.85624659999999,OPERATIONAL,place_id
468,"Pizza Hut - Vicino Mall Andheri West, Mumbai","SN 8 & 106, Ground Floor, Vicino Mall, Oshiwara, Andheri West, Mumbai, Maharashtra, India",400102,400102,Yes,Mumbai,Maharashtra,089768 84886,https://restaurants.pizzahut.co.in/pizza-hut-vicino-mall-andheri-west-pizza-restaurant-andheri-west-mumbai-174831/Home,ChIJ1awXVTy25zsRI5LSXz3Bcuw,19.1513978,72.8345209,Pizza Hut,"SN 8 & 106, Ground Floor, Vicino Mall, Oshiwara, Andheri West, Mumbai, Maharashtra 400102, India",19.1513978,72.8345209,OPERATIONAL,place_id
469,"Pizza Hut - Vile Parle, Mumbai",,400057,400057,Yes,Mumbai,Maharashtra,,https://restaurants.pizzahut.co.in/pizza-hut-vile-parle-mumbai-in-maharashtra-mumbai-vile-parle-21089/Home,ChIJqZBirrbJ5zsRCTfNCUUwoWU,19.100482,72.845722,"Pizza Hut | Vile Parle, Mumbai","2nd Floor, Trinity Square, 13, Shyam Kamal Rd, Agarwal Market, Vile Parle East, Vile Parle, Mumbai, Maharashtra 400057, India",19.100482,72.845722,OPERATIONAL,place_id
470,"Pizza Hut - Hingna Road, Nagpur","Shop No 6A/2, 6B & 7, Ground Floor, Hingna Road, Nagpur, Maharashtra, India",440028,440016,No,Nagpur,Maharashtra,089760 73671,https://restaurants.pizzahut.co.in/pizza-hut-pizzerias-hingna-road-nagpur-187343/Home,ChIJn2TChRWV1DsR7HNDYtac7vc,21.113661,79.008711,"Pizza Hut | Hingna Road, Nagpur","Shop No 6A/2, 6B & 7, Ground Floor, Hingna Rd, S R P Camp, Digdoh, Maharashtra 440016, India",21.113661,79.00871099999999,OPERATIONAL,place_id
471,"Pizza Hut - Laxmi Nagar, Nagpur","Meghdoor Heights, No 1435, South Ambazari Road, Shraddhanandpeth Sq, Nagpur, Maharashtra, India",440010,440022,No,Nagpur,Maharashtra,070650 00897,https://restaurants.pizzahut.co.in/pizza-hut-south-ambazari-rd-pizza-delivery-south-ambazari-rd-nagpur-1300/Home,ChIJP7BEMnzA1DsR2VUg0-ZOS2I,21.1252084,79.0612019,"Pizza Hut | Laxmi Nagar, Nagpur","Meghdoor Heights, No 1435, S Ambazari Rd, Shraddhanandpeth Sq, Laxminagar, Nagpur, Maharashtra 440022, India",21.1252084,79.0612019,OPERATIONAL,place_id
472,"Pizza Hut - Poonam Towers, Nagpur","SN 5 to 7, Gr Flr, Poonam Chambers, Chawani, Nagpur, Maharashtra, India",440001,440013,No,Nagpur,Maharashtra,089760 73670,https://restaurants.pizzahut.co.in/pizza-hut-ph-poonam-chamber-pizza-restaurant-chawani-nagpur-163313/Home,ChIJjc29Nq7B1DsR8mHyVQ139Zw,21.171271,79.079411,"Pizza Hut | Poonam Towers, Nagpur","SN 5 to 7, Gr, Poonam Chambers, Byramji Town, Chawani, Nagpur, Maharashtra 440013, India",21.171271,79.079411,OPERATIONAL,place_id
473,"Pizza Hut - Trilium Mall, Nagpur","No 2, Food Court, 3rd Flr, Trilium Mall, Rambagh Layout,Untkhana,Ayodhya Nagar, Nagpur, Maharashtra, India",440003,440003,Yes,Nagpur,Maharashtra,089760 73579,https://restaurants.pizzahut.co.in/pizza-hut-trillium-mall-nagpur-pizza-restaurant-ayodhya-nagar-nagpur-92330/Home,ChIJreIXO2rB1DsRfy6Ah8qOk90,21.1322638,79.0968469,"Pizza Hut | Trilium Mall, Nagpur","No 2, Food Court, 3rd Flr, Trilium Mall, Medical Chowk, Rambagh Layout, Ayodhya Nagar, Untkhana, Nagpur, Maharashtra 440003, India",21.1322638,79.0968469,OPERATIONAL,place_id
474,"Pizza Hut - Wardhaman Nagar, Nagpur","PN 278, Ground Floor, Central Avenue, Wardhman Nagar, Nagpur, Maharashtra, India",440008,440008,Yes,Nagpur,Maharashtra,089760 73632,https://restaurants.pizzahut.co.in/pizza-hut-ph-wardhaman-nagar-nagpur-pizza-restaurant-wardhman-nagar-nagpur-122313/Home,ChIJ3V4kyofH1DsRjnDv0_gXPlQ,21.1484494,79.1335218,"Pizza Hut | Wardhaman Nagar, Nagpur","Ground Floor, PN 278, Central Ave, Wardhaman Nagar Colony, Nagpur, Maharashtra 440008, India",21.1484494,79.1335218,OPERATIONAL,place_id
475,"Pizza Hut - Shivaji Nagar, Nanded","111C, GF, Cooperative Industrial Estate, Nanded Waghala, Vishnu Nagar, Nanded, Maharashtra, India",431602,431602,Yes,Nanded,Maharashtra,089296 45635,https://restaurants.pizzahut.co.in/pizza-hut-ph-shivaji-nagar-nanded-pizza-restaurant-vishnu-nagar-nanded-121523/Home,ChIJq6qqqjrW0TsRAvCRCym54rY,19.16648,77.305266,"Pizza Hut | Shivaji Nagar, Nanded","111C, GF, Cooperative Industrial Estate Nanded Waghala, Shivaji Nagar, Vishnu Nagar, Nanded, Maharashtra 431602, India",19.16648,77.305266,OPERATIONAL,place_id
476,"Pizza Hut - Ashoka Marg, Nashik","Shop No 3 & 4, Guru Om Building, Ashoka Marg, Nashik, Maharashtra, India",422214,422011,No,Nashik,Maharashtra,076694 00319,https://restaurants.pizzahut.co.in/pizza-hut-ashoka-marg-nashik-in-maharashtra-nashik-ashoka-marg-51978/Home,ChIJo-DJc7Dr3TsRuIXiNvoirLo,19.9805966,73.7980633,"Pizza Hut | Ashoka Marg, Nashik","Shop No 3 & 4, Guru Om Building, Ashoka Marg, Kalpataru Nagar, Nashik, Maharashtra 422011, India",19.9805966,73.7980633,OPERATIONAL,place_id
477,"Pizza Hut - Deolali Road, Nashik",,422214,422214,Yes,Nashik,Maharashtra,,https://restaurants.pizzahut.co.in/pizza-hut-deolali-road-nashik-in-maharashtra-nashik-nashik-road-38860/Home,ChIJ2zjvRACV3TsRKvv8vRasAy8,19.949722,73.837499,"Pizza Hut | Deolali Road, Nashik","The Exchange,Shop No 85, GF & FF, Near Bytco Hospital Opp Muktidham, Deolali, Road, Rajwada Nagar, Nashik Road, Nashik, Maharashtra 422214, India",19.949722,73.837499,OPERATIONAL,place_id
478,"Pizza Hut - Lawate Nagar, Nashik","3rd Floor, City Centre Mall, Lawate Nagar, Untwadi, Nashik, Maharashtra, India",422002,422002,Yes,Nashik,Maharashtra,1800 202 2022,https://restaurants.pizzahut.co.in/pizza-hut-ph-ccm-nashik-pizza-restaurant-untwadi-nashik-305156/Home,ChIJ42yD-cDr3TsRgmgt4yAOoxU,19.9907066,73.7614837,"Pizza Hut | Lawate Nagar, Nashik","3rd Floor, City Centre Mall, Untwadi Rd, Lawate Nagar, Parijat Nagar, Nashik, Maharashtra 422002, India",19.9907066,73.7614837,OPERATIONAL,place_id
479,"Pizza Hut - Metro 99, Nashik","Plot No 456, Ground Floor, Metro 99, Off College Road, Thatte Nagar, Nashik, Maharashtra, India",422005,422005,Yes,Nashik,Maharashtra,0253 355 4999,https://restaurants.pizzahut.co.in/pizza-hut-thatte-nagar-pizza-restaurant-thatte-nagar-nashik-92328/Home,ChIJ_fjPs5vr3TsR-nmvYctaP64,20.0070537,73.7636737,"Pizza Hut | Metro 99, Nashik","Plot No 456, Ground Floor, Metro 99, Off, College Rd, Thatte Nagar, Nashik, Maharashtra 422005, India",20.0070537,73.7636737,OPERATIONAL,place_id
480,"Pizza Hut - Prashant Nagar, Nashik","Dnyaneshwar Nagar Road, Prashant Nagar, Pathardi Phata, Nashik, Maharashtra, India",422010,422009,No,Nashik,Maharashtra,1800 202 2022,https://restaurants.pizzahut.co.in/pizza-hut-prashant-nagar-nashik-in-maharashtra-nashik-pathardi-phata-22033/Home,ChIJ5UXeYwCV3TsRE8Oy3rUUP5A,19.9519914,73.7688933,"Pizza Hut | Prashant Nagar, Nashik","Dnyaneshwar Nagar Rd, Samarth Nagar, Prashant Nagar, Pathardi Phata, Nashik, Maharashtra 422009, India",19.9519914,73.7688933,OPERATIONAL,place_id
481,"Pizza Hut - Airoli, Navi Mumbai","Green World CHS, Wing A1, Airoli Knowledge Park Road, Dighe, Airoli, Navi Mumbai, Maharashtra, India",400708,400708,Yes,Navi Mumbai,Maharashtra,078350 47284,https://restaurants.pizzahut.co.in/pizza-hut-airoli-navi-mumbai-in-maharashtra-navi-mumbai-airoli-80250/Home,ChIJK3w6NAC_5zsRLzyVIB6vtGQ,19.182785,72.9941961,"Pizza Hut | Airoli, Navi Mumbai","Green World CHS, Wing, A1, Airoli Knowledge Park Rd, Green World, Dighe, Airoli, Navi Mumbai, Maharashtra 400708, India",19.182785,72.9941961,OPERATIONAL,place_id
482,"Pizza Hut - Grand Central Mall Seawoods, Mumbai","1, PN R, 2nd Flr, Seawoods Grand Central, Seawoods Station Rd, Nerul East, Sector 40, Near Railway Station, Navi Mumbai, Maharashtra, India",400706,400706,Yes,Navi Mumbai,Maharashtra,1800 202 2022,https://restaurants.pizzahut.co.in/pizza-hut-ph-seawoods-mall-navi-mumbai-pizza-restaurant-nerul-east-sector-40-navi-mumbai-172025/Home,ChIJFVllz6PD5zsRMqrjEYJTfTU,19.0218941,73.0185639,"Pizza Hut | Grand Central Mall Seawoods, Mumbai","1, PN R, 2nd Flr, Seawoods Grand Central, Seawoods Station Rd, near Railway Station, Nerul East, Sector 40, Nerul, Navi Mumbai, Maharashtra 400706, India",19.0218941,73.01856390000002,OPERATIONAL,place_id
483,"Pizza Hut - Inorbit Mall, Vashi , Mumbai","2nd Floor, Inorbit Mall, Vashi, Sector 30A, Near Vashi Railway Station, Navi Mumbai, Maharashtra, India",400705,400703,No,Navi Mumbai,Maharashtra,1800 202 2022,https://restaurants.pizzahut.co.in/pizza-hut-vashi-pizza-restaurant-vashi-sector-30a-navi-mumbai-1465/Home,ChIJ1waj8E7B5zsREKYsrFtLBSY,19.0655742,73.0013798,"Pizza Hut | Inorbit Mall, Vashi , Mumbai","2nd floor, Inorbit Mall, Railway Station, near Vashi, Sector 30A, Vashi, Navi Mumbai, Maharashtra 400703, India",19.0655742,73.0013798,OPERATIONAL,place_id
484,"Pizza Hut - Kamothe, Navi Mumbai","Shop No 9 & 10, Tharwani Residency, Kamothe,Sion Panvel Expy,Panvel,Sec 6A, Navi Mumbai, Maharashtra, India",410206,410209,No,Navi Mumbai,Maharashtra,098997 07752,https://restaurants.pizzahut.co.in/pizza-hut-ph-kamothe-navi-mumbai-pizzerias-panvel-sec-6a-navi-mumbai-125846/Home,ChIJ5-KyHL_p5zsRDMZU3a7zG2I,19.0259949,73.0944721,"Pizza Hut | Kamothe, Navi Mumbai","Shop No 9 & 10, Tharwani Residency, Sion - Panvel Hwy, Sector 6A, Kamothe, Panvel, Maharashtra 410209, India",19.0259949,73.09447209999999,OPERATIONAL,place_id
485,"Pizza Hut - Kopar Khairane Vashi, Mumbai","Shop No 3 & 4, Kailash Vaibhav Building, Plot No 21, Vashi Road, Kopar Khairane, Navi Mumbai, Maharashtra, India",400709,400709,Yes,Navi Mumbai,Maharashtra,098990 79162,https://restaurants.pizzahut.co.in/pizza-hut-ph-koper-khairane-vashi-road-pizzerias-kopar-khairane-navi-mumbai-275648/Home,ChIJ41_d283B5zsR25DANVSbo2Q,19.0942875,73.0058391,"Pizza Hut | Kopar Khairane Vashi, Mumbai","Shop No 3 & 4, Kailash Vaibhav Building Plot No 21, Vashi, Road, Kalash Udyan, Sector 11, Kopar Khairane, Navi Mumbai, Maharashtra 400709, India",19.0942875,73.0058391,OPERATIONAL,place_id
486,Pizza Hut - Mumbai,"S No 1 to 4, Gr Flr, Priyadarshini CHS, Plot No 99, Airoli, Sector 8A, Navi Mumbai, Maharashtra, India",400708,400701,No,Navi Mumbai,Maharashtra,086551 89317,https://restaurants.pizzahut.co.in/pizza-hut-mumbai-in-maharashtra-navi-mumbai-sector-8a-66751/Home,ChIJj-VX8MO_5zsRSbjKD64UvJU,19.143127,72.9969012,Pizza Hut - Mumbai,"S No 1 to 4, Gr Flr, Priyadarshini CHS, Plot No 99, Gothivali Village, Sector 8A, Airoli, Navi Mumbai, Maharashtra 400701, India",19.1438816,72.99821159999999,OPERATIONAL,place_id
487,"Pizza Hut - Nerul, Mumbai","5, Ground Floor, Ahilya Gokul Patil Road,Nerul,Sector 1, Next to KFC, Navi Mumbai, Maharashtra, India",400706,400706,Yes,Navi Mumbai,Maharashtra,089290 77632,https://restaurants.pizzahut.co.in/pizza-hut-nerul-sector-1-pizza-delivery-nerul-sector-1-navi-mumbai-1360/Home,ChIJX9kB6tvD5zsRhvdIHTXB9UQ,19.0459769,73.0241554,"Pizza Hut | Nerul, Mumbai","Ground Floor, 5, Ahilya Gokul Patil Rd, next to KFC, Sector 1, Shiravane, Nerul, Navi Mumbai, Maharashtra 400706, India",19.0459769,73.0241554,OPERATIONAL,place_id
488,"Pizza Hut - Ulwe Navi, Mumbai","Shop No 16 to 18, Siddhivinayak Utopia, Plot No 191, Wahal,Ulwe, Sector 20, Navi Mumbai, Maharashtra, India",410206,410206,Yes,Navi Mumbai,Maharashtra,1800 202 2022,https://restaurants.pizzahut.co.in/pizza-hut-ulwe-pizzerias-ulwe-sector-20-navi-mumbai-300960/Home,ChIJ-98TW_3D5zsRScbrA5wlAXU,18.9769064,73.0273477,"Pizza Hut | Ulwe Navi, Mumbai","Shop No 16 to 18, Siddhivinayak Utopia, Plot No 191, Sector 20, Ulwe, Wahal, Navi Mumbai, Maharashtra 410206, India",18.9769064,73.02734769999999,OPERATIONAL,place_id
489,"Pizza Hut - Nalasopara East, Palghar","Shop No 1 to 5, Tulip Garden, Central Park,Nalasopara East, Palghar, Maharashtra, India",401209,401209,Yes,Palghar,Maharashtra,1800 202 2022,https://restaurants.pizzahut.co.in/pizza-hut-tulip-garden-nalasopara-east-pizzerias-nalasopara-east-palghar-275476/Home,ChIJ83RZRASp5zsRQ8L-F6kY7Cw,,,"Pizza Hut | Nalasopara East, Palghar","Shop No 1 to 5, Tulip Garden, Central Park Rd, Nala Sopara, Oswal Nagari, Nalasopara East, Vasai-Virar, Maharashtra 401209, India",19.426999,72.8183292,OPERATIONAL,text search
490,"Pizza Hut - Orion Mall Panvel, Mumbai","No K05, 2nd Flr, Food Court, Orion Mall, near ST Stand, Panvel, Panvel, Maharashtra, India",410206,410206,Yes,Panvel,Maharashtra,1800 202 2022,https://restaurants.pizzahut.co.in/pizza-hut-ph-orion-mall-pizzerias-panvel-navi-mumbai-130471/Home,ChIJH0PqW1zp5zsR9D18unzd61Y,18.9928606,73.1160547,"Pizza Hut | Orion Mall Panvel, Mumbai","No K05, 2nd Flr, Food Court, Orion Mall, near ST Stand, Forest Colony, Panvel, Maharashtra 410206, India",18.9928606,73.11605469999999,OPERATIONAL,place_id
491,"Pizza Hut - Sai Miracle Sector 35 Kharghar, Mumbai","S No 9 & 10, Ground Floor, Sai Miracle, Plot No 16/17/19, Sector 35E, Kharghar, Panvel, Maharashtra, India",410210,410210,Yes,Panvel,Maharashtra,086556 15987,https://restaurants.pizzahut.co.in/pizza-hut-kharghar-pizzerias-kharghar-sector-35e-navi-mumbai-187966/Home,ChIJL_Za1H_B5zsRt81r-lwuLsc,19.0707767,73.0779579,"Pizza Hut | Sai Miracle Sector 35 Kharghar, Mumbai","S No 9 & 10, Ground Floor, Sai Miracle, Plot No 16/17/19, Sector 34 E, Sector 35E, Kharghar, Panvel, Maharashtra 410210, India",19.0707767,73.0779579,OPERATIONAL,place_id
492,"Pizza Hut - 93 Avenue, Pune","Unit No 2 & 3, Ground Floor, Kalubai Chowk, Wanowrie, Fatima Nagar, Pune, Maharashtra, India",411013,411013,Yes,Pune,Maharashtra,089760 73954,https://restaurants.pizzahut.co.in/pizza-hut-93-avenue-pizza-restaurant-fatima-nagar-pune-107867/Home,ChIJUfRbTe_BwjsR3rWgkD8jkXA,18.5057489,73.9065656,"Pizza Hut | 93 Avenue, Pune","Unit No 2 & 3, Ground Floor, Kalubai Chowk, Fatima Nagar, Wanowrie, Pune, Maharashtra 411013, India",18.5057489,73.90656560000001,OPERATIONAL,place_id
493,"Pizza Hut - Aero Mall, Pune","Shop No K14, 2nd Floor, Survey No 235, Mhada Colony, Viman Nagar, Pune, Maharashtra, India",411006,411032,No,Pune,Maharashtra,085068 37643,https://restaurants.pizzahut.co.in/pizza-hut-ph-aero-mall-pune-airport-pizzerias-viman-nagar-pune-235141/Home,ChIJna_nsNTBwjsRZ9s6lnuqjkg,18.578094,73.9072365,"Pizza Hut | Aero Mall, Pune","Shop No K14, 2nd Floor, Survey Number 235, Mhada Colony, Viman Nagar, Pune, Maharashtra 411032, India",18.578094,73.9072365,OPERATIONAL,place_id
494,"Pizza Hut - Amanora Mall, Pune","No EB/SF/FC20, 2nd Floor, Amanora Mall, East Block, Kharadi Bypass, Hadapsar, Pune, Maharashtra, India",411028,411028,Yes,Pune,Maharashtra,1800 202 2022,https://restaurants.pizzahut.co.in/pizza-hut-amanora-mall-in-maharashtra-pune-hadapsar-97277/Home,ChIJd685sQnDwjsRXH3KMKeih1c,18.520401,73.939901,"Pizza Hut | Amanora Mall, Pune","2nd Floor, Amanora Mall, No EB/SF/FC20, Mundwa -Kharadi Rd, East Block, Hadapsar, Pune, Maharashtra 411028, India",18.5185095,73.9350828,OPERATIONAL,place_id
495,"Pizza Hut - Ambegaon, Pune","S No 1 & 2, Ground Floor, Lotus Park 3, Mumbai Pune Bypass Road,Ambegaon BK, Pune, Maharashtra, India",411046,411046,Yes,Pune,Maharashtra,098990 79338,https://restaurants.pizzahut.co.in/pizza-hut-ph-lotus-park-ambegoan-pune-pizzerias-ambegaon-bk-pune-271932/Home,ChIJNVyoCTmVwjsRG6w8qIAmJq0,18.4555309,73.831461,"Pizza Hut | Ambegaon, Pune","Ground Floor, Lotus Park 3, S No 1 & 2, Mumbai Pune Bypass Rd Flyover, Ambegaon Budruk, Pune, Maharashtra 411046, India",18.4555309,73.83146099999999,OPERATIONAL,place_id
496,"Pizza Hut - Anand Nagar, Pune","Arvind Society, Narveer Tanaji Malusare Road, Anand Nagar, Pune, Maharashtra, India",411051,411051,Yes,Pune,Maharashtra,1800 202 2022,https://restaurants.pizzahut.co.in/pizza-hut-anand-nagar-pune-in-maharashtra-pune-anand-nagar-47435/Home,ChIJj-KWVkSVwjsRzOle4ptkk5s,18.4782081,73.8242504,"Pizza Hut | Anand Nagar, Pune","Narveer Tanaji Malusare Rd, Arvind Society, Anand Nagar, Pune, Maharashtra 411051, India",18.4782081,73.8242504,OPERATIONAL,place_id
497,"Pizza Hut - Baner Pashan, Pune","Nano Space IT Park, Baner Pashan Link Road, Baner, Pune, Maharashtra, India",411045,411069,No,Pune,Maharashtra,089760 73889,https://restaurants.pizzahut.co.in/pizza-hut-baner-pashan-pizza-restaurant-baner-pune-133374/Home,ChIJ-9R7Wtm_wjsRKycaPJ9gLmA,18.5520221,73.7950452,"Pizza Hut | Baner Pashan, Pune","Nano Space IT Park, Baner - Pashan Link Rd, Baner, Pune, Maharashtra 411069, India",18.5520221,73.79504519999999,OPERATIONAL,place_id
498,"Pizza Hut - Baner Sus Road, Pune","Shop No 3, S No 52, Baner Business Bay, Mumbai Banglore Highway, Baner Sus Road, Behind Audi, Pune, Maharashtra, India",411021,411045,No,Pune,Maharashtra,089760 76886,https://restaurants.pizzahut.co.in/pizza-hut-sus-road-baner-pune-pizzerias-baner-sus-road-pune-285256/Home,ChIJNywt32i_wjsR_srLjUFQTEA,18.548501,73.7694301,"Pizza Hut | Baner Sus Road, Pune","Shop No 3, S No 52, Baner Business Bay Mumbai Banglore Highway, Sus Road, behind Audi, Baner Annex, Baner, Pune, Maharashtra 411045, India",18.548501,73.7694301,OPERATIONAL,place_id
499,"Pizza Hut - Baner, Pune","Sy No 115, Hissa No 3/1, Ground Floor, Haveli,TIARA,Baner, Pune, Maharashtra, India",411045,411069,No,Pune,Maharashtra,089760 73821,https://restaurants.pizzahut.co.in/pizza-hut-baner-pizza-delivery-baner-pune-44204/Home,ChIJIfBc9P2_wjsRx-fRguKx6bg,18.5645657,73.774485,"Pizza Hut | Baner, Pune","Sy No 115, Hissa No, Ground Floor, Haveli,TIARA, 3/1, Veerbhadra Nagar, Baner, Pune, Maharashtra 411069, India",18.5645657,73.774485,OPERATIONAL,place_id
500,"Pizza Hut - Bavdhan, Pune","Plot No 2, Gr & 1st Flr, Sagar Society, Sr No 12/2, Bavdhan Khurd, Pune, Maharashtra, India",411021,411021,Yes,Pune,Maharashtra,086556 16043,https://restaurants.pizzahut.co.in/pizza-hut-ph-bavdhan-pizzerias-bavdhan-khurd-pune-199341/Home,ChIJrQrzpQa_wjsRSv2gKGipKVE,18.514941,73.782201,"Pizza Hut | Bavdhan, Pune","Plot No 2, Gr & 1st Flr, Sr No 12, Sagar Society, 2, Sagar Co-Operative Housing Society, Bavdhan, Pune, Maharashtra 411021, India",18.514941,73.782201,OPERATIONAL,place_id
501,"Pizza Hut - Chikhali, Pune","No 7 to 9, PN 1/1, Kundan Jn, Spine Rd,, Gharkul Chowk, PCNTDA, Chikhali, Sector 17, Pune, Maharashtra, India",411062,411062,Yes,Pune,Maharashtra,089760 74833,https://restaurants.pizzahut.co.in/pizza-hut-chikhali-pune-pizzerias-chikhali-sector-17-pune-282797/Home,ChIJ58iJZUC3wjsRRaiCr3DU6_E,18.6651592,73.8083928,"Pizza Hut | Chikhali, Pune","No 7 to 9, PN 1/1, Kundan Jn, Spine Rd Gharkul Chowk, PCNTDA, Vitthal Nagar, Sector 17, Chikhali, Pimpri-Chinchwad, Maharashtra 411062, India",18.6651592,73.80839280000001,OPERATIONAL,place_id
502,"Pizza Hut - Clover Hills Plaza, Pune","G12/13/22/23, Gr Flr, Clover Hills Plaza, NIBM Road, Mohammad wadi, Pune, Maharashtra, India",411048,411048,Yes,Pune,Maharashtra,089760 77672,https://restaurants.pizzahut.co.in/pizza-hut-ph-nibm-pizza-restaurant-mohammad-wadi-pune-306683/Home,ChIJhc9i3IbrwjsRa9eyeoZCI9U,18.467581,73.901561,"Pizza Hut | Clover Hills Plaza, Pune","G12/13/22/23, Gr, Clover Hill Plaza, NIBM Rd, Autadwadi Handewadi, Mohammed Wadi, Pune, Maharashtra 411048, India",18.467581,73.901561,OPERATIONAL,place_id
503,"Pizza Hut - Dapodi, Pune","Shop No 5, Ground Floor, Siddhi Tower, Ganesh Nagar, Dapodi, Pimpri Chinchwad, Pune, Maharashtra, India",411012,411012,Yes,Pune,Maharashtra,086109 30273,https://restaurants.pizzahut.co.in/pizza-hut-ph-dapodi-pune-pizzerias-pimpri-chinchwad-pune-235128/Home,ChIJo-WDmim5wjsRmlM65NV0PLU,18.5824987,73.831069,"Pizza Hut | Dapodi, Pune","Shop No 5, Ground Floor, Siddhi Towers B Wing, Ganesh Nagar, Dapodi, Pimpri-Chinchwad, Maharashtra 411012, India",18.5824987,73.831069,OPERATIONAL,place_id
504,"Pizza Hut - Dhanori, Pune","Ground Floor, Marrakesh, Dhanori Road, Madhav Nagar, Dhanori, Pune, Maharashtra, India",411015,411015,Yes,Pune,Maharashtra,089760 73997,https://restaurants.pizzahut.co.in/pizza-hut-pizza-hut-dhanori-pizza-restaurant-dhanori-pune-118010/Home,ChIJ8R2-4pTHwjsRN3NNuPBexK0,18.59742,73.90233,"Pizza Hut | Dhanori, Pune","Ground Floor, Marrakesh, Dhanori Rd, Madhav Nagar, Dhanori, Pune, Maharashtra 411015, India",18.59742,73.90232999999999,OPERATIONAL,place_id
505,"Pizza Hut - Dhayari, Pune","Apple Regency, Main Gate, Sinhgad Road, opposite Nanded, Dhayari, Pune, Maharashtra, India",411068,411068,Yes,Pune,Maharashtra,072900 68341,https://restaurants.pizzahut.co.in/pizza-hut-ph-dhayari-pune-pizza-restaurant-dhayari-pune-107787/Home,ChIJvaSYQtiVwjsRhQkJWG4Uy9c,,,"Pizza Hut | Dhayari, Pune","Apple Regency, Main Gate, Sinhgad Rd, opposite Nanded, Nanded Fata, Pandurang Industrial Area, Dhayari, Pune, Maharashtra 411068, India",18.4569609,73.8021601,OPERATIONAL,text search
506,"Pizza Hut - Dighi, Pune","Shop No 85/1/1, GF, Kamalraj Nishigandh, Pune Alandi Road, Dighi, Near Parande Properties, Pune, Maharashtra, India",411015,411015,Yes,Pune,Maharashtra,089760 74224,https://restaurants.pizzahut.co.in/pizza-hut-ph-dighi-pizzerias-dighi-pune-249767/Home,ChIJFxo7r67HwjsRjsg4UYXUTYc,18.6196401,73.8738101,"Pizza Hut | Dighi, Pune","Shop No 85/1/1, GF, Kamalraj Nishigandh Pune Alandi Road, Dighi, near Parande, Datta Nagar, Gokul Colony, Properties, Pune, Pimpri-Chinchwad, Maharashtra 411015, India",18.6196401,73.8738101,OPERATIONAL,place_id
507,"Pizza Hut - Elpro City Square Mall, Pune","No 301, 3rd Floor, Elpro Mall, Chinchwad Gaon, Chinchwad, Pune, Maharashtra, India",411033,411033,Yes,Pune,Maharashtra,089760 73925,https://restaurants.pizzahut.co.in/pizza-hut-ph-fcdi-elpro-mall-pizza-restaurant-chinchwad-pune-108266/Home,ChIJl9J7FBS5wjsRgZcamqTHPeo,18.6284112,73.7840933,"Pizza Hut | Elpro City Square Mall, Pune","No 301, 3rd Floor, Elpro Mall, Chinchwad Gaon, Chinchwad, Pune, Pimpri-Chinchwad, Maharashtra 411033, India",18.6284112,73.7840933,OPERATIONAL,place_id
508,"Pizza Hut - FC Road, Pune","Shop No 1A, Millenium Plaza, Survey No 1216, Fergusson College Road, Pune, Maharashtra, India",411004,411004,Yes,Pune,Maharashtra,089760 73701,https://restaurants.pizzahut.co.in/pizza-hut-fc-collage-road-pizza-delivery-fc-collage-road-pune-2581/Home,ChIJx8FpMYe_wjsRbbVNCWNTxss,18.5218281,73.8410822,"Pizza Hut | FC Road, Pune","Shop No 1A, Millenium Plaza, Survey No 1216, Ferguson College Rd, Shivajinagar, Pune, Maharashtra 411004, India",18.5218281,73.8410822,OPERATIONAL,place_id
509,"Pizza Hut - Global High Street Mall, Hinjewadi","3rd Flr, Global Hi Street Mall, Phase 1, Rajiv Gandhi Infotech Park,Hinjewadi, Pune, Maharashtra, India",411057,411057,Yes,Pune,Maharashtra,095820 79268,https://restaurants.pizzahut.co.in/pizza-hut-hinjewadi-pizza-delivery-hinjewadi-pune-1368/Home,ChIJedInb967wjsRe4qHHeOco_M,18.5943977,73.7254504,"Pizza Hut | Global High Street Mall, Hinjewadi","3rd Flr, Global Hi Street Mall, Phase 1, Rajiv Gandhi Infotech Park, Hinjawadi, Pune, Maharashtra 411057, India",18.5940284,73.7255741,OPERATIONAL,place_id
510,"Pizza Hut - Gurunanak Nagar, Pune","No 2 & 3, 3rd Floor, Vrindavan Society, Shankar Seth Rod,Gurunanak Nagar, Pune, Maharashtra, India",411037,411037,Yes,Pune,Maharashtra,089760 75116,https://restaurants.pizzahut.co.in/pizza-hut-ph-kumar-pacific-pizzerias-gurunanak-nagar-pune-199340/Home,ChIJKaSLiBjBwjsRhdGE13o-p4o,18.5011186,73.8704566,"Pizza Hut | Gurunanak Nagar, Pune","3rd Floor, Vrindavan Society, No 2 & 3, Shankar Sheth Rd, Mira Society, Vrindavan Society, Guru Nanak Nagar, Pune, Maharashtra 411037, India",18.5011186,73.8704566,OPERATIONAL,place_id
511,"Pizza Hut - Hirabaug, Pune","No 1, Plot No 47A & 1077, HBC Building, Shukrawar Peth, Hirabaug, Near Hirabaug Chowk, Pune, Maharashtra, India",411002,411002,Yes,Pune,Maharashtra,089760 75042,https://restaurants.pizzahut.co.in/pizza-hut-sapphire-foods-india-ltd-pizzerias-hirabaug-pune-187345/Home,ChIJL2qK-BLAwjsRKRpe4faJfns,18.5037594,73.8561211,"Pizza Hut | Hirabaug, Pune","No 1, HBC Building, Plot No 47A & 1077, Hirabaug, near Hirabaug Chowk, Subhash Nagar, Shukrawar Peth, Pune, Maharashtra 411002, India",18.5037594,73.8561211,OPERATIONAL,place_id
512,"Pizza Hut - Kalyani Nagar , Pune","Shop No 12, Hermes Waves Mall, Kalyani Nagar, Pune, Maharashtra, India",411016,411016,Yes,Pune,Maharashtra,089760 73714,https://restaurants.pizzahut.co.in/pizza-hut-kalyani-nagar-pizza-delivery-kalyani-nagar-pune-1128/Home,ChIJN9gBCxDBwjsRXKeOH64HWak,18.546493,73.900846,"Pizza Hut | Kalyani Nagar , Pune","Shop No 12, Hermes Waves Mall, Kalyani Nagar, Pune, Maharashtra 411016, India",18.546493,73.900846,OPERATIONAL,place_id
513,"Pizza Hut - Karve Road, Pune","Showroom No 04, Krushnai Plaza CTS No 291, Hingne, Karvenagar, Pune, Maharashtra, India",411052,411052,Yes,Pune,Maharashtra,089760 74712,https://restaurants.pizzahut.co.in/pizza-hut-ph-karve-nagar-pizza-restaurant-karve-nagar-pune-163314/Home,ChIJ3Yl3NfO_wjsReQ-WoDSbjoc,18.4879818,73.8137331,"Pizza Hut | Karve Road, Pune","Showroom No 04, Krushnai Plaza CTS No 291, Hingne, Karvenagar, Pune, Maharashtra 411052, India",18.4879818,73.8137331,OPERATIONAL,place_id
514,"Pizza Hut - Katraj, Pune","Green Park, Pune Satara Road, Katraj, Opposite Bharti Vidyapeeth Main Gate, Pune, Maharashtra, India",411046,411046,Yes,Pune,Maharashtra,098993 19553,https://restaurants.pizzahut.co.in/pizza-hut-katraj-pizza-delivery-katraj-pune-1367/Home,ChIJFW9m2cbqwjsRYD0hPjwuXD8,18.4575442,73.8586266,"Pizza Hut | Katraj, Pune","Green Park Pune Satara Road, Katraj, opposite Bharti Vidyapeeth, Main Gate, Pune, Maharashtra 411046, India",18.4575442,73.8586266,OPERATIONAL,place_id
515,"Pizza Hut - Kothrud, Pune","Plot no A-6 & A-7,CST no 667, Shop no 9, Stilth Floor, Pune, Maharashtra, India",400062,400062,Yes,Pune,Maharashtra,086556 16024,https://restaurants.pizzahut.co.in/pizza-hut-kothrud-pizza-delivery-kothrud-pune-1123/Home,ChIJYWXFp2XAwjsRc-BMCIbWz7g,18.4986762,73.8209458,"Pizza Hut | Kothrud, Pune","Plot no A-6 & A-7,CST no 667, Shop no 9, Stilth Floor, Paschimanagri, Kothrud, Pune, Maharashtra 400062, India",18.4986762,73.82094579999999,OPERATIONAL,place_id
516,"Pizza Hut - Magarpatta, Pune","No 01, 140/11 & 13, Green Harvest Bldg, Magarpatta,Hadapsar, Pune, Maharashtra, India",411028,411028,Yes,Pune,Maharashtra,070650 11226,https://restaurants.pizzahut.co.in/pizza-hut-hadapsar-pizza-delivery-hadapsar-pune-1370/Home,ChIJn9PHTIrBwjsR7SmdsyiBoTg,18.5171458,73.9331275,"Pizza Hut | Magarpatta, Pune","No 01, Green Harvest, 140/11 & 13, Bldg, Magarpatta, Hadapsar, Pune, Maharashtra 411028, India",18.5171458,73.9331275,OPERATIONAL,place_id
517,"Pizza Hut - Magnum Mall (Kakde), Pune","No 231, SGS Mall Camp, Moledina Rd, Pune, Maharashtra, India",411001,411001,Yes,Pune,Maharashtra,089760 73753,https://restaurants.pizzahut.co.in/pizza-hut-moledina-rd-pizza-restaurant-moledina-rd-pune-1194/Home,ChIJs9Ce6kjAwjsRBEIAOvwSc9U,18.5193676,73.8771984,"Pizza Hut | Magnum Mall (Kakde), Pune","SGS Mall, 231, Moledina Rd, Camp, Pune, Maharashtra 411001, India",18.5193676,73.8771984,OPERATIONAL,place_id
518,"Pizza Hut - Nigdi, Pune","No 15 to 17, Kohinoor Arcade, Tilak Chowk, Pradhikaran, Nigdi, Sector 24, Pune, Maharashtra, India",411044,411044,Yes,Pune,Maharashtra,070650 10399,https://restaurants.pizzahut.co.in/pizza-hut-nigdi-sector-24-pizza-delivery-nigdi-sector-24-pune-1366/Home,ChIJNfNnJt-5wjsR72pHuY2NXo4,18.6594569,73.7767741,"Pizza Hut | Nigdi, Pune","Kohinoor Arcade, No 15 to 17, Tilak Chowk, Sector No. 24, Pradhikaran, Nigdi, Pimpri-Chinchwad, Maharashtra 411044, India",18.6594569,73.7767741,OPERATIONAL,place_id
519,"Pizza Hut - PMC, Pune","G5, LG Flr, Phoenix Marketcity Mall, Survey Number 201, Viman Nagar, Pune, Maharashtra, India",411014,411014,Yes,Pune,Maharashtra,089760 73820,https://restaurants.pizzahut.co.in/pizza-hut-viman-nagar-pizza-delivery-viman-nagar-pune-23552/Home,ChIJLeoPcEHBwjsRIXO12jpCLW0,18.5623319,73.9166294,"Pizza Hut | PMC, Pune","G5, LG Flr, Phoenix Marketcity Mall, Survey Number 201, Clover Park, Viman Nagar, Pune, Maharashtra 411014, India",18.5623319,73.91662939999999,OPERATIONAL,place_id
520,"Pizza Hut - Phoenix Market City Mall, Pune","S26, 2nd Flr, Phoenix Market City Mall, Nagar Road, Viman Nagar, Pune, Maharashtra, India",411014,411014,Yes,Pune,Maharashtra,1800 202 2022,https://restaurants.pizzahut.co.in/pizza-hut-viman-nagar-pizza-restaurant-viman-nagar-pune-1179/Home,ChIJK8vglSPBwjsRkJvJhYCdyrs,18.5615172,73.9174031,"Pizza Hut | Phoenix Market City Mall, Pune","2nd Flr, Phoenix Market City Mall, S26, Pune - Nagar Rd, Clover Park, Viman Nagar, Pune, Maharashtra 411014, India",18.5615172,73.9174031,OPERATIONAL,place_id
521,"Pizza Hut - Punvale Bazar, Pune","SN 7 & 8, Sai Raj Height, Punvale Bazar,Punawale, Pune, Maharashtra, India",411033,411033,Yes,Pune,Maharashtra,089760 77522,https://restaurants.pizzahut.co.in/pizza-hut-ph-punawale-pizzerias-punawale-pune-289860/Home,ChIJWwnhGD-7wjsRAiNv0M_rg6I,18.639769,73.7381321,"Pizza Hut | Punvale Bazar, Pune","SN 7 & 8, SAI RAJ HEIGHTS, Punvale Bazar, Punawale, Pune, Pimpri-Chinchwad, Maharashtra 411033, India",18.639769,73.7381321,OPERATIONAL,place_id
522,"Pizza Hut - Rainbow Mall Wagholi, Pune","Ground Floor, Rainbow Cross Rd Building, Bakori Phata, Nagar Road, Wagholi, Pune, Maharashtra, India",412207,412207,Yes,Pune,Maharashtra,083769 05216,https://restaurants.pizzahut.co.in/pizza-hut-ph-rainbow-cross-road-wagholi-pizza-restaurant-wagholi-pune-125076/Home,ChIJD0lIU5rFwjsRfr-bsgDFLiU,18.5893957,73.9968066,"Pizza Hut | Rainbow Mall Wagholi, Pune","Ground Floor, Rainbow Cross Rd Building Bakori Phata Nagar, Road, Wagholi, Pune, Maharashtra 412207, India",18.5893957,73.9968066,OPERATIONAL,place_id
523,"Pizza Hut - Sasane Nagar, Pune","Fortune Plaza, Vardhaman Township, Sasane Nagar, Hadapsar, Pune, Maharashtra, India",411028,411028,Yes,Pune,Maharashtra,085888 59604,https://restaurants.pizzahut.co.in/pizza-hut-ph-sasane-nagar-pune-pizzerias-hadapsar-pune-250676/Home,ChIJD3MLqyTrwjsRaUh5dQUvL4U,18.4885329,73.9333289,"Pizza Hut | Sasane Nagar, Pune","Fortune Plaza, Autadwadi Handewadi, Vardhaman Twp, Sasane Nagar, Hadapsar, Pune, Maharashtra 411028, India",18.4885329,73.93332889999999,OPERATIONAL,place_id
524,"Pizza Hut - Seasons Mall, Pune","Unit No T1, SEASONS MALL, Magarpatta Police Station Road, Magarpatta, Hadapsar, Pune, Maharashtra, India",411013,411013,Yes,Pune,Maharashtra,089760 73785,https://restaurants.pizzahut.co.in/pizza-hut-hadapsar-pizza-takeaway-hadapsar-pune-23041/Home,ChIJgQXt_IvBwjsRPgkgHuLKepo,18.5197071,73.9304695,"Pizza Hut | Seasons Mall, Pune","Unit No T1, SEASONS MALL, Magarpatta Police Station Rd, Magarpatta, Hadapsar, Pune, Maharashtra 411013, India",18.5197071,73.9304695,OPERATIONAL,place_id
525,"Pizza Hut - Shankar Kalat Nagar, Pune","Survey No 186, Costa Rica Society, 9 Avenues CHS, Besides, Shankar Kalat Nagar, Wakad, Pune, Maharashtra, India",411057,411057,Yes,Pune,Maharashtra,1800 202 2022,https://restaurants.pizzahut.co.in/pizza-hut-shankar-kalat-nagar-pune-in-maharashtra-pune-besides-costa-rica-society-51465/Home,ChIJb6kOFze5wjsRcNKmseekToU,18.600874,73.7644227,"Pizza Hut | Shankar Kalat Nagar, Pune","Survey No 186, Costa Rica Society, 9 Avenues CHS, Besides, Shankar Kalat Nagar, Wakad, Pimpri-Chinchwad, Maharashtra 411057, India",18.600874,73.7644227,OPERATIONAL,place_id
526,"Pizza Hut - Shoppers Orbit Vishrantwadi, Pune","Gr Flr, Shoppers Orbit, Shop No 31/B, Dhanori Road, next Mahalaxmi Complex, Pune, Maharashtra, India",411015,411015,Yes,Pune,Maharashtra,098994 84974,https://restaurants.pizzahut.co.in/pizza-hut-dhanori-road-pizza-restaurant-dhanori-road-pune-105727/Home,ChIJl6zBVW3BwjsRauPXQg8b7CA,18.5704378,73.8786253,"Pizza Hut | Shoppers Orbit Vishrantwadi, Pune","Gr Flr, Shoppers Orbit, Shop No 31/B, Dhanori Rd, next Mahalaxmi Complex, Vishrantwadi, Pune, Maharashtra 411015, India",18.5704378,73.8786253,OPERATIONAL,place_id
527,"Pizza Hut - The Pavilion ( ICC) Mall, Pune","UN 3, PN 403 A1, The Pavillion Mall, Senapati Bapat Nagar,Shivaji Nagar, Near Marriot, Pune, Maharashtra, India",411016,411016,Yes,Pune,Maharashtra,089760 73764,https://restaurants.pizzahut.co.in/pizza-hut-shivaji-nagar-pizza-restaurant-shivaji-nagar-pune-22509/Home,ChIJIcI20XC_wjsRt_V45fOFRgg,18.5335151,73.8276027,"Pizza Hut | The Pavilion ( ICC) Mall, Pune","PN 403 A1, The Pavillion Mall, UN 3, Senapati Bapat Rd, near Marriot, Shivaji Co operative Housing Society, Nagar, Shivajinagar, Pune, Maharashtra 411016, India",18.5335151,73.82760270000001,OPERATIONAL,place_id
528,"Pizza Hut - Undri, Pune","Shop No 14 & 15, Urban Nest, VTP Realty, Undri Chowk, Undri, Pune, Maharashtra, India",412308,411060,No,Pune,Maharashtra,098731 43996,https://restaurants.pizzahut.co.in/pizza-hut-ph-undri-pune-pizza-restaurant-undri-pune-129758/Home,ChIJR7E9kgfrwjsROVs4ugZvTCY,18.4493265,73.912817,"Pizza Hut | Undri, Pune","Shop No 14 & 15, Urban Nest by VTP Group, Chowk, Realty, Undri, Pune, Maharashtra 411060, India",18.4493265,73.91281699999999,OPERATIONAL,place_id
529,"Pizza Hut - VJ Happiness Street Hinjewadi, Pune","Shop No 4 & 5, Ground Floor, Phase 2, VJ Happiness Street, Hinjewadi, Pune, Maharashtra, India",411057,411057,Yes,Pune,Maharashtra,085100 39631,https://restaurants.pizzahut.co.in/pizza-hut-ph-vj-happiness-street-hinjewadi-pizzerias-hinjewadi-pune-200464/Home,ChIJ5wbHoEC7wjsRVCTmYDKwYmU,18.5871553,73.7001928,"Pizza Hut | VJ Happiness Street Hinjewadi, Pune","Shop No 4 & 5, Ground Floor, VJ Happiness Street, Hinjawadi Phase II, Rajiv Gandhi Infotech Park, Hinjawadi, Pune, Maharashtra 411057, India",18.5871553,73.7001928,OPERATIONAL,place_id
530,"Pizza Hut - WTC Kharadi, Pune","WTC F & B No 4, Tower 2, City Hub, Dholepatil Farms Road,Kharadi, Pune, Maharashtra, India",411014,411014,Yes,Pune,Maharashtra,089760 73803,https://restaurants.pizzahut.co.in/pizza-hut-kharadi-pizza-delivery-kharadi-pune-23032/Home,ChIJAQBQ3cTDwjsR6tWwcC4H7Zc,18.553196,73.9481976,"Pizza Hut | WTC Kharadi, Pune","WTC, TOWER-2, City Hub, F & B No 4, Dholepatil Farms Rd, EON Free Zone, Kharadi, Pune, Maharashtra 411014, India",18.553196,73.9481976,OPERATIONAL,place_id
531,"Pizza Hut - WestEnd Mall, Pune","FC 02, 03 & 3A, 2nd Flr, Westend Mall, Aundh, Pune, Maharashtra, India",411007,411067,No,Pune,Maharashtra,089760 73796,https://restaurants.pizzahut.co.in/pizza-hut-aundh-pizza-restaurant-aundh-pune-6147/Home,ChIJR4QPvC-_wjsRuMn6xIc1dH8,18.5616826,73.8067807,"Pizza Hut | WestEnd Mall, Pune","FC 02, 2nd Flr, WESTEND MALL, 03 & 3A, Ward No. 8, Wireless Colony, Aundh, Pune, Maharashtra 411067, India",18.5616826,73.80678069999999,OPERATIONAL,place_id
532,"Pizza Hut - Yashwant Nagar, Pune","Plot No 187, Yashwant Nagar Approach Rd, Yashwant Ngr, Samson Ngr, Talegaon Dabhade, Pune, Maharashtra, India",410507,410507,Yes,Pune,Maharashtra,1800 202 2022,https://restaurants.pizzahut.co.in/pizza-hut-yashwant-nagar-pune-in-maharashtra-pune-talegaon-dabhade-52300/Home,ChIJrUi5O6axwjsRkz2CtpTzMwo,18.7377767,73.6742556,"Pizza Hut | Yashwant Nagar, Pune","Plot No 187, Yashwant Nagar Approach Rd, Samson Nagar, Yashwant Nagar, Talegaon Dabhade R, Maharashtra 410507, India",18.7377767,73.6742556,OPERATIONAL,place_id
533,"Pizza Hut - Patrakar Nagar, Sangli","Shop No G4 to 8, Shiv City Centre, Sangli Miraj Road, Walneswadi, Near Collector Bhavan, Sangli, Maharashtra, India",416416,416416,Yes,Sangli,Maharashtra,089760 77299,https://restaurants.pizzahut.co.in/pizza-hut-pizza-hut-fcd-pizza-restaurant-walneswadi-sangli-125363/Home,ChIJZUDIeb8jwTsRIgHcnWd7Ls0,16.84241,74.61136,"Pizza Hut | Patrakar Nagar, Sangli","Shop No G4 to 8, Shiv City Centre, Sangli - Miraj Rd, near Collector Bhavan, Wanalesawadi, Vishrambag, Sangli Miraj Kupwad, Maharashtra 416416, India",16.84241,74.61135999999999,OPERATIONAL,place_id
534,"Pizza Hut - Nagar Manmad Highway, Shirdi","Hotel Kala Sai, Nagar Manmad Highway, Near Shirdi Police Station, Shirdi, Maharashtra, India",423109,423109,Yes,Shirdi,Maharashtra,086554 07289,https://restaurants.pizzahut.co.in/pizza-hut-ph-shirdi-pizzerias-nagar-manmad-highway-shirdi-298327/Home,ChIJscp4t_Fb3DsR809QyVepP9I,19.7703741,74.4740417,"Pizza Hut | Nagar Manmad Highway, Shirdi","Hotel Kala, Manmad Highway, near Shirdi Police Station, Sai Nagar, Shirdi, Maharashtra 423109, India",19.7703741,74.47404170000001,OPERATIONAL,place_id
535,"Pizza Hut - Saat Rasta, Solapur","No 164, Ashwath Infotech Building, Jawaharlal Housing Society, Keshav Nagar, Near 7 Raasta, Solapur, Maharashtra, India",413002,413001,No,Solapur,Maharashtra,084472 18278,https://restaurants.pizzahut.co.in/pizza-hut-ph-keshav-nagra-solapur-pizza-restaurant-keshav-nagar-solapur-125851/Home,ChIJnQwZg__bxTsRkpOUxl3ayzo,17.6626616,75.9065037,"Pizza Hut | Saat Rasta, Solapur","No 164, Ashwath Infotech Building, near 7 Raasta, Jawaharlal Housing Society, Keshav Nagra, Solapur, Maharashtra 413001, India",17.6626616,75.9065037,OPERATIONAL,place_id
536,"Pizza Hut - Bhayandar West, Mumbai","Shop No 2 to 5, Roop Razat Plaza CHS, Bhayandar West, Thane, Maharashtra, India",401101,401101,Yes,Thane,Maharashtra,1800 202 2022,https://restaurants.pizzahut.co.in/pizza-hut-ph-bhayandar-pizza-restaurant-bhayandar-west-thane-132829/Home,ChIJGz6Bnsex5zsRYD8sbKbV7mU,19.294565,72.847328,"Pizza Hut | Bhayandar West, Mumbai","Shop No 2 to 5, ROOP RAJAT PLAZA, CHS, पद्मावती नगर, भायंदर पश्चिम, मिरा भाइंदर, महाराष्ट्र 401101, India",19.294565,72.84732799999999,OPERATIONAL,place_id
537,"Pizza Hut - Boisar, Navi Mumbai","Shop No 9 to 11, Gr Flr, Prestige Apt, Yashwant Srushti, Palghar Road, Boisar, Thane, Maharashtra, India",401501,401501,Yes,Thane,Maharashtra,086556 15989,https://restaurants.pizzahut.co.in/pizza-hut-boisar-pizzerias-boisar-thane-233189/Home,ChIJJf1LEs0f5zsRX5zK5oIBkIg,19.7932225,72.7585345,"Pizza Hut | Boisar, Navi Mumbai","Shop No, Gr Flr, Yashvant Srushti, Prestige Apt, 9 to 11, Palghar Rd, Boisar, Khaira, Maharashtra 401501, India",19.7932225,72.7585345,OPERATIONAL,place_id
538,"Pizza Hut - Cinewonder, Thane, Mumbai","Shop No 7 & 14, Cinewonder Mall, Kapurbavdi, Ghodbunder Road, Thane West, Thane, Maharashtra, India",400607,400601,No,Thane,Maharashtra,1800 202 2022,https://restaurants.pizzahut.co.in/pizza-hut-thane-west-pizza-restaurant-thane-west-thane-1148/Home,ChIJGW5_ciHP5zsRQuZsQ4zoILw,19.22132,72.9772674,"Pizza Hut | Cinewonder, Thane, Mumbai","Shop No 7 & 14, Cinewonder Mall, Kapurbavdi, Ghodbunder Rd, Kapurbawdi, Thane West, Thane, Maharashtra 400601, India",19.22132,72.9772674,OPERATIONAL,place_id
539,"Pizza Hut - Delta Garden Mira Road, Mumbai","SN 9 & 10, Delta Green, C Wing, Mira gao, Siddhi Vinayak Nagar, Mira Bhayandar, Opposite MBMC Water Tank, Thane, Maharashtra, India",401107,401107,Yes,Thane,Maharashtra,095820 79623,https://restaurants.pizzahut.co.in/pizza-hut-ph-delta-garden-mira-road-pizza-restaurant-mira-bhayandar-thane-108232/Home,ChIJv80wFyux5zsRw9x9Vyvv3os,19.284895,72.8677829,"Pizza Hut | Delta Garden Mira Road, Mumbai","SN 9 & 10, Delta Green, C Wing, Mira gao Siddhi, opposite MBMC Water Tank, Vinayak Nagar, Mira Road East, Mira Bhayandar, Maharashtra 401107, India",19.284895,72.8677829,OPERATIONAL,place_id
540,"Pizza Hut - Dombivli East, Thane","SN 16, 3rd Flr, Food Court, Xperia Mall, Kalyan Shil Road,Palava,Dombivli East, Near Mc D, Thane, Maharashtra, India",421204,421204,Yes,Thane,Maharashtra,086556 16156,https://restaurants.pizzahut.co.in/pizza-hut-dombivli-east-pizza-restaurant-dombivli-east-thane-6823/Home,ChIJb8_OJu-_5zsRGoiD0rXcB_A,19.1650109,73.0744835,"Pizza Hut | Dombivli East, Thane","3rd Flr, Food Court, Xperia Mall, SN 16, Kalyan - Shilphata Rd, near Mc D, Palava City, Casa Bella Gold, Dombivli East, Thane, Kalyan, Maharashtra 421204, India",19.1650109,73.0744835,OPERATIONAL,place_id
541,"Pizza Hut - Florence Kasarvadavli, Thane","No 2 to 5, Florence Satguru Life Spaces, Kasarvadavali, Ghodbunder Road, Thane, Maharashtra, India",400615,400615,Yes,Thane,Maharashtra,086556 15988,https://restaurants.pizzahut.co.in/pizza-hut-pizza-hut-florence-kasarvadavli-pizzerias-ghodbunder-road-thane-233188/Home,ChIJ4czAIBC75zsRi1bzJL0sehQ,19.2710701,72.9670201,"Pizza Hut | Florence Kasarvadavli, Thane","No 2 to 5, Florence Satguru Life Spaces, Ghodbunder Rd, Kasarvadavali, Thane West, Thane, Maharashtra 400615, India",19.2710701,72.9670201,OPERATIONAL,place_id
542,"Pizza Hut - Ghansoli Navi, Mumbai","Shop No 17 & 18, Sunberry, Plot No 26, Sector 8, Thane, Maharashtra, India",400701,400701,Yes,Thane,Maharashtra,089296 48046,https://restaurants.pizzahut.co.in/pizza-hut-ph-ghansoli-navi-mumbai-pizza-restaurant-sector-8-thane-125366/Home,ChIJxYIF8c7B5zsRAL1dWyf2HRI,19.1177338,72.9963236,"Pizza Hut | Ghansoli Navi, Mumbai","Shop No 17 & 18, Sunberry, Plot No 26, Sector 8, Jijamata Nagar, Ghansoli, Thane, Navi Mumbai, Maharashtra 400701, India",19.1177338,72.9963236,OPERATIONAL,place_id
543,"Pizza Hut - Gharivali, Thane","71 to 73, GF, R Galleria, Runwal Garden, Kalyan Shil Rd, Gharivali, Dombivali East, Thane, Maharashtra, India",400612,421204,No,Thane,Maharashtra,086558 41196,https://restaurants.pizzahut.co.in/pizza-hut-ph-runwal-garden-dombivali-pizza-restaurant-dombivali-east-thane-305577/Home,ChIJI9RuIwCV5zsRgbuv75gEnqk,19.1836461,73.0895093,"Pizza Hut | Gharivali, Thane","71 to 73, GF, R Galleria, Runwal Garden Kalyan Shil Rd, Gharivali, Dombivli, Bhadra Nagar, Dombivli East, Thane, Kalyan, Maharashtra 421204, India",19.1836461,73.0895093,OPERATIONAL,place_id
544,"Pizza Hut - Indira Nagar Kalyan West, Mumbai","Shop No 8/43, Birla College Campus Road, Gauripada, Kalyan, Opposite Birla College, Thane, Maharashtra, India",421301,421301,Yes,Thane,Maharashtra,089292 51686,https://restaurants.pizzahut.co.in/pizza-hut-ph-guripada-kalyan-west-pizza-restaurant-kalyan-thane-317137/Home,ChIJ4boSz2SV5zsRsoJHTH5WlM0,19.2468148,73.1461738,"Pizza Hut | Indira Nagar Kalyan West, Mumbai","Shop No 8, 43, Birla College Campus Rd, opposite Birla College, Gauripada, Kalyan, Maharashtra 421301, India",19.2468148,73.1461738,OPERATIONAL,place_id
545,"Pizza Hut - Korum Mall, Thane, Mumbai","2nd Floor, Korum Mall, Samata Nagar, Near Eastern Express HW, Thane, Maharashtra, India",400601,400606,No,Thane,Maharashtra,089768 84857,https://restaurants.pizzahut.co.in/pizza-hut-samata-nagar-pizza-restaurant-samata-nagar-thane-6822/Home,ChIJ5fv3vKe55zsREdFTTA1xHbM,19.2029992,72.9649691,"Pizza Hut | Korum Mall, Thane, Mumbai","2nd, Korum Mall, near Eastern Express, Samata Nagar, HW, Thane, Maharashtra 400606, India",19.2029992,72.96496909999999,OPERATIONAL,place_id
546,"Pizza Hut - Metro Junction Mall Kalyan, Thane","Unit No S7, 2nd Flr, Metro Junction Mall, Kalyan Shilphata Rd, Netivali, Kalyan, Thane, Maharashtra, India",421306,421306,Yes,Thane,Maharashtra,089768 84889,https://restaurants.pizzahut.co.in/pizza-hut-metro-junction-mall-pizzerias-kalyan-kalyan-92327/Home,ChIJw3xXqU-V5zsROBeKByMPJFw,,,"Pizza Hut | Metro Junction Mall Kalyan, Thane","Unit No S7, 2nd, Metro Junction Mall, Kalyan - Shilphata Rd, Netivali, Lokgram, Kalyan, Maharashtra 421306, India",19.2296025,73.12354959999999,OPERATIONAL,text search
547,"Pizza Hut - Mira Road, Mumbai","No 14, 16 E Wing, Latif Park, Mira Bhayander Rd, Thane, Maharashtra, India",401107,401107,Yes,Thane,Maharashtra,070650 10699,https://restaurants.pizzahut.co.in/pizza-hut-mira-bhayander-rd-pizza-delivery-mira-bhayander-rd-thane-1363/Home,ChIJWWturUaw5zsRiGbNRxX9QX4,19.2859896,72.8689271,"Pizza Hut | Mira Road, Mumbai","16 E Wing, Latif Park, No 14, Mira Bhayander Link Rd, Chandan Shanti, Mira Road East, Mira Bhayandar, Maharashtra 401107, India",19.2859896,72.86892710000001,OPERATIONAL,place_id
548,"Pizza Hut - The Walk, Thane West, Mumbai","Shop No 101/102, The Walk, Hiranandani Estate Road, Patlipada, Thane, Maharashtra, India",400607,400607,Yes,Thane,Maharashtra,1800 202 2022,https://restaurants.pizzahut.co.in/pizza-hut-patlipada-pizza-restaurant-patlipada-thane-22507/Home,ChIJhVkZ2Yy75zsRS_HZZF2Ibn0,19.2558102,72.9839752,"Pizza Hut | The Walk, Thane West, Mumbai","Shop No 101/102, The Walk, Hiranandani Estate Rd, Patlipada, Thane West, Thane, Maharashtra 400607, India",19.2558102,72.9839752,OPERATIONAL,place_id
549,"Pizza Hut - Vasai West, Thane","Shop No 5, Ground Floor, Padmaraj CHS, 100 Feet Road, Vasai West, Opposite St Francis High School, Thane, Maharashtra, India",401202,401202,Yes,Thane,Maharashtra,1800 202 2022,https://restaurants.pizzahut.co.in/pizza-hut-vasai-west-thane-in-maharashtra-thane-opposite-st-francis-high-school-26689/Home,ChIJ1-vVQ8yv5zsR9sP3p_Cw0eg,19.3835359,72.8209789,"Pizza Hut | Vasai West, Thane","Shop No 5, Ground Floor, Padmaraj CHS, 100 Feet Rd, opposite St Francis High School, Navghar, Vasai West, Thane, Vasai-Virar, Maharashtra 401202, India",19.3835359,72.8209789,OPERATIONAL,place_id
550,"Pizza Hut - Vasai West Malonde, Mumbai","Shop No 14 & 15, Emerald Building, Malonde, GG College Road, Vasai West, Vasai, Maharashtra, India",401201,401201,Yes,Vasai,Maharashtra,097114 21150,https://restaurants.pizzahut.co.in/pizza-hut-ph-koliwada-vasai-west-pizzerias-vasai-west-vasai-189114/Home,ChIJnwgJvHuv5zsReGWd-9WmU8g,19.3434064,72.8070112,"Pizza Hut | Vasai West Malonde, Mumbai","Shop No 14 & 15, Emerald Building Malonde, GG College Rd, Koliwada, Vasai West, Vasai-Virar, Maharashtra 401201, India",19.3434064,72.80701119999999,OPERATIONAL,place_id
551,"Pizza Hut - Capital Mall Nalasopara, Mumbai","No TF17, 3rd Floor, The Capital Mall, VVMC, Nalasopara East, Virar, Maharashtra, India",401203,401203,Yes,Virar,Maharashtra,1800 202 2022,https://restaurants.pizzahut.co.in/pizza-hut-mumbai-pizza-restaurant-nalasopara-east-virar-174830/Home,ChIJc15Ojwmp5zsRKT8nvRwR9qs,19.407421,72.822021,"Pizza Hut | Capital Mall Nalasopara, Mumbai","3rd Floor, The Capital, No TF17, Mall VVMC, Nala Sopara, Yashvant Viva Twp, Nalasopara East, Vasai-Virar, Maharashtra 401203, India",19.407421,72.82202099999999,OPERATIONAL,place_id
552,"Pizza Hut - Nallasopara West, Virar","GF, Oakwood, No 3, West, Sriprastha, Nalasopara West, Virar, Maharashtra, India",401203,401203,Yes,Virar,Maharashtra,086556 89206,https://restaurants.pizzahut.co.in/pizza-hut-oakwood-nallasopara-west-pizzerias-nallasopara-west-virar-262492/Home,ChIJufz2Qyep5zsRv9wjg8vuybs,19.4236904,72.8083188,"Pizza Hut | Nallasopara West, Virar","GF, Oakwood, 3, West, Nala Sopara, Sriprastha, Nalasopara West, Vasai-Virar, Maharashtra 401203, India",19.4236904,72.8083188,OPERATIONAL,place_id
553,"Pizza Hut - Virar East, Mumbai","Vidya Sadan Society, Nana Nani Park, Manvelpada Road, Virar, Virar, Maharashtra, India",401305,401305,Yes,Virar,Maharashtra,085888 17932,https://restaurants.pizzahut.co.in/pizza-hut-ph-virar-east-virar-pizzerias-virar-virar-247708/Home,ChIJecmfXFSp5zsRYR9QfQIjXXk,19.4480909,72.818055,"Pizza Hut | Virar East, Mumbai","Vidya Sadan Society, Nana Nani Park, Virar East Railway Sation Rd, Ekvira Darshan, Virar East, Vasai-Virar, Maharashtra 401305, India",19.4480909,72.818055,OPERATIONAL,place_id
554,"Pizza Hut - Virar West, Mumbai","Ground Floor, DK Plaza, Vasai,Palghar, Virar West, Opposite Mcdonald, Virar, Maharashtra, India",401303,401303,Yes,Virar,Maharashtra,089768 84851,https://restaurants.pizzahut.co.in/pizza-hut-virar-west-pizza-restaurant-virar-west-virar-64000/Home,ChIJca-NV-2p5zsR8AYuDwYcP8U,19.4637754,72.805001,"Pizza Hut | Virar West, Mumbai","Ground Floor, DK Plaza, Vasai, opposite Mcdonald, Y K Nagar, Virar West, Vasai-Virar, Maharashtra 401303, India",19.4637754,72.80500099999999,OPERATIONAL,place_id
555,"Pizza Hut - Urich Mall, Wardha","Shop No 1, Gr Flr, Urich Mall, Aarti Talkis Square, Nagpur Road, Opposite Indira Gandhi Putla, Wardha, Maharashtra, India",442001,442001,Yes,Wardha,Maharashtra,1800 202 2022,https://restaurants.pizzahut.co.in/pizza-hut-ph-urich-mall-wardha-pizza-restaurant-nagpur-road-wardha-305358/Home,ChIJ4TvfTwB_1DsRTlSr2Ui82ew,20.7489441,78.6054825,"Pizza Hut | Urich Mall, Wardha","Shop No 1, Gr Flr, Urich Mall, Aarti Talkis Square, Nagpur Rd, opposite Indira Gandhi Putla, Sudampuri, Wardha, Maharashtra 442001, India",20.7489441,78.6054825,OPERATIONAL,place_id
556,"Pizza Hut - Singjamai, Imphal","Ground Floor, Moiranglhom, Near Shyamasakhi High School, Imphal, Manipur, India",795001,795001,Yes,Imphal,Manipur,089290 35781,https://restaurants.pizzahut.co.in/pizza-hut-ph-singjimai-imphal-pizza-restaurant-moiranglhom-imphal-180176/Home,ChIJ84y_BgQnSTcRLUPVuJPPgag,24.7940025,93.9416546,"Pizza Hut | Singjamai, Imphal","Moiranglhom, Ground Floor, near Shyamasakhi High School, Sanakhwa Yaima Kollup, Imphal, Manipur 795001, India",24.7940025,93.9416546,OPERATIONAL,place_id
557,"Pizza Hut - Airport Road, Imphal","Ground Floor, Urban Square, Tiddim Road, Opposite International Airport, Imphal East, Manipur, India",795140,795140,Yes,Imphal East,Manipur,085539 82738,https://restaurants.pizzahut.co.in/pizza-hut-ph-airport-road-imphal-pizza-restaurant-tiddim-road-imphal-east-130398/Home,ChIJQa4qK8kpSTcRa96lN0wbhx8,24.7697251,93.9005595,"Pizza Hut | Airport Road, Imphal","Ground Floor, Urban Square, Tiddim Rd, opposite International Airport, Imphal, Lamjaotongba, Manipur 795140, India",24.7697251,93.9005595,OPERATIONAL,place_id
558,"Pizza Hut - JM Towers, Shillong","1st Floor, JM Tower, Police Bazaar, Shillong, Meghalaya, India",793001,793001,Yes,Shillong,Meghalaya,070650 11187,https://restaurants.pizzahut.co.in/pizza-hut-police-bazaar-pizza-restaurant-police-bazaar-shillong-1336/Home,ChIJS-ynYpJ-UDcRYdXGwPdBQZk,25.5767219,91.8812388,"Pizza Hut | JM Towers, Shillong","1st Floor, JM Tower, Police Bazar, Shillong, Meghalaya 793001, India",25.5767219,91.8812388,OPERATIONAL,place_id
559,"Pizza Hut - Nongmensong, Shillong","Ground Floor, Umkdait, East Khasi Hill, Malki, Nongmynsong, Shillong, Meghalaya, India",793001,793019,No,Shillong,Meghalaya,089290 34002,https://restaurants.pizzahut.co.in/pizza-hut-ph-nongmensong-shillong-pizza-restaurant-nongmynsong-shillong-304312/Home,ChIJRwR-JeR5UDcREUUgt3ToLiE,25.5904407,91.9155664,"Pizza Hut | Nongmensong, Shillong","Ground Floor, Umkdait, Malki, Nongmynsong, Shillong, Meghalaya 793019, India",25.5904407,91.9155664,OPERATIONAL,place_id
560,"Pizza Hut - Bawngkawn, Aizawl","1st Floor, Durtlana Road, Zemabawk Road, Bawngkawn, Near Traffic Point, Aizawl, Mizoram, India",796001,796014,No,Aizawl,Mizoram,089290 34685,https://restaurants.pizzahut.co.in/pizza-hut-bawngkawn-aizawl-in-mizoram-aizawl-near-traffic-point-15378/Home,ChIJlYUe7nnrTTcRHDKWMflzdMs,23.754833,92.730019,"Pizza Hut | Bawngkawn, Aizawl","1st Floor Durtlana Road, Road, near Traffic Point, Zemabawk, Bawngkawn, Aizawl, Mizoram 796014, India",23.754833,92.730019,OPERATIONAL,place_id
561,"Pizza Hut - Chanmari Aizwal, Mizoram","E 27, 1st Floor, Chanmari, Near Mizoram Rural Bank, Aizawl, Mizoram, India",796009,796007,No,Aizawl,Mizoram,089290 36164,https://restaurants.pizzahut.co.in/pizza-hut-ph-chanmari-aizawl-pizzerias-chanmari-aizawl-197661/Home,ChIJO4udg2nrTTcRISJVJkdt9dU,23.7414261,92.7172502,"Pizza Hut | Chanmari Aizwal, Mizoram","E 27, 1st Floor, Rural Bank, near Mizoram, Chanmari, Aizawl, Mizoram 796007, India",23.7414261,92.7172502,OPERATIONAL,place_id
562,"Pizza Hut - Khatla Bazaar, Aizwal","Shop No E28, Khatla Bazaar, Khatla Kawn, Khatla, Aizawl, Mizoram, India",796001,796001,Yes,Aizawl,Mizoram,076300 84743,https://restaurants.pizzahut.co.in/pizza-hut-ph-khatla-aizawl-pizza-restaurant-khatla-aizawl-135532/Home,ChIJzcSoP7WVTTcRo-RhvMr9SUU,23.7205615,92.7162607,"Pizza Hut | Khatla Bazaar, Aizwal","Shop No E28, Khatla Bazaar, Khatla Kawn, Khatla, Aizawl, Mizoram 796001, India",23.7205615,92.7162607,OPERATIONAL,place_id
563,"Pizza Hut - Circular Road, Dimapur","Nagi House, Middle Point,Tajen Ao Road, Forest Colony, Dimapur, Nagaland, India",797112,797117,No,Dimapur,Nagaland,089296 06755,https://restaurants.pizzahut.co.in/pizza-hut-ph-cilcular-road-dimapur-pizza-restaurant-tajen-ao-road-dimapur-174146/Home,ChIJq10kepLhRTcRSZdP0tBcH0c,,,"Pizza Hut | Circular Road, Dimapur","Nagi House Middle Point, Tajen Ao Rd, Forest Colony, Dimapur, Nagaland 797117, India",25.911503,93.7198683,OPERATIONAL,text search
564,"Pizza Hut - Purana Bazar, Dimapur","NH 229, Purana Bazar, Dimapur, Nagaland, India",797112,797112,Yes,Dimapur,Nagaland,089290 31561,https://restaurants.pizzahut.co.in/pizza-hut-purana-bazar-dimapur-pizza-restaurant-purana-bazar-dimapur-315626/Home,ChIJLfh52sALRjcRk9bqvPyBCKw,25.911197,93.7457754,"Pizza Hut | Purana Bazar, Dimapur","NH 229, Purana Bazar, Dimapur, Nagaland 797112, India",25.911197,93.7457754,OPERATIONAL,place_id
565,"Pizza Hut - Dimapur-Kohima Highway, Mengujuma",,797106,797106,Yes,Piphema New,Nagaland,,https://restaurants.pizzahut.co.in/pizza-hut-dimapur-kohima-highway-mengujuma-in-nagaland-mengujuma-dimapur-kohima-highway-70529/Home,ChIJxZSARgAbRjcRcraSm2BPC5E,25.751448,93.973801,"Pizza Hut | Dimapur-Kohima Highway, Mengujuma","Food Court Midway NH -29, Chumoukedima Mengujuma, Highway, Kohima, Piphema New, Nagaland 797106, India",25.751448,93.973801,OPERATIONAL,place_id
566,"Pizza Hut - Baramunda, Bhubaneswar","Plot No 10P & 12P, Baramunda, Bhubaneswar, Odisha, India",751003,751003,Yes,Bhubaneswar,Odisha,098731 44652,https://restaurants.pizzahut.co.in/pizza-hut-ph-baramunda-bhubaneswar-pizza-restaurant-baramunda-bhubaneswar-130523/Home,ChIJ1Yl7cIinGToR62lxoqvTmnc,20.2786139,85.7970771,"Pizza Hut | Baramunda, Bhubaneswar","Plot No 10P & 12P, Baramunda Housing Board Colony, Baramunda, Bhubaneswar, Odisha 751003, India",20.2786139,85.7970771,OPERATIONAL,place_id
567,"Pizza Hut - DN Regalia, Bhubaneshwar","Food Court, DN Regalia Mall, Kalinga Vihar, Patrapada, Bhubaneswar, Odisha, India",751019,751019,Yes,Bhubaneswar,Odisha,098731 44070,https://restaurants.pizzahut.co.in/pizza-hut-ph-dn-regalia-mall-bhubaneswar-pizza-restaurant-patrapada-bhubaneswar-129771/Home,ChIJRb-UsHipGToRB1vmvIIQbuk,20.2410097,85.7583213,"Pizza Hut | DN Regalia, Bhubaneshwar","Food Court, DN Regalia Mall, Kalinga Vihar, Patrapada, Bhubaneswar, Odisha 751019, India",20.2410097,85.75832129999999,OPERATIONAL,place_id
568,"Pizza Hut - Forum Esplanade, Bhubneswar","FS 206, 2nd Floor, Esplanade Mall, Rasulgarh, Bhubaneswar, Odisha, India",751010,751010,Yes,Bhubaneswar,Odisha,083769 05261,https://restaurants.pizzahut.co.in/pizza-hut-rasulgarh-pizza-restaurant-rasulgarh-bhubaneswar-44225/Home,ChIJIVoG9AELGToRhrSREvzDXqg,20.2912462,85.8559752,"Pizza Hut | Forum Esplanade, Bhubneswar","FS 206, 2nd Floor, Esplanade One Ln, Rasulgarh Industrial Estate, Industrial Area Estate, Rasulgarh, Bhubaneswar, Odisha 751010, India",20.2912462,85.8559752,OPERATIONAL,place_id
569,"Pizza Hut - Jayadev Vihar, Bhubaneswar","P1 & P1/A, XIMB Square, Nandankanan Rd, Gajapati Nagar, Bhubaneswar, Odisha, India",751013,751013,Yes,Bhubaneswar,Odisha,083769 05196,https://restaurants.pizzahut.co.in/pizza-hut-ph-ximb-square-jaydev-vihar-pizza-restaurant-gajapati-nagar-bhubaneswar-125365/Home,ChIJ4XmyMiMJGToRf8xcVLzjGlk,20.30752,85.820764,"Pizza Hut | Jayadev Vihar, Bhubaneswar","XIMB Square, P1 & P1/A, Nandankanan Rd, Gajapati Nagar, Bhubaneswar, Odisha 751013, India",20.30752,85.820764,OPERATIONAL,place_id
570,"Pizza Hut - Patia, Bhubaneshwar","PN 62 & 63, Chandaka Industrial Estate, KIIT Road, Patia, Bhubaneswar, Odisha, India",751024,751024,Yes,Bhubaneswar,Odisha,089290 37702,https://restaurants.pizzahut.co.in/pizza-hut-ph-patia-bhubaneswar-pizza-restaurant-patia-bhubaneswar-129609/Home,ChIJpxxzctMJGToRaSLEHnEnYo4,20.354122,85.817396,"Pizza Hut | Patia, Bhubaneshwar","PN 62 & 63, KIIT Rd, Chandaka Industrial Estate, Patia, Bhubaneswar, Odisha 751024, India",20.354122,85.817396,OPERATIONAL,place_id
571,"Pizza Hut - Puri Cuttack Road, Bhubaneswar","Shop No 103/104, Jharpada, Cuttack puri road, Bhubaneswar, Odisha, India",751006,751006,Yes,Bhubaneswar,Odisha,089290 34363,https://restaurants.pizzahut.co.in/pizza-hut-ph-cuttack-puri-road-bhubaneswar-pizza-restaurant-cuttack-puri-road-bhubaneswar-305347/Home,ChIJl34bXcehGToRPnHBPo6AC6Y,20.2744565,85.8520007,"Pizza Hut | Puri Cuttack Road, Bhubaneswar","Shop No 103, 104, Puri Rd, Jharapada, Cuttack, Bhubaneswar, Odisha 751006, India",20.2744565,85.85200069999999,OPERATIONAL,place_id
572,"Pizza Hut - Utkal Kanika Galleria, Bhubneshwar","No FC 307 & 308, Utkal Kanika Galleria, Kalpana Square, Opposite Odisha State Museum, Bhubaneswar, Odisha, India",751007,751009,No,Bhubaneswar,Odisha,085279 88848,https://restaurants.pizzahut.co.in/pizza-hut-kalpana-square-pizza-restaurant-kalpana-square-bhubaneswar-81393/Home,ChIJTWdLv_CnGToRvk7g3d1Hfyc,20.256291,85.839374,"Pizza Hut | Utkal Kanika Galleria, Bhubneshwar","No FC 307 & 308, Utkal Kanika Galleria, opposite Odisha State Museum, Kalpana Square, Gautam Nagar, Bhubaneswar, Odisha 751009, India",20.256291,85.83937399999999,OPERATIONAL,place_id
573,Pizza Hut - Janata City Center Mall,"Shop No GR5, Janata City Center Mall, Telephone Bhawan Road, Gandhi Nagar, Brahmapur, Odisha, India",760001,760001,Yes,Brahmapur,Odisha,1800 202 2022,https://restaurants.pizzahut.co.in/pizza-hut-janata-city-center-mall-in-odisha-brahmapur-gandhi-nagar-29150/Home,ChIJP4P3YABRPToR0DmvZLWYuGI,19.3104492,84.7914466,Pizza Hut | Janata City Center Mall,"Shop No GR5, Janata City Center Mall, Telephone Bhawan Rd, Gandhi Nagar, Brahmapur, Odisha 760001, India",19.3104492,84.7914466,OPERATIONAL,place_id
574,"Pizza Hut - Baxi Bazar, Cuttack","Plot No 350/934, 935 to 937, Unit 10, Cuttack Town, Cantonment, Cuttack, Odisha, India",753001,753001,Yes,Cuttack,Odisha,085109 00127,https://restaurants.pizzahut.co.in/pizza-hut-ph-baxi-bazar-cuttack-pizzerias-cantonment-cuttack-200462/Home,ChIJoWYo0aYTGToRZ2DTW1CqPZk,20.4764985,85.8694505,"Pizza Hut | Baxi Bazar, Cuttack","Plot No 350/934, 935 to 937, Unit 10, Cantonment, Kataka, Odisha 753001, India",20.4764985,85.8694505,OPERATIONAL,place_id
575,"Pizza Hut - Utkal Centre Point, Jajpur","Shop 3, Utkal Centre Point, Jajpur Road, Byasanagar, Near Chorda Bypass Crossing, Jajpur, Odisha, India",755019,755019,Yes,Jajpur,Odisha,076050 28779,https://restaurants.pizzahut.co.in/pizza-hut-ph-utkal-centre-point-jajpur-pizza-restaurant-byasanagar-jajpur-108229/Home,ChIJETbXINxRGToR7WExdL_WI_0,20.9518137,86.130356,"Pizza Hut | Utkal Centre Point, Jajpur","Near Chorda Bypass Crossing, Shop 3, Utkal Centre Point, Byasanagar, Odisha 755019, India",20.9518137,86.13035599999999,OPERATIONAL,place_id
576,"Pizza Hut - Marwari Para, Jharsuguda",,768201,768201,Yes,Jharsuguda,Odisha,,https://restaurants.pizzahut.co.in/pizza-hut-marwari-para-jharsuguda-in-odisha-jharsuguda-marwari-para-65714/Home,ChIJNUscgr7nIDoR0uuM3-sej_0,21.850541,84.013386,"Pizza Hut | Marwari Para, Jharsuguda","Sarbahal Rd, near Manmohan School, Marwari Para, Jharsuguda, Odisha 768201, India",21.850541,84.013386,OPERATIONAL,place_id
577,"Pizza Hut - Khurda, Khordha",,752050,752050,Yes,Khordha,Odisha,,https://restaurants.pizzahut.co.in/pizza-hut-khurda-khordha-in-odisha-khordha-khurda-18912/Home,ChIJU8WFgeGvGToR7pcun6Hyiwo,20.154058,85.708038,"Pizza Hut | Khurda, Khordha","Rail Coach Restaurant, East Coast Railway Complex, Junction, Jatni, Khordha, Odisha 752050, India",20.154058,85.708038,OPERATIONAL,place_id
578,"Pizza Hut - Budharaja Road, Sambalpur","Ainthapali Chowk, Kainsir, Sambalpur, Odisha, India",768004,768004,Yes,Sambalpur,Odisha,070422 54897,https://restaurants.pizzahut.co.in/pizza-hut-ph-ainthapali-sambalpur-pizza-restaurant-kainsir-sambalpur-166838/Home,ChIJTSwmD30XIToR73TTD4_eIjg,21.4940449,83.9864984,"Pizza Hut | Budharaja Road, Sambalpur","Ainthapali chowk, Ainthapali, Kainsir, Sambalpur, Odisha 768004, India",21.4940449,83.9864984,OPERATIONAL,place_id
579,"Pizza Hut - Providence Mall, Pondicherry","No 07, SN 42, 3rd Floor, Providence Mall, Venkata Subha Reddiar Salai, Puducherry, Puducherry, India",605001,605001,Yes,Puducherry,Puducherry,1800 202 2022,https://restaurants.pizzahut.co.in/pizza-hut-venkata-subha-reddiar-salai-pizza-restaurant-venkata-subha-reddiar-salai-puducherry-82698/Home,ChIJcW50QuthUzoR1-ho2KRBZgk,11.9297772,79.8100043,"Pizza Hut | Providence Mall, Pondicherry","No 07, SN 42, 3rd Floor, Providence Mall Venkata Subha Reddiar Salai, Ambedkar Nagar, Orleanpet, Puducherry, 605001, India",11.92913,79.82003379999999,OPERATIONAL,place_id
580,"Pizza Hut - Mall Of Amritsar, Amritsar","S 033, 2nd Floor, Mall of Amritsar, MBM Farm, GT Road, Sultan Wind Suburban, Amritsar, Punjab, India",143001,143006,No,Amritsar,Punjab,070650 11766,https://restaurants.pizzahut.co.in/pizza-hut-gt-road-pizza-restaurant-gt-road-amritsar-34355/Home,ChIJ-byBGu59GTkR-ZgWC9hCA4w,31.6189778,74.9085514,"Pizza Hut | Mall Of Amritsar, Amritsar","2nd Floor, MBM Farm, Mall of Amritsar, S 033, G T Rd, Sultanwind, Suburban, Maqbool Pura, Amritsar, Amritsar Cantt., Punjab 143006, India",31.6189778,74.9085514,OPERATIONAL,place_id
581,"Pizza Hut - Urban Haat, Amirtsar","Food Court, GT Road, Urban Haat, Maharaja Ranjit Singh Nagar, Ram Bagh, Amritsar, Punjab, India",143001,143001,Yes,Amritsar,Punjab,070650 11916,https://restaurants.pizzahut.co.in/pizza-hut-ram-bagh-pizza-restaurant-ram-bagh-amritsar-98972/Home,ChIJvQ9tVWxjGTkRYtKhsarTAeQ,31.6360445,74.8775088,"Pizza Hut | Urban Haat, Amirtsar","Food Court, Urban Haat, Grand Trunk Rd, Maharaja Ranjit Singh Nagar, Ram Bagh, Amritsar, Punjab 143001, India",31.6360445,74.8775088,OPERATIONAL,place_id
582,"Pizza Hut - Bharat Nagar, Bhatinda","MCB No Z 210676, The Food Street, Bibi Wala Road, Near Dhillon Gym, Bathinda, Punjab, India",151001,151001,Yes,Bathinda,Punjab,084483 81688,https://restaurants.pizzahut.co.in/pizza-hut-bibi-wala-road-pizza-restaurant-bibi-wala-road-bathinda-36114/Home,ChIJzSR6iQUzFzkRimzEhXd8sNQ,30.2200727,74.9547848,"Pizza Hut | Bharat Nagar, Bhatinda","MCB No Z 210676 The Food Street, Bibi Wala Rd, near Dhillon Gym, Bharat Nagar, Bathinda, Punjab 151001, India",30.2200727,74.9547848,OPERATIONAL,place_id
583,"Pizza Hut - Rose Garden Complex, Bhatinda","Shop No 07, Rose Garden Complex, GT Road, Bathinda, Punjab, India",151001,151001,Yes,Bathinda,Punjab,072900 67842,https://restaurants.pizzahut.co.in/pizza-hut-gt-road-pizza-restaurant-gt-road-bathinda-98964/Home,ChIJ8YYqlu4yFzkR7qqCstcUOz0,30.2139807,74.9314263,"Pizza Hut | Rose Garden Complex, Bhatinda","Shop No 07, Rose Garden Complex, GT Rd, Railway Colony, Parasram Nagar, Bathinda, Punjab 151001, India",30.21398069999999,74.9314263,OPERATIONAL,place_id
584,Pizza Hut - Sector 19 Chandigarh,"SCO36, Ground Floor, Sector-19 D, Chandigarh, Punjab, India",160019,160019,Yes,Chandigarh,Punjab,,https://restaurants.pizzahut.co.in/pizza-hut-in-punjab-chandigarh-sector-19-d-84816/Home,ChIJiQAgAdHtDzkRoJziQu16_7I,30.7295629,76.7912862,Pizza Hut | Sector 19 Chandigarh,"SCO36, Ground Floor, 19D, Sector 19, Chandigarh, Punjab 160019, India",30.7295629,76.7912862,OPERATIONAL,place_id
585,"Pizza Hut - Downtown NH44, Pathankot","Shop No 2, Downtown 44, NH 44, Dadwal, Gurdaspur, Punjab, India",145025,145023,No,Gurdaspur,Punjab,070650 12899,https://restaurants.pizzahut.co.in/pizza-hut-ph-downtown44-pathankot-pizza-restaurant-dadwal-gurdaspur-166840/Home,ChIJ7TkjoYt5HDkRQ43Cv3rP7_M,32.2872158,75.5972885,"Pizza Hut | Downtown NH44, Pathankot","Shop No 2, Downtown 44, NH 44, Dadwal, Gurdaspur, Punjab 145023, India",32.2872158,75.59728849999999,OPERATIONAL,place_id
586,"Pizza Hut - Mall Road, Hoshiarpur","Plot No 1314 & 1315, UGF, The Mall Road, Ish Nagar, Fatehgarh, Hoshiarpur, Punjab, India",146001,146001,Yes,Hoshiarpur,Punjab,097118 69408,https://restaurants.pizzahut.co.in/pizza-hut-ph-mall-road-hoshiarpur-pizzerias-fatehgarh-hoshiarpur-185500/Home,ChIJAeBPKRHjGjkRdJJxA3t3F6o,31.5315943,75.9199863,"Pizza Hut | Mall Road, Hoshiarpur","Plot No 1314 & 1315, UGF, The Mall Road, Ish Nagar, Fatehgarh, Hoshiarpur, Punjab 146001, India",31.5315943,75.91998629999999,OPERATIONAL,place_id
587,"Pizza Hut - Doaba Chowk, Jalandhar","No B9/21, Doaba Chowk, Vikas Puri, Santokh Pura, Jalandhar, Punjab, India",144102,144008,No,Jalandhar,Punjab,085888 14334,https://restaurants.pizzahut.co.in/pizza-hut-ph-doaba-chowk-jalandhar-pizza-restaurant-santokh-pura-jalandhar-299197/Home,ChIJ2yReLpJbGjkRCAoXLjtXums,31.3453364,75.5859347,"Pizza Hut | Doaba Chowk, Jalandhar","No B9/21, Doaba Chowk, Vikas Puri, Santokh Pura, Jalandhar, Punjab 144008, India",31.3453364,75.5859347,OPERATIONAL,place_id
588,"Pizza Hut - Leo Fort, Jalandhar","UGF, Leo Fort Hotel, BMC Chowk, Jalandhar Cantt, Jandiala Road, Civil Line, Jalandhar, Punjab, India",144006,144001,No,Jalandhar,Punjab,070650 11990,https://restaurants.pizzahut.co.in/pizza-hut-civil-line-pizza-restaurant-civil-line-jalandhar-104904/Home,ChIJjbNEH5NbGjkRK29Ff0UxofE,31.3181524,75.584772,"Pizza Hut | Leo Fort, Jalandhar","UGF, Leo Fort Hotel, Jalandhar Cantt - Jandiala Rd, BMC Chowk, Civil Line, Jalandhar, Punjab 144001, India",31.3181524,75.584772,OPERATIONAL,place_id
589,"Pizza Hut - Model Town, Jalandhar","Unit No 188, Upper Ground Floor, Model Town, Jalandhar, Punjab, India",144003,144001,No,Jalandhar,Punjab,070650 07099,https://restaurants.pizzahut.co.in/pizza-hut-model-town-pizza-restaurant-model-town-jalandhar-23938/Home,ChIJcZPsNqtbGjkRqi_pne_YM24,31.3084178,75.5782658,"Pizza Hut | Model Town, Jalandhar","Unit No 188, Upper Ground Floor, Model Town, Jalandhar, Punjab 144001, India",31.3084178,75.5782658,OPERATIONAL,place_id
590,"Pizza Hut - PPR Mall, Jalandhar","Shop No 6, PPR Mall, Mithapur Road, Urban State, Phase 2, Cheema Nagar, Jalandhar, Punjab, India",144001,144001,Yes,Jalandhar,Punjab,099143 77317,https://restaurants.pizzahut.co.in/pizza-hut-ph-ppr-mall-jalandhar-pizzerias-cheema-nagar-jalandhar-274311/Home,ChIJN8pSKNBbGjkR8YQVTzXqutQ,31.2979644,75.5804094,"Pizza Hut | PPR Mall, Jalandhar","Shop No 6, PPR Mall, Mithapur Rd, Phase 2, Cheema Nagar, Urban Estate, Jalandhar, Punjab 144001, India",31.2979644,75.5804094,OPERATIONAL,place_id
591,"Pizza Hut - Rama Mandi, Jalandhar","Shop No 1, GF, Khehra Complex, Hoshiarpur Road, Rama Mandi, Adjoining Khera Filling Station, Jalandhar, Punjab, India",144007,144005,No,Jalandhar,Punjab,089290 31723,https://restaurants.pizzahut.co.in/pizza-hut-ph-rama-mandi-jallandhar-pizza-restaurant-rama-mandi-jalandhar-305357/Home,ChIJ9UO3AABZGjkRhHmBG9kbGoc,31.3190443,75.6317518,"Pizza Hut | Rama Mandi, Jalandhar","Shop No 1, GF, Khehra Complex, Hoshiarpur Rd, adjoining Khera Filling Station, Rama Mandi, Jalandhar, Punjab 144005, India",31.3190443,75.6317518,OPERATIONAL,place_id
592,"Pizza Hut - Ramnik Chowk, Kapurthala","Ground Floor, Grover Tower, Sultanpur Rd, Ramneek Chowk, Circular Road, Ashok Vihar, Kapurthala, Punjab, India",144602,144601,No,Kapurthala,Punjab,089290 38966,https://restaurants.pizzahut.co.in/pizza-hut-ph-ramneek-chowk-kapurthala-pizza-restaurant-ashok-vihar-kapurthala-123739/Home,ChIJh2vdFRdJGjkR7N3BfZkRrkA,31.3722344,75.3788181,"Pizza Hut | Ramnik Chowk, Kapurthala","Ground Floor, Grover Tower, Sultanpur Rd, Circular Road, Ashok Vihar, Ramneek Chowk, Kapurthala, Punjab 144601, India",31.3722344,75.37881809999999,OPERATIONAL,place_id
593,"Pizza Hut - Dugri, Ludhiana","SCF 16, Urban State, Phase 1, Dugri, Ludhiana, Punjab, India",141002,141001,No,Ludhiana,Punjab,089290 35841,https://restaurants.pizzahut.co.in/pizza-hut-ph-dugri-ludhiana-pizza-restaurant-dugri-ludhiana-175278/Home,ChIJW3rNYwGDGjkRZZz3fx2Nj2c,30.8736788,75.8432894,"Pizza Hut | Dugri, Ludhiana","SCF 16, Dugri Rd, Phase 1, Urban Estate Phase 1, Urban Estate Dugri, Ludhiana, Punjab 141001, India",30.8736788,75.8432894,OPERATIONAL,place_id
594,"Pizza Hut - Grand Walk, Ludhiana","Ground Floor, Grand walk Mall, SN 9, Ferozpur Road, B Blk, Lalbagh, Aggar Nagar, Ludhiana, Punjab, India",141012,141012,Yes,Ludhiana,Punjab,0161 464 5552,https://restaurants.pizzahut.co.in/pizza-hut-lalbagh-pizza-restaurant-lalbagh-ludhiana-25919/Home,ChIJ8fs_RwuBGjkRVw8P88pNMHQ,30.886746,75.7909718,"Pizza Hut | Grand Walk, Ludhiana","Ground Floor, Grand walk Mall, SN 9, Ferozepur Rd, B Blk, Lalbagh, Aggar Nagar, Ludhiana, Punjab 141012, India",30.886746,75.7909718,OPERATIONAL,place_id
595,"Pizza Hut - Pavilion Mall, Ludhiana","No FC 1B, 3rd Floor, Pavilion Mall, Old Session Court Road, Near Fountain Chowk, Ludhiana, Punjab, India",141001,141001,Yes,Ludhiana,Punjab,070650 12100,https://restaurants.pizzahut.co.in/pizza-hut-old-session-court-road-pizza-restaurant-old-session-court-road-ludhiana-107074/Home,ChIJ33tU3peDGjkRwTLesSx12n0,30.9160677,75.8408402,"Pizza Hut | Pavilion Mall, Ludhiana","No FC 1B, 3rd Floor, Pavilion Mall Old Session Court Road, Near, Fountain Chowk, Civil Lines, Ludhiana, Punjab 141001, India",30.9160677,75.8408402,OPERATIONAL,place_id
596,"Pizza Hut - Sunview Enclave, Ludhiana","Sco No 4 & 5, Sunview Enclave, Ayali Kalan, Ludhiana, Punjab, India",142027,142027,Yes,Ludhiana,Punjab,070650 13330,https://restaurants.pizzahut.co.in/pizza-hut-ph-sunview-enclave-ludhiana-pizza-restaurant-ayali-kalan-ludhiana-108230/Home,ChIJzQWJjb2BGjkRy138KueDC9M,30.8991579,75.7615784,"Pizza Hut | Sunview Enclave, Ludhiana","Sco No 4 & 5 Sunview Enclave, Ayali Kalan, Punjab 142027, India",30.8991579,75.76157839999999,OPERATIONAL,place_id
597,"Pizza Hut - Westend Mall, Ludhiana","4th Floor, West End Mall, Ferozpur Road, Ludhiana, Punjab, India",141001,141012,No,Ludhiana,Punjab,089290 26734,https://restaurants.pizzahut.co.in/pizza-hut-ferozpur-road-pizza-restaurant-ferozpur-road-ludhiana-44210/Home,ChIJp6_RyHWBGjkRseirFkkrq4g,30.8857572,75.7882213,"Pizza Hut | Westend Mall, Ludhiana","4th Floor, West End Mall, Ferozepur Rd, Housing Board Colony, Bhai Randhir Singh Nagar, Ludhiana, Punjab 141012, India",30.8857572,75.7882213,OPERATIONAL,place_id
598,"Pizza Hut - Dashmesh Nagar, Moga","A1, Gr & 1st Flr, Main Bazar, 23 & 4B/9, Kot Kapura - Moga Road, Krishna Nagar, Moga, Punjab, India",142001,142001,Yes,Moga,Punjab,089290 37716,https://restaurants.pizzahut.co.in/pizza-hut-ph-main-bazar-moga-pizza-restaurant-krishna-nagar-moga-122976/Home,ChIJ9ZYy69cJGjkR36QKB_6tzZE,30.8156801,75.1713384,"Pizza Hut | Dashmesh Nagar, Moga","A1, Gr & 1st Flr, Main Bazar, 23 & 4B/9, Kot Kapura - Moga Rd, Main Bazaar, Krishna Nagar, Moga, Punjab 142001, India",30.8156801,75.1713384,OPERATIONAL,place_id
599,"Pizza Hut - Baltana, Zirakpur","SCO 7, Kalgidhar Enclave, Shimla Highway, Baltana, Mohali, Punjab, India",140604,140604,Yes,Mohali,Punjab,099992 95063,https://restaurants.pizzahut.co.in/pizza-hut-baltana-zirakpur-pizza-restaurant-baltana-mohali-122983/Home,ChIJFQHzDCOVDzkRurzAIvWF7pA,30.660604,76.828064,"Pizza Hut | Baltana, Zirakpur","SCO 7 Kalgidhar Enclave Highway, Ravinder Singh Sohi Marg, Sector 19, Shimla, Zirakpur, Punjab 140604, India",30.660604,76.828064,OPERATIONAL,place_id
600,"Pizza Hut - Bestech, Mohali","Shop No 4, 4th Floor, Ripu Daman Singh Park, Mohali, Punjab, India",160055,160062,No,Mohali,Punjab,085888 04673,https://restaurants.pizzahut.co.in/pizza-hut-ripu-daman-singh-park-pizza-restaurant-ripu-daman-singh-park-mohali-44213/Home,ChIJrX38bS3tDzkRxZQ9KiH-NLs,30.6735112,76.7403356,"Pizza Hut | Bestech, Mohali","Shop No 4, 4th Floor Ripu Daman Singh Park, Sector 66, Sahibzada Ajit Singh Nagar, Punjab 160062, India",30.6735112,76.7403356,OPERATIONAL,place_id
601,"Pizza Hut - CP67 Mall Sector 67, Mohali","T02, 3rd Floor, CP67 Mall, Airport Road, Sector 67, Mohali, Punjab, India",160062,160062,Yes,Mohali,Punjab,098990 55028,https://restaurants.pizzahut.co.in/pizza-hut-ph-cp67-mall-mohali-pizzerias-sector-67-mohali-294183/Home,ChIJGafW13XvDzkRJ4zX2YppYEo,30.6780658,76.7229138,"Pizza Hut | CP67 Mall Sector 67, Mohali","T02, 3rd Floor, CP67 Mall, Airport Road, Sector 67, Sahibzada Ajit Singh Nagar, Punjab 160062, India",30.6780658,76.7229138,OPERATIONAL,place_id
602,"Pizza Hut - Kharar, Sahibzada Ajit Singh Nagar","No 67 & 68, UG & 1st Flr, Amayra Emporio, Kharar Kurali Road, Kharar, Mohali, Punjab, India",140301,140301,Yes,Mohali,Punjab,076690 98258,https://restaurants.pizzahut.co.in/pizza-hut-kharar-sahibzada-ajit-singh-nagar-in-punjab-sahibzada-ajit-singh-nagar-kharar-30642/Home,ChIJVw7O7M_7DzkRFiwrjHhf5mo,30.7687287,76.6251063,"Pizza Hut | Kharar, Sahibzada Ajit Singh Nagar","UG & 1st Flr, Amayra Emporio, No 67 & 68, Kharar - Kurali Rd, Kharar, Sahibzada Ajit Singh Nagar, Punjab 140301, India",30.7687287,76.6251063,OPERATIONAL,place_id
603,"Pizza Hut - Landra Road, Mohali","SCO 2 & 3, UGF, The Gold Square, Kharar, Sector 116, Mohali, Punjab, India",140301,140307,No,Mohali,Punjab,089296 45695,https://restaurants.pizzahut.co.in/pizza-hut-ph-landra-road-kharar-pizza-restaurant-kharar-sector-116-sahibzada-ajit-singh-nagar-123003/Home,ChIJWzIGw4fvDzkRqv18_pHpEl0,30.7181995,76.6542382,"Pizza Hut | Landra Road, Mohali","SCO 2 & 3, UGF, The Gold Square, Kharar - Landran Rd, Sector 116, Sahibzada Ajit Singh Nagar, Punjab 140307, India",30.7181995,76.6542382,OPERATIONAL,place_id
604,"Pizza Hut - Sector 125, Kharar","SCO 62, Ground Floor, City Heart, Greater Mohali,Kharar,Sector 125, Mohali, Punjab, India",140301,140301,Yes,Mohali,Punjab,070650 12228,https://restaurants.pizzahut.co.in/pizza-hut-kharar-sector-125-pizza-restaurant-kharar-sector-125-sahibzada-ajit-singh-nagar-105725/Home,ChIJeV0or4zvDzkRThxvi-wAApE,30.7453029,76.6529279,"Pizza Hut | Sector 125, Kharar","Ground Floor, CITY HEART, SCO 62, Greater, Sector 125, Sahibzada Ajit Singh Nagar, Kharar, Punjab 140301, India",30.7453029,76.6529279,OPERATIONAL,place_id
605,"Pizza Hut - Sector 59, Mohali","No 15, SCO 10, Phase 5, Ripu Daman Singh Park Road,Sector 59, Sahibzada Ajit Singh Nagar, Mohali, Punjab, India",160059,160059,Yes,Mohali,Punjab,089290 32491,https://restaurants.pizzahut.co.in/pizza-hut-sector-59-pizza-restaurant-sector-59-mohali-1265/Home,ChIJSQ5xKWfuDzkReD4fGywHE-U,30.7191298,76.7132853,"Pizza Hut | Sector 59, Mohali","No 15, SCO 10, Phase 5 Ripu Daman Singh Park Road, Phase 5, Sector 59, Sahibzada Ajit Singh Nagar, Punjab 160059, India",30.7191298,76.7132853,OPERATIONAL,place_id
606,"Pizza Hut - Sector 64, Mohali","SCF 53, Phase 10 Market,Sector 64, Sahibzada Ajit Singh Nagar, Mohali, Punjab, India",160062,160062,Yes,Mohali,Punjab,089290 32784,https://restaurants.pizzahut.co.in/pizza-hut-sector-64-pizza-restaurant-sector-64-mohali-1387/Home,ChIJ2S7cDBzsDzkRCCVJrI3FdPg,30.6863167,76.7392217,"Pizza Hut | Sector 64, Mohali","SCF 53, Market, Phase 10, Sector 64, Sahibzada Ajit Singh Nagar, Punjab 160062, India",30.6863167,76.7392217,OPERATIONAL,place_id
607,"Pizza Hut - TDI Park Street, Punjab","Unit No 13, Upper Ground Floor, TDI Park Street, Airport Road, Sector 118, Mohali, Punjab, India",140301,140307,No,Mohali,Punjab,089290 33980,https://restaurants.pizzahut.co.in/pizza-hut-tdi-park-street-punjab-in-punjab-sahibzada-ajit-singh-nagar-sector-118-64513/Home,ChIJhdX_JkLvDzkR7L3I3_3Zt1E,30.728916,76.6795202,"Pizza Hut | TDI Park Street, Punjab","Unit No 13, Upper Ground Floor, TDI Park, Street, Airport Rd, Sector 118, Sahibzada Ajit Singh Nagar, Punjab 140307, India",30.728916,76.6795202,OPERATIONAL,place_id
608,"Pizza Hut - VRC City Centre, Patiala","Shop No 01, GF, VRC City Mall, Rajpura Road, Heera Bagh Chaura, Near ITBP Complex, Patiala, Punjab, India",147001,147002,No,Patiala,Punjab,097807 17505,https://restaurants.pizzahut.co.in/pizza-hut-ph-vrc-city-mall-patiala-pizzerias-heera-bagh-chaura-patiala-250618/Home,ChIJh4rJTPIpEDkRpAgWkAnoBMs,30.3396783,76.4330244,"Pizza Hut | VRC City Centre, Patiala","Shop No 01, GF, VRC City Mall Rajpura Road, Heera Bagh Chaura, near ITBP Complex, Heera Bagh, Patiala, Punjab 147002, India",30.3396783,76.4330244,OPERATIONAL,place_id
609,"Pizza Hut - Cosmos Mall, Zirakpur","SN TF 01, 3rd Floor, Cosmo Plaza Mall, Ambala Chandigarh Highway,NH 22,Zirakpur, Zirakpur, Punjab, India",140603,140603,Yes,Zirakpur,Punjab,070650 11922,https://restaurants.pizzahut.co.in/pizza-hut-zirakpur-pizza-restaurant-zirakpur-zirakpur-98961/Home,ChIJFYOGF__rDzkROM9vfBjXfsA,30.6373491,76.8217646,"Pizza Hut | Cosmos Mall, Zirakpur","SN TF 01, 3rd Floor, Cosmo Plaza Mall, NH 22, Ambala - Chandigarh Expy, Zirakpur, Punjab 140603, India",30.6373491,76.8217646,OPERATIONAL,place_id
610,"Pizza Hut - Peermuchalla Kishanpura, Mohali","Shop No 12/12A, Gr Flr, Sushma Capital, Ghazipur Junction, Kishanpura, SAS Nagar, Near Dhakoli, Zirakpur, Punjab, India",140603,160104,No,Zirakpur,Punjab,070650 12126,https://restaurants.pizzahut.co.in/pizza-hut-sas-nagar-pizza-restaurant-sas-nagar-zirakpur-104915/Home,ChIJFSc7vGSVDzkRkVNgCHqiD44,30.65475,76.8522238,"Pizza Hut | Peermuchalla Kishanpura, Mohali","Shop No 12/12A, Gr Flr, Sushma Capital Ghazipur, near Dhakoli, Junction, Dhakoli, Kishanpura, Zirakpur, Punjab 160104, India",30.65475,76.8522238,OPERATIONAL,place_id
611,"Pizza Hut - Mittal Mega Mall, Ajmer","Unit No FC07, 4th Floor, Food Court, Hathi Bhata, Prithviraj Marg, Ajmer, Rajasthan, India",305001,305001,Yes,Ajmer,Rajasthan,089291 06979,https://restaurants.pizzahut.co.in/pizza-hut-mittal-mega-mall-ajmer-pizza-restaurant-prithviraj-marg-ajmer-306968/Home,ChIJkfHSkmTnazkRYy-sY1l-dr4,26.4629497,74.6335399,"Pizza Hut | Mittal Mega Mall, Ajmer","Unit No FC07, 4th Floor, Food Court, Prithviraj Marg, Hathi Bhata, Ajmer, Rajasthan 305001, India",26.4629497,74.6335399,OPERATIONAL,place_id
612,"Pizza Hut - Genesis Mall, Alwar","Shop No 58 & 54, Genesis Mall, Mega Highway, Bhiwadi, Alwar, Rajasthan, India",301019,301019,Yes,Alwar,Rajasthan,089290 38211,https://restaurants.pizzahut.co.in/pizza-hut-ph-genesis-mall-bhiwadi-pizzerias-bhiwadi-alwar-123072/Home,ChIJeR3bWftJDTkRXlZE_crvoiY,28.1892144,76.8151034,"Pizza Hut | Genesis Mall, Alwar","Shop No 58 & 54, Genesis Mall, Mega Highway, Bhiwadi, Alwar, Rajasthan 301019, India",28.1892144,76.8151034,OPERATIONAL,place_id
613,"Pizza Hut - Modern Trade Tower, Alwar",,301001,301001,Yes,Alwar,Rajasthan,,https://restaurants.pizzahut.co.in/pizza-hut-in-rajasthan-alwar-lajpat-nagar-64509/Home,ChIJqWHI4iiZcjkRAaossGSRhx4,27.5674284,76.617969,"Pizza Hut | Modern Trade Tower, Alwar","Modern Trade Tower, Plot no. 1, Jay Marg, Lajpat Nagar, Alwar, Rajasthan 301001, India",27.5674284,76.617969,OPERATIONAL,place_id
614,"Pizza Hut - Alauda, Dausa","KM Stone 195, Delhi Mumbai Expressway, Alauda, Dausa, Rajasthan, India",303506,303303,No,Dausa,Rajasthan,1800 202 2022,https://restaurants.pizzahut.co.in/pizza-hut-alauda-dausa-in-rajasthan-dausa-alauda-59883/Home,ChIJH_4ngA31bTkR-jsD6uFxZ0M,26.8000256,76.3768888,"Pizza Hut | Alauda, Dausa","R92G+2Q6 KM Stone 195, दिल्ली - मुंबई एक्सप्रेसवे, अलूदा, राजस्थान 303303, India",26.8000256,76.3768888,OPERATIONAL,place_id
615,"Pizza Hut - Crystal Mall, Gopalbari",,302016,302016,Yes,Jaipur,Rajasthan,,https://restaurants.pizzahut.co.in/pizza-hut-in-rajasthan-jaipur-gopalbari-10522/Home,ChIJjZ5XjeKzbTkRDYqluWOyKgw,26.9232528,75.7930695,"Pizza Hut | Crystal Mall, Gopalbari","Ground Floor & Mazanine floor, Crystal Mall, Barodia Scheme, Gopalbari, Jaipur, Jaipur Nagar Nigam Area, Rajasthan 302016, India",26.9232528,75.7930695,OPERATIONAL,place_id
616,"Pizza Hut - Crystal Palm Mall, Jaipur","No 22, Crystal Palm Mall, Plot No 2,Godown Circle, Near Sahkar Bhawan, Jaipur, Rajasthan, India",302001,302001,Yes,Jaipur,Rajasthan,0141 403 0463,https://restaurants.pizzahut.co.in/pizza-hut-godown-circle-pizza-restaurant-godown-circle-jaipur-1251/Home,ChIJvdpr_RC0bTkRfKf7CqBjRgM,26.9032413,75.7924687,"Pizza Hut | Crystal Palm Mall, Jaipur","Crystal Palm Mall, Plot No 2, Godown Circle, near Sahkar Bhawan, Shivaji Nagar, Jaipur, Jaipur Nagar Nigam Area, Rajasthan 302001, India",26.9032413,75.7924687,OPERATIONAL,place_id
617,"Pizza Hut - GT Central Mall, Jaipur","Showroom No 5, GF, GT Central Mall, Malviya Nagar, Jaipur, Rajasthan, India",302017,302017,Yes,Jaipur,Rajasthan,070650 02424,https://restaurants.pizzahut.co.in/pizza-hut-malviya-nagar-pizza-restaurant-malviya-nagar-jaipur-44211/Home,ChIJyd6BAxm1bTkR8lIaztUZM68,26.8563,75.8059,"Pizza Hut | GT Central Mall, Jaipur","Showroom No 5, GF, GT Central Mall, D-Block, Crystal Court, Malviya Nagar, Jaipur, Rajasthan 302017, India",26.8563,75.8059,OPERATIONAL,place_id
618,"Pizza Hut - Gopalpura Bypass, Jaipur","No S5, Gopal Pura Bypass, Shri Gopal Nagar, Jaipur, Rajasthan, India",302018,302019,No,Jaipur,Rajasthan,098990 49277,https://restaurants.pizzahut.co.in/pizza-hut-ph-gopalpura-bypass-jaipur-pizzerias-shri-gopal-nagar-jaipur-294181/Home,ChIJH6nQac61bTkRQHcKpXkPovM,26.8776847,75.771969,"Pizza Hut | Gopalpura Bypass, Jaipur","No S5, Gopalpura Bypass Rd, Shri Gopal Nagar, Arjun Nagar, Jaipur, Rajasthan 302019, India",26.8776847,75.771969,OPERATIONAL,place_id
619,"Pizza Hut - Jagatpura, Jaipur","Shop No 1, 2, 24 & 25, A/GF/7 & 10, Main Mahal Rd, Jagatpura, Capital Highstreet, Jaipur, Rajasthan, India",302017,302017,Yes,Jaipur,Rajasthan,098990 57246,https://restaurants.pizzahut.co.in/pizza-hut-jagatpura-jaipur-pizzerias-jagatpura-jaipur-290810/Home,ChIJhZ4S_wjJbTkRllQlxJH3gL0,26.7986892,75.8580579,"Pizza Hut | Jagatpura, Jaipur","Shop No 1, 2, 24 & 25, A/GF/7 & 10, Capital Highstreet, Main, Mahal Rd, Jagatpura, Jaipur, Rajasthan 302017, India",26.7986892,75.85805789999999,OPERATIONAL,place_id
620,"Pizza Hut - Raja Park, Jaipur","B 26, Govind Marg,Raja Park, Near Moti Dungri Thana, Jaipur, Rajasthan, India",302004,302004,Yes,Jaipur,Rajasthan,089290 33537,https://restaurants.pizzahut.co.in/pizza-hut-raja-park-pizza-restaurant-raja-park-jaipur-1401/Home,ChIJx3-HGpa2bTkRiGcrodosg8I,26.8982709,75.8228216,"Pizza Hut | Raja Park, Jaipur","B 26, Govind Marg, near Moti Dungri Thana, Gurunanakpura, Raja Park, Jaipur, Jaipur Nagar Nigam Area, Rajasthan 302004, India",26.8982709,75.8228216,OPERATIONAL,place_id
621,"Pizza Hut - Vaishali Nagar, Jaipur",,302021,302021,Yes,Jaipur,Rajasthan,,https://restaurants.pizzahut.co.in/pizza-hut-vaishali-nagar-jaipur-in-rajasthan-jaipur-b-block-vaishali-nagar-54740/Home,ChIJu7WuEFC1bTkRycy6W_BOHnY,26.906164,75.734434,"Pizza Hut | Vaishali Nagar, Jaipur","2nd Floor, Food Court, Mall of Jaipur, Gandhi Path Rd, B Block, Vaishali Nagar, Jaipur, Jaipur Nagar Nigam Area, Rajasthan 302021, India",26.906164,75.734434,OPERATIONAL,place_id
622,"Pizza Hut - Vaishali, Jaipur","Shop No 20, F1, Evershine Tower, Amrapali Circle, Vaishali Nagar, Jaipur, Rajasthan, India",302021,302021,Yes,Jaipur,Rajasthan,089290 02624,https://restaurants.pizzahut.co.in/pizza-hut-vaishali-nagar-pizza-restaurant-vaishali-nagar-jaipur-1402/Home,ChIJAWlo2p20bTkR9GHJoXSmvRs,26.9118462,75.7438583,"Pizza Hut | Vaishali, Jaipur","Shop No 20, F1, EVERSHINE TOWER, Amrapali Circle, Vaishali Nagar, Jaipur, Jaipur Nagar Nigam Area, Rajasthan 302021, India",26.9118462,75.7438583,OPERATIONAL,place_id
623,"Pizza Hut - Vidyadhar Nagar, Jaipur","Shop No 39 & 40, City Star Complex, Central Spine, Vidyadhar Nagar, Sector 2, Jaipur, Rajasthan, India",302039,302039,Yes,Jaipur,Rajasthan,089290 39793,https://restaurants.pizzahut.co.in/pizza-hut-ph-vidhyadhar-nagar-jaipur-pizza-restaurant-vidyadhar-nagar-sector-2-jaipur-130400/Home,ChIJPxj31K-zbTkR498A_XFZuFA,26.9655098,75.7814115,"Pizza Hut | Vidyadhar Nagar, Jaipur","Shop No 39 & 40, City Star Complex, Sector 2, Central Spine, Vidyadhar Nagar, Jaipur, Jaipur Nagar Nigam Area, Rajasthan 302039, India",26.9655098,75.78141149999999,OPERATIONAL,place_id
624,"Pizza Hut - WTP, Jaipur","World Trade Park, Mahesh Park, D Block, Malviya Nagar, Jaipur, Rajasthan, India",302017,302017,Yes,Jaipur,Rajasthan,089290 24286,https://restaurants.pizzahut.co.in/pizza-hut-malviya-nagar-pizza-delivery-malviya-nagar-jaipur-1252/Home,ChIJ-8z6pt-1bTkRJCoBa3xY8qM,26.8530573,75.8046733,"Pizza Hut | WTP, Jaipur","World Trade Park Mahesh Park, D-Block, Malviya Nagar, Jaipur, Rajasthan 302017, India",26.8530573,75.80467329999999,OPERATIONAL,place_id
625,"Pizza Hut - Ashok Udhyan Market, Jodhpur","Shop No 22/S/32, Ashok Udhyan Market, Pal Road, Chopasni Housing Board, Jodhpur, Rajasthan, India",342008,342008,Yes,Jodhpur,Rajasthan,078350 47316,https://restaurants.pizzahut.co.in/pizza-hut-ashok-udhyan-market-jodhpur-in-rajasthan-jodhpur-chopasni-housing-board-13524/Home,ChIJNWQNRECPQTkRxTTvdYnIo84,26.2490293,72.977011,"Pizza Hut | Ashok Udhyan Market, Jodhpur","Shop No 22, Ashok Udyan, S/32, Pal Rd, Chopasni Housing Board, Jodhpur, Jodhpur-South (M Corp.), Rajasthan 342008, India",26.2490293,72.97701099999999,OPERATIONAL,place_id
626,"Pizza Hut - Paota, Jodhpur","Plot No B1, B2, B3 & B4, Ghanshyam Bhawan,Mandor Road,Paota, Jodhpur, Rajasthan, India",342007,342007,Yes,Jodhpur,Rajasthan,070650 11622,https://restaurants.pizzahut.co.in/pizza-hut-paota-pizza-restaurant-paota-jodhpur-31899/Home,ChIJY7tANyGNQTkRjC5INwZ8eXM,26.3010944,73.0385286,"Pizza Hut | Paota, Jodhpur","B2, B3 & B4, Ghanshyam Bhawan, Plot No B1, Main Mandor Rd, Paota, Jodhpur, Rajasthan 342007, India",26.3010944,73.03852859999999,OPERATIONAL,place_id
627,"Pizza Hut - Sardarpura, Jodhpur","No 673, C/2, 11C Road,Sardarpura, Jodhpur, Rajasthan, India",342003,342003,Yes,Jodhpur,Rajasthan,070650 11186,https://restaurants.pizzahut.co.in/pizza-hut-sardarpura-pizza-restaurant-sardarpura-jodhpur-1351/Home,ChIJxW1hdzCMQTkRMZLmXJSv3-Y,26.2742585,73.0070496,"Pizza Hut | Sardarpura, Jodhpur","C/2, 673, 11th C Rd, Sardarpura, Jodhpur, Jodhpur-South (M Corp.), Rajasthan 342003, India",26.2742585,73.0070496,OPERATIONAL,place_id
628,"Pizza Hut - Cine Mall, Kota","Uppr Ground Flooer, A 15, Jhalawar Road, Cinemall, Indraprastha Industrial Area, Kota, Rajasthan, India",324005,324005,Yes,Kota,Rajasthan,063639 24037,https://restaurants.pizzahut.co.in/pizza-hut-inderprastha-ind-area-pizza-restaurant-inderprastha-ind-area-kota-2376/Home,ChIJQTkE0OGEbzkRfzBjpGkIGKc,25.1397612,75.8514714,"Pizza Hut | Cine Mall, Kota","Uppr Ground Flooer, A 15, Jhalawar Road, Cinemall, Indraprastha Industrial Area, Kota, Rajasthan 324005, India",25.1422052,75.8547066,OPERATIONAL,place_id
629,"Pizza Hut - Dhanmandi, Kota",,324007,324007,Yes,Kota,Rajasthan,,https://restaurants.pizzahut.co.in/pizza-hut-dhanmandi-kota-in-rajasthan-kota-dhanmandi-72090/Home,ChIJZSay6xiFbzkR9Y4E8LybHoc,25.161839,75.863395,"Pizza Hut | Dhanmandi, Kota","Shop no 8, Food court, 2nd Floor, The Great Mall of Kota, DCM Rd, Ramchandrapura, Dhanmandi, Kota, Rajasthan 324007, India",25.161839,75.863395,OPERATIONAL,place_id
630,"Pizza Hut - Landmark City, Kota","Plot No A62, Landmark Scheme, Kunhari, Ladpura, Kota, Rajasthan, India",324008,324008,Yes,Kota,Rajasthan,098732 05645,https://restaurants.pizzahut.co.in/pizza-hut-ph-landmark-city-kota-pizzerias-ladpura-kota-258100/Home,ChIJBTyKA36bbzkRiukNOY8EziI,25.2010264,75.830699,"Pizza Hut | Landmark City, Kota","Plot No A62, Landmark Scheme, Kunadi, Ladpura, Kota, Rajasthan 324008, India",25.2010264,75.830699,OPERATIONAL,place_id
631,"Pizza Hut - Cine Mall, Sikar","No 10, Ground Floor, Cine Mall, Rani Sati Road, Devipura, Sikar, Rajasthan, India",332001,332001,Yes,Sikar,Rajasthan,089290 37718,https://restaurants.pizzahut.co.in/pizza-hut-ph-cine-mall-sikar-pizza-restaurant-devipura-sikar-123004/Home,ChIJi8mhApulbDkRc0N9jJwChVw,27.600883,75.145421,"Pizza Hut | Cine Mall, Sikar","No 10, Ground Floor, Cine Mall, Rani Sati Rd, Devipura, Sikar, Rajasthan 332001, India",27.600883,75.145421,OPERATIONAL,place_id
632,"Pizza Hut - Ravindra Path, Shri Ganganagar","Public Park, Plot 25, Ravindra Path, A Block, Sri Ganganagar, Rajasthan, India",335001,335001,Yes,Sri Ganganagar,Rajasthan,0154 244 4159,https://restaurants.pizzahut.co.in/pizza-hut-ravinder-path-pizza-restaurant-ravinder-path-sriganganagar-55202/Home,ChIJs8He5aG1FzkROV2Btxwi7k0,29.9270117,73.870654,"Pizza Hut | Ravindra Path, Shri Ganganagar","Public Park, Plot 25, Ravindra Path, A Block, Old Dhan Mandi, Sri Ganganagar, Rajasthan 335001, India",29.9270117,73.870654,OPERATIONAL,place_id
633,"Pizza Hut - Celebration Mall, Udaipur","No 8, Food Court, Forum Celebration Mall, NH 8, Bhuwana, Opposite Devendra Dham, Udaipur, Rajasthan, India",313004,313004,Yes,Udaipur,Rajasthan,098991 89617,https://restaurants.pizzahut.co.in/pizza-hut-ph-celebration-mall-udaipur-pizza-restaurant-bhuwana-udaipur-129759/Home,ChIJnzsTfonlZzkRr0spLRNkfBg,24.6125797,73.7021929,"Pizza Hut | Celebration Mall, Udaipur","No 8, Food Court, Forum Celebration Mall NH 8, Opposite Devendra Dham, Pulla Bhuwana, Bhuwana, Udaipur, Bhuwana, Rajasthan 313004, India",24.6125797,73.7021929,OPERATIONAL,place_id
634,"Pizza Hut - Hiran Magri, Udaipur",,313001,313001,Yes,Udaipur,Rajasthan,,https://restaurants.pizzahut.co.in/pizza-hut-hiran-magri-udaipur-in-rajasthan-udaipur-hiran-magri-28525/Home,ChIJyQXyeFLvZzkRfkBtcmNiBLs,24.559761,73.694631,"Pizza Hut | Hiran Magri, Udaipur","Sector No.11, Hiran Magri, Udaipur, Rajasthan 313001, India",24.559761,73.694631,OPERATIONAL,place_id
635,"Pizza Hut - Lake City Mall, Udaipur","No 15, 1st Floor, Lake City Mall, Shastri Marg,Ashok Nagar, Near Ayad Bridge, Udaipur, Rajasthan, India",313001,313002,No,Udaipur,Rajasthan,089290 03597,https://restaurants.pizzahut.co.in/pizza-hut-ashok-nagar-pizza-restaurant-ashok-nagar-udaipur-1350/Home,ChIJqzyexJrlZzkR1cnrvCDUiEw,24.586327,73.7103151,"Pizza Hut | Lake City Mall, Udaipur","1st Floor, Lake City Mall, No 15, Shastri Marg, Near Ayad Bridge, Ashok Nagar, Udaipur, Rajasthan 313002, India",24.586327,73.7103151,OPERATIONAL,place_id
636,"Pizza Hut - Urban Square Mall, Udaipur","Plot No F210 to 223, Gaurav Path, Udyog Vihar, RIICO Industrial Area, Sukher, Udaipur, Rajasthan, India",313001,313001,Yes,Udaipur,Rajasthan,089290 38088,https://restaurants.pizzahut.co.in/pizza-hut-ph-urban-square-mall-udaipur-pizzerias-sukher-udaipur-250620/Home,ChIJ0xynOIvlZzkRzs_bK3MD57Q,24.632442,73.713297,"Pizza Hut | Urban Square Mall, Udaipur","Plot No F210 to 223, Gaurav Path, Udyog Vihar, RIICO Industrial Area, Suker, Rajasthan 313001, India",24.632442,73.713297,OPERATIONAL,place_id
637,"Pizza Hut - MG Road, Gangtok","Friends Metro Point, MG Marg, Opposite Titanic Park, East Sikkim, Sikkim, India",737101,737101,Yes,East Sikkim,Sikkim,084473 17698,https://restaurants.pizzahut.co.in/pizza-hut-ph-metro-point-gangtok-pizza-restaurant-mg-marg-east-sikkim-129757/Home,ChIJ1_JyC02l5jkRv2wWZqM_qok,27.3304798,88.61288,"Pizza Hut | MG Road, Gangtok","Friends Metro Point, Mahatma Gandhi Marg, opposite Titanic Park, Arithang, Gangtok, Sikkim 737101, India",27.3304798,88.61287999999999,OPERATIONAL,place_id
638,"Pizza Hut - Arithang, Gangtok",,737101,737101,Yes,Gangtok,Sikkim,,https://restaurants.pizzahut.co.in/pizza-hut-arithang-gangtok-in-sikkim-gangtok-arithang-56051/Home,ChIJCWZqawCl5jkRdoe3O_9xAvA,27.330085,88.611237,"Pizza Hut | Arithang, Gangtok","4th Floor, West Point Mall, Arithang, Gangtok, Sikkim 737101, India",27.330085,88.611237,OPERATIONAL,place_id
639,"Pizza Hut - Adambakkam, Chennai","No 265/3, Shop No 2, Ground Floor, Vanuwampet, Gandhi Street, Adambakkam, Chennai, Tamil Nadu, India",600091,600091,Yes,Chennai,Tamil Nadu,086556 15971,https://restaurants.pizzahut.co.in/pizza-hut-fcd-adambakkam-pizza-restaurant-adambakkam-chennai-123160/Home,ChIJNbgkd8NdUjoRCOitCrjJm1o,12.9802685,80.1990718,"Pizza Hut | Adambakkam, Chennai","Shop No 2, Ground Floor, 265/3, Gandhi St, Usha Nagar, Vanuvampet, Adambakkam, Chennai, Tamil Nadu 600091, India",12.9802685,80.1990718,OPERATIONAL,place_id
640,"Pizza Hut - Adyar, Chennai","Door No 2, Unit No 2, 1st Floor, Latiice Bridge Road, Adyar, Chennai, Tamil Nadu, India",600041,600020,No,Chennai,Tamil Nadu,1800 202 2022,https://restaurants.pizzahut.co.in/pizza-hut-ph-gandhi-nagar-adyar-pizza-restaurant-adyar-chennai-305155/Home,ChIJWcQZzERnUjoRNgr85Tx6QR4,13.006433,80.257287,"Pizza Hut | Adyar, Chennai","Door No 2, Unit No 2, 1st Floor, LB Rd, Baktavatsalm Nagar, Adyar, Chennai, Tamil Nadu 600020, India",13.006433,80.25728699999999,OPERATIONAL,place_id
641,"Pizza Hut - Alandur, Chennai","No 1C, No 15 &16, Kathipara Urban Square, Kathipara Junction,Alandur, Chennai, Tamil Nadu, India",600016,600016,Yes,Chennai,Tamil Nadu,086556 89237,https://restaurants.pizzahut.co.in/pizza-hut-kathipara-guindy-chennai-pizzerias-alandur-chennai-275678/Home,ChIJA4WNsuZnUjoRTenyQvxXyno,13.0072544,80.2028247,"Pizza Hut | Alandur, Chennai","1C, &16, Kathipara Urban Square, 15, Kathipara Junction, Ramapuram, Viralur, Chakrapani Colony, Alandur, St.Thomas Mount, Tamil Nadu 600016, India",13.0072544,80.2028247,OPERATIONAL,place_id
642,"Pizza Hut - Anna Nagar, Chennai","Plot No 995/J, No 172, 2nd Avenue, Anna Nagar, Chennai, Tamil Nadu, India",600040,600040,Yes,Chennai,Tamil Nadu,1800 202 2022,https://restaurants.pizzahut.co.in/pizza-hut-anna-nagar-pizza-restaurant-anna-nagar-chennai-82715/Home,ChIJERf_aHllUjoRRF_YNsuiKyw,13.085456,80.204104,"Pizza Hut | Anna Nagar, Chennai","Plot No 995/J, 172, 2nd Ave, Anna Nagar, Anna Nagar West, Anna Nagar, Chennai, Tamil Nadu 600040, India",13.085456,80.204104,OPERATIONAL,place_id
643,"Pizza Hut - Ashok Nagar 2, Chennai","Unit No 2, Ground Floor, Phase 1, CMRL, Ashok Nagar, Near ESI, Chennai, Tamil Nadu, India",600083,600078,No,Chennai,Tamil Nadu,086556 89159,https://restaurants.pizzahut.co.in/pizza-hut-ashok-nagar-cmrl-pizza-restaurant-ashok-nagar-chennai-163839/Home,ChIJsz2Owf5nUjoRybqq8tZCOc4,13.0342327,80.2093673,"Pizza Hut | Ashok Nagar 2, Chennai","Unit No 2, Ground Floor, near ESI, Phase 1, CMRL, Ashok Nagar, Chennai, Tamil Nadu 600078, India",13.0342327,80.2093673,OPERATIONAL,place_id
644,"Pizza Hut - Ashok Nagar, Chennai","No C272, 2, 61, 4th Avenue, Sarvamangala Colony, Sri Devi Colony, Ashok Nagar, Chennai, Tamil Nadu, India",600083,600083,Yes,Chennai,Tamil Nadu,086556 89178,https://restaurants.pizzahut.co.in/pizza-hut-ashok-nagar-chennai-pizzerias-ashok-nagar-chennai-294567/Home,ChIJQW1hgkFnUjoRxbkdKA_-4mk,13.0420504,80.2162113,"Pizza Hut | Ashok Nagar, Chennai","No C272, 2, 61, 4th Ave, Sarvamangala Colony, Sri Devi Colony, Ashok Nagar, Chennai, Tamil Nadu 600083, India",13.0420504,80.2162113,OPERATIONAL,place_id
645,"Pizza Hut - Chrompet, Chennai","No 05, Kamakshi Colony, GST Road, Chromepet, Tambram Sanatorium, Chennai, Tamil Nadu, India",600116,600047,No,Chennai,Tamil Nadu,086556 89250,https://restaurants.pizzahut.co.in/pizza-hut-ph-chrompet-pizza-restaurant-tambram-sanatorium-chennai-136180/Home,ChIJXSKn0XZfUjoRnw5-woBI-bI,12.943156,80.1340967,"Pizza Hut | Chrompet, Chennai","No 05, Grand Southern Trunk Rd, Kamakshi Colony, Chromepet, Tambaram Sanatorium, Tambaram, Tamil Nadu 600047, India",12.943156,80.1340967,OPERATIONAL,place_id
646,"Pizza Hut - ECR Palavakkam, Chennai","No 4/222, Ground Floor, Palavakkam Main Road, East Coast Road, Chennai, Tamil Nadu, India",600041,600115,No,Chennai,Tamil Nadu,086556 15976,https://restaurants.pizzahut.co.in/pizza-hut-east-coast-road-pizza-restaurant-east-coast-road-chennai-82714/Home,ChIJ9z5Fz9ZdUjoR5N4OEuiKhvY,12.9568697,80.2555032,"Pizza Hut | ECR Palavakkam, Chennai","No 4/222, Ground Floor Palavakkam Main Road, SH 49, Sakthimoorthiamman Nagar, Neelankarai, Chennai, Tamil Nadu 600115, India",12.9568697,80.25550319999999,OPERATIONAL,place_id
647,"Pizza Hut - East Tambaram, Chennai","Shop No 257, Velachery Road, Sembakkam, Rajakipakkam, Chennai, Tamil Nadu, India",600073,600073,Yes,Chennai,Tamil Nadu,086556 89238,https://restaurants.pizzahut.co.in/pizza-hut-ph-east-tambaram-pizza-restaurant-rajakipakkam-chennai-125198/Home,ChIJMyAND0xfUjoRUKflq_ZM1H0,12.9226796,80.1519969,"Pizza Hut | East Tambaram, Chennai","Shop No 257, Velachery Main Rd, Sembakkam, Rajakilpakkam, Chennai, Tamil Nadu 600073, India",12.9226796,80.1519969,OPERATIONAL,place_id
648,"Pizza Hut - Express Avenue, Chennai","No 49 & 50L, 3rd Flr, Express Avenue, Whites Road, Royapetta, Chennai, Tamil Nadu, India",600014,600014,Yes,Chennai,Tamil Nadu,1800 202 2022,https://restaurants.pizzahut.co.in/pizza-hut-royapetta-pizza-restaurant-royapetta-chennai-1121/Home,ChIJyWwWZz1mUjoRsZHZhXfjThE,13.0584418,80.2644459,"Pizza Hut | Express Avenue, Chennai","No 49 & 50L, 3rd Flr, Express Avenue, Whites Rd, Express Estate, Royapettah, Chennai, Tamil Nadu 600014, India",13.0584418,80.2644459,OPERATIONAL,place_id
649,Pizza Hut - Forum Mall Chennai,"183, No 303A, 3rd Flr, Forum Vijaya Mall, NSK Salai, Vadapalani, Chennai, Tamil Nadu, India",600026,600026,Yes,Chennai,Tamil Nadu,1800 202 2022,https://restaurants.pizzahut.co.in/pizza-hut-vadapalani-pizza-restaurant-vadapalani-chennai-67063/Home,ChIJ_0L1GYZnUjoRRe3CbOfA2R8,13.0511413,80.2095913,Pizza Hut | Forum Mall Chennai,"183, No 303A, 3rd, Forum Vijaya Mall, NSK Salai Rd, Vadapalani, Chennai, Tamil Nadu 600026, India",13.0511413,80.2095913,OPERATIONAL,place_id
650,"Pizza Hut - Kattupakkam, Chennai","Door No 2/110, SN 184/1B, Mount Poonamallee Road, Kattupakkam, Chennai, Tamil Nadu, India",600056,600056,Yes,Chennai,Tamil Nadu,086556 15974,https://restaurants.pizzahut.co.in/pizza-hut-kattupakkam-pizza-restaurant-kattupakkam-chennai-58293/Home,ChIJq8l-m4VhUjoRZiLrvMPstpM,13.0436257,80.1207104,"Pizza Hut | Kattupakkam, Chennai","Door No 2, 184/1B, 110, SN, Mount Poonamallee Rd, Audica Nagar, Kattupakkam, Chennai, Kattuppakkam, Tamil Nadu 600056, India",13.0436257,80.1207104,OPERATIONAL,place_id
651,"Pizza Hut - Kilpauk Garden Road, Chennai","Door No 43, Plot No 3, Old 2, 3, Kilpauk Garden Road, Chennai, Tamil Nadu, India",600010,600010,Yes,Chennai,Tamil Nadu,086556 89246,https://restaurants.pizzahut.co.in/pizza-hut-kilpauk-garden-road-chennai-in-tamil-nadu-chennai-kilpauk-garden-road-54965/Home,ChIJo4Wr3JJlUjoR6LVggLXpji0,13.083494,80.2396712,"Pizza Hut | Kilpauk Garden Road, Chennai","Door No 43, Plot No 3, Old 2, 3, Kilpauk Garden Road, Kilpauk, Chennai, Tamil Nadu 600010, India",13.083494,80.23967119999999,OPERATIONAL,place_id
652,Pizza Hut - MKB Nagar,,600039,600039,Yes,Chennai,Tamil Nadu,,https://restaurants.pizzahut.co.in/pizza-hut-mkb-nagar-in-tamil-nadu-chennai-mkb-nagar-80131/Home,ChIJj2ZyZoRlUjoRFWDvbQ-8H_c,13.119284,80.259491,Pizza Hut | MKB Nagar,"First Floor, N0-314, MKB Nagar West Ave, Mahakavi Bharathi Nagar, Vyasarpadi, Chennai, Tamil Nadu 600039, India",13.119284,80.259491,OPERATIONAL,place_id
653,"Pizza Hut - Mahindra City, Chennai","Planet Yum Food court, The CaNopy, Mahindra City, Opposite Amul Ice Cream, Chennai, Tamil Nadu, India",600083,603004,No,Chennai,Tamil Nadu,086556 89225,https://restaurants.pizzahut.co.in/pizza-hut-mahindra-city-pizza-restaurant-mahindra-city-chennai-1103/Home,ChIJ_YPlbANeUjoRdlg_xGsujHs,12.7308224,80.0004571,"Pizza Hut | Mahindra City, Chennai","Planet Yum Food court, The CaNopy, opposite Amul Ice Cream, Mahindra World City, Chennai, Veerapuram, Tamil Nadu 603004, India",12.7308224,80.00045709999999,OPERATIONAL,place_id
654,"Pizza Hut - Mogappair, Chennai","Shop No 99, First Floor, Plot No 99, West Mogappair,Main Road,Nolumbur, Chennai, Tamil Nadu, India",600037,600037,Yes,Chennai,Tamil Nadu,086556 15970,https://restaurants.pizzahut.co.in/pizza-hut-nolumbur-pizzerias-nolumbur-chennai-31900/Home,ChIJdX2skrNjUjoRyJjoj1HJgps,,,"Pizza Hut | Mogappair, Chennai","Shop No 99, First Floor, Plot No 99, Paneer Nagar Main Rd, TNHB Phase I, Nolambur, Ambattur Industrial Estate, Chennai, Tamil Nadu 600037, India",13.0808848,80.1638064,OPERATIONAL,text search
655,"Pizza Hut - Perambur, Chennai","New 48, Siva Elango Salai, S No B57, 70 Feet Road, Periyar Nagar West, Perambur, Chennai, Tamil Nadu, India",600082,600082,Yes,Chennai,Tamil Nadu,086556 15963,https://restaurants.pizzahut.co.in/pizza-hut-fcd-perambur-pizza-restaurant-perumbur-chennai-123461/Home,ChIJqc4zJpFlUjoR7K9m5u9eq6Y,13.1142726,80.2273183,"Pizza Hut | Perambur, Chennai","New 48, Siva Elango Salai, S No B57, 70 Feet Rd, Periyar Nagar West, Perambur, Chennai, Tamil Nadu 600082, India",13.1142726,80.2273183,OPERATIONAL,place_id
656,"Pizza Hut - Perumbakkam, Chennai","Plot No 7, Kailash Nagar, Medavakkam Sholinganallur Rd, Perumbakkam, Next to HDFC Bank, Chennai, Tamil Nadu, India",600100,600100,Yes,Chennai,Tamil Nadu,086556 89243,https://restaurants.pizzahut.co.in/pizza-hut-chennai-perumbakkam-pizzerias-perumbakkam-chennai-283574/Home,ChIJi-KwcsFdUjoROy8DH8-q7is,12.906501,80.205101,"Pizza Hut | Perumbakkam, Chennai","Plot No 7, Kailash Nagar Medavakkam, Sholinganallur Main Rd, next to HDFC Bank, Kailash Nagar, Perumbakkam, Tamil Nadu 600100, India",12.906501,80.205101,OPERATIONAL,place_id
657,"Pizza Hut - Perungudi OMR, Chennai","PN 111, DN 7, Thirumalai Nagar Annexe, OMR,Perungudi, Chennai, Tamil Nadu, India",600096,600096,Yes,Chennai,Tamil Nadu,086556 89207,https://restaurants.pizzahut.co.in/pizza-hut-perungudi-pizza-restaurant-perungudi-chennai-36115/Home,ChIJPWvjVTFdUjoR0eQjvBjixqc,12.9580644,80.2438137,"Pizza Hut | Perungudi OMR, Chennai","PN 111, OMR, DN 7, Thirumalai Nagar Annexe, Perungudi, Chennai, Tamil Nadu 600096, India",12.9580644,80.24381369999999,OPERATIONAL,place_id
658,"Pizza Hut - Phoenix Market City, Chennai","Shop No F47, Phoenix Market City Mall, Plot No 142, Velachery Road, Velachery, Chennai, Tamil Nadu, India",600042,600042,Yes,Chennai,Tamil Nadu,1800 202 2022,https://restaurants.pizzahut.co.in/pizza-hut-velachery-pizza-restaurant-velachery-chennai-22484/Home,ChIJB3AdSGJnUjoRa2OFVGH4iJA,12.9912472,80.2168157,"Pizza Hut | Phoenix Market City, Chennai","Shop No F47, Phoenix Market City Mall, Plot No, 142, Velachery Main Rd, Indira Gandhi Nagar, Velachery, Chennai, Tamil Nadu 600042, India",12.9912472,80.2168157,OPERATIONAL,place_id
659,"Pizza Hut - RK Salai, Chennai","No 73, Ace Tower, RK Salai, Next to Reliance trends, Chennai, Tamil Nadu, India",600004,600004,Yes,Chennai,Tamil Nadu,086556 15965,https://restaurants.pizzahut.co.in/pizza-hut-rk-salai-pizza-restaurant-rk-salai-chennai-1116/Home,ChIJDUv50uVmUjoRKI7M3ZN3SjE,13.0446921,80.2658862,"Pizza Hut | RK Salai, Chennai","No 73, Ace Tower, Dr Radha Krishnan Salai, next to Reliance trends, Krishnapuram, Royapettah, Chennai, Tamil Nadu 600004, India",13.0446921,80.2658862,OPERATIONAL,place_id
660,"Pizza Hut - Selaiyur, Chennai","No 2, Ground Floor, Tejraj Colony, Agaram Main Road, Selaiyur, Chennai, Tamil Nadu, India",600073,600073,Yes,Chennai,Tamil Nadu,086556 15968,https://restaurants.pizzahut.co.in/pizza-hut-ph-selaiyur-pizzerias-selaiyur-chennai-220308/Home,ChIJO9eNoLxfUjoR65BvU4rXsoU,12.9062298,80.1422217,"Pizza Hut | Selaiyur, Chennai","Ground Floor, Tejraj Colony, 2, Agaram Main Rd., Selaiyur, Tambaram, Tamil Nadu 600073, India",12.9062298,80.1422217,OPERATIONAL,place_id
661,"Pizza Hut - Thoraipakkam, Chennai","No 180 & 181B, 1st Floor, Thamba Okkiyam, Thoraipakkam, Chennai, Tamil Nadu, India",600097,600097,Yes,Chennai,Tamil Nadu,086556 89181,https://restaurants.pizzahut.co.in/pizza-hut-thoraipakkam-pizzerias-thoraipakkam-chennai-289473/Home,ChIJd0s_eaVdUjoReEw3qPhQLo4,12.935251,80.233839,"Pizza Hut | Thoraipakkam, Chennai","No 180 & 181B, 1st Floor Thamba, NJK Avenue, Thoraipakkam, Chennai, Tamil Nadu 600097, India",12.935251,80.233839,OPERATIONAL,place_id
662,"Pizza Hut - Velacherry, Chennai","No 185, Tambaram Road,Vijaya Nagar,Velachery, Chennai, Tamil Nadu, India",600042,600042,Yes,Chennai,Tamil Nadu,086556 15967,https://restaurants.pizzahut.co.in/pizza-hut-velachery-pizza-restaurant-velachery-chennai-22864/Home,ChIJpfaXzpBdUjoRclBAN7e7f_k,12.9724082,80.2191129,"Pizza Hut | Velacherry, Chennai","185, Major Mukund Varadharajan Rd, Navaneetham Nagar, Vijaya Nagar, Velachery, Chennai, Tamil Nadu 600042, India",12.9724082,80.2191129,OPERATIONAL,place_id
663,"Pizza Hut - Virugambakkam, Chennai","Unit No 1, 1st Floor, 132/1, Arcot Road, Virugambakkam, Chennai, Tamil Nadu, India",600092,600092,Yes,Chennai,Tamil Nadu,089768 83081,https://restaurants.pizzahut.co.in/pizza-hut-pizza-hut-virugambakkam-pizza-restaurant-virugambakkam-chennai-171694/Home,ChIJqTG7rXpnUjoRgv49DCpGrDs,13.047373,80.1949301,"Pizza Hut | Virugambakkam, Chennai","Unit No 1, 1st Floor, 132/1, Arcot Rd, Saradha Nagar, Virugambakkam, Chennai, Tamil Nadu 600092, India",13.047373,80.1949301,OPERATIONAL,place_id
664,"Pizza Hut - Wallajah Road, Chennai","Old No 57/62 , New No 111 , 1st Floor, Wallajah Road, Anna Salali, Chennai, Tamil Nadu, India",600002,600002,Yes,Chennai,Tamil Nadu,086558 41207,https://restaurants.pizzahut.co.in/pizza-hut-pizza-restaurant-anna-salali-chennai-308626/Home,ChIJEeDm77VnUjoRlEtx3fmjiFo,13.0667561,80.2735799,"Pizza Hut | Wallajah Road, Chennai","Old No 57/62 , New No 111 , 1st Floor Wallajah Road, Anna Salai, Padupakkam, Triplicane, Chennai, Tamil Nadu 600002, India",13.0667561,80.2735799,OPERATIONAL,place_id
665,"Pizza Hut - Avinashi Road, Coimbatore","Unit No 1258/1260, Avinashi Road, Peelamedu, Coimbatore, Tamil Nadu, India",641004,641037,No,Coimbatore,Tamil Nadu,086556 89239,https://restaurants.pizzahut.co.in/pizza-hut-ph-avinashi-road-pizza-restaurant-peelamedu-coimbatore-136181/Home,ChIJ8fVb6GVZqDsRH6b5p0EWv1Y,11.018133,76.990576,"Pizza Hut | Avinashi Road, Coimbatore","Unit No 1258, 1260, Avinashi Rd, Peelamedu, Coimbatore, Tamil Nadu 641037, India",11.018133,76.99057599999999,OPERATIONAL,place_id
666,"Pizza Hut - Fun Republic Mall, Coimbatore","SN 12 & 13, 1st Floor, Fun Republic Mall, Avinashi Road,Peelamedu, Coimbatore, Tamil Nadu, India",641004,641004,Yes,Coimbatore,Tamil Nadu,1800 202 2022,https://restaurants.pizzahut.co.in/pizza-hut-peelamedu-pizza-restaurant-peelamedu-coimbatore-1112/Home,ChIJCbsoWShYqDsR9IpyiJwFJ64,11.024183,77.0109111,"Pizza Hut | Fun Republic Mall, Coimbatore","1st Floor, Fun Republic Mall, SN 12 & 13, Avinashi Rd, Peelamedu, Coimbatore, Tamil Nadu 641004, India",11.024183,77.0109111,OPERATIONAL,place_id
667,"Pizza Hut - Prozone Mall, Coimbatore","Prozone Mall, Saravanampatty Road, Ganesh Nagar, Coimbatore, Tamil Nadu, India",641035,641035,Yes,Coimbatore,Tamil Nadu,086556 89240,https://restaurants.pizzahut.co.in/pizza-hut-ganesh-nagar-pizza-takeaway-ganesh-nagar-coimbatore-24827/Home,ChIJZ_Z7aAlYqDsR9jQ0Pc-m9ig,11.055935,76.993969,"Pizza Hut | Prozone Mall, Coimbatore","Prozone Mall, Saravanampatti - Kalapatti Rd, Ganesh Nagar, Saravanampatti, Coimbatore, Tamil Nadu 641035, India",11.055935,76.99396899999999,OPERATIONAL,place_id
668,"Pizza Hut - R S Puram, Coimbatore","No 170/1 to 3, Silver Mount Building, DB Road, RS Puram, Next to Aroma Bakery, Coimbatore, Tamil Nadu, India",614002,641002,No,Coimbatore,Tamil Nadu,086556 15972,https://restaurants.pizzahut.co.in/pizza-hut-rs-puram-pizza-delivery-rs-puram-coimbatore-1117/Home,ChIJkxWQC2j2qDsRDWOyS3ydHVU,11.0031059,76.9515231,"Pizza Hut | R S Puram, Coimbatore","No 170/1 to 3, Silver Mount Building, Diwan Bahadur Rd, next to Aroma Bakery, Opposite Kennedy Theatre, R.S. Puram, Coimbatore, Tamil Nadu 641002, India",11.0031059,76.9515231,OPERATIONAL,place_id
669,"Pizza Hut - Thudiyalur, Coimbatore","No 33/1, Mettupalayam Road, Thudiyalur, Coimbatore, Tamil Nadu, India",641034,641034,Yes,Coimbatore,Tamil Nadu,086556 89147,https://restaurants.pizzahut.co.in/pizza-hut-ph-thudiyalur-pizza-restaurant-thudiyalur-coimbatore-126827/Home,ChIJw4vnLsP3qDsRTAd6CAeiALI,11.068803,76.94312,"Pizza Hut | Thudiyalur, Coimbatore","No 33, 1, Mettupalayam Main Rd, Sreevatsa Garden, Tatabad, Thudiyalur, Tamil Nadu 641034, India",11.068803,76.94312,OPERATIONAL,place_id
670,"Pizza Hut - Manjakuppam, Cuddalore","No 7, 3rd Flr, Food Court, V Square Mall, Bharathi Road, Manjakuppam, Cuddalore, Tamil Nadu, India",607001,607001,Yes,Cuddalore,Tamil Nadu,086556 15975,https://restaurants.pizzahut.co.in/pizza-hut-cuddalore-tamil-nadu-pizza-restaurant-manjakuppam-cuddalore-300084/Home,ChIJ--UF8ouZVDoRIaGMjgwaMOA,11.7538301,79.7618501,"Pizza Hut | Manjakuppam, Cuddalore","3rd Flr, Food Court, V Square Mall, No 7, Bharathi Rd, Manjakuppam, Cuddalore, Tamil Nadu 607001, India",11.7538301,79.76185009999999,OPERATIONAL,place_id
671,"Pizza Hut - Marina Mall, Egattur",,600130,600130,Yes,Egattur,Tamil Nadu,,https://restaurants.pizzahut.co.in/pizza-hut-marina-mall-egattur-in-tamil-nadu-egattur-marina-mall-59396/Home,ChIJlY_1TKNbUjoRZjZauCo3y5s,12.8361943,80.2292383,"Pizza Hut | Marina Mall, Egattur","Shop- SF-08, 2nd floor, Marina Mall, Egattur, Tamil Nadu 600130, India",12.8361943,80.22923829999999,OPERATIONAL,place_id
672,"Pizza Hut - Brough Road, Erode","No 604, 604/1, 605 to 607, Brough Road, Erode, Tamil Nadu, India",638001,638011,No,Erode,Tamil Nadu,089768 83080,https://restaurants.pizzahut.co.in/pizza-hut-fcd-erode-pizza-restaurant-brough-road-erode-123892/Home,ChIJy_EUUedvqTsREdU980-Afi4,11.3374002,77.711907,"Pizza Hut | Brough Road, Erode","No 604, 604/1, 605 to 607, Brough Rd, Edayankattuvalasu, Erode, Tamil Nadu 638011, India",11.3374002,77.711907,OPERATIONAL,place_id
673,"Pizza Hut - Shanthi Nagar West, Hosur","No 1, Unit 2, Ground Floor, Railway Station Road, Shanthi Nagar West, Opposite Raghavendra Theatre, Hosur, Tamil Nadu, India",635109,635109,Yes,Hosur,Tamil Nadu,086558 41206,https://restaurants.pizzahut.co.in/pizza-hut-station-road-hossur-pizzerias-shanthi-nagar-west-hosur-275739/Home,ChIJ56flAaZxrjsRK_rdCSXBCrU,12.726107,77.8238662,"Pizza Hut | Shanthi Nagar West, Hosur","Unit 2, Ground Floor, No 1, Railway Station Rd, opposite Raghavendra Theatre, Shanthi Nagar West, Hosur, Tamil Nadu 635109, India",12.726107,77.8238662,OPERATIONAL,place_id
674,"Pizza Hut - Chennai Domestic Airport, Kanchipuram","Chennai Domestic Airport, GST Road,Meenambakkam, Next to KFC, Kanchipuram, Tamil Nadu, India",600027,600016,No,Kanchipuram,Tamil Nadu,1800 202 2022,https://restaurants.pizzahut.co.in/pizza-hut-meenambakkam-pizza-restaurant-meenambakkam-kanchipuram-1322/Home,ChIJI_UTlhteUjoROBKGwMY_PcE,12.9842023,80.1673247,"Pizza Hut | Chennai Domestic Airport, Kanchipuram","Domestic Airport, Grand Southern Trunk Rd, next to KFC, Meenambakkam, Chennai, Kanchipuram, Tamil Nadu 600016, India",12.9842023,80.16732470000001,OPERATIONAL,place_id
675,"Pizza Hut - Guduvanchery, Chennai","No 1, Ground Floor, GST Rd, Thailavaram, Potheri, Chengalpattu, Kanchipuram, Tamil Nadu, India",603202,603203,No,Kanchipuram,Tamil Nadu,086556 89244,https://restaurants.pizzahut.co.in/pizza-hut-guduvancherry-pizza-restaurant-chengalpattu-kanchipuram-122975/Home,ChIJU5nxekn3UjoR5qsbNGE_RoY,12.8295057,80.0444085,"Pizza Hut | Guduvanchery, Chennai","No 1, Ground Floor GST Rd, Thailavaram, Potheri, Chengalpattu, Thailavaram, Tamil Nadu 603203, India",12.8295057,80.04440850000002,OPERATIONAL,place_id
676,"Pizza Hut - Injambakkam, Kanchipuram",,600115,600115,Yes,Kanchipuram,Tamil Nadu,,https://restaurants.pizzahut.co.in/pizza-hut-injambakkam-kanchipuram-in-tamil-nadu-kanchipuram-injambakkam-51240/Home,ChIJ1Yc-FrBdUjoR4dMcgsJBbXg,12.9229867,80.2512708,"Pizza Hut | Injambakkam, Kanchipuram","Unit No 1, 41 & 41, East Coast Rd, Cholamandal Artists Village, Injambakkam, Kanchipuram, Chennai, Tamil Nadu 600115, India",12.9229867,80.2512708,OPERATIONAL,place_id
677,Pizza Hut - Kanchipuram,"Door No 97, Ground Floor, Kundrathur Main Road, Gerugambakkam, Kanchipuram, Tamil Nadu, India",600122,600128,No,Kanchipuram,Tamil Nadu,086558 41204,https://restaurants.pizzahut.co.in/pizza-hut-ph-geruhambakkam-chennai-pizza-restaurant-gerugambakkam-kanchipuram-307978/Home,ChIJobGN3bxhUjoR4TUPsUTt5Bw,13.016334,80.137981,Pizza Hut | Kanchipuram,"Door No 97, Ground Floor, 248Q+FHM, Kundrathur Main Rd, Sakthi Avenue, Gerugambakkam, Mowlivakkam, Tamil Nadu 600128, India",13.016334,80.137981,OPERATIONAL,place_id
678,"Pizza Hut - Kelambakkam, Kanchipuram","No 1/364, Ground Floor, Shalom Complex, OMR, Padur, Kelambakkam, Kanchipuram, Tamil Nadu, India",603103,603103,Yes,Kanchipuram,Tamil Nadu,086556 89180,https://restaurants.pizzahut.co.in/pizza-hut-padur-kelambakkam-chennai-pizzerias-kelambakkam-kanchipuram-275677/Home,ChIJ9_xk_mFRUjoRrsxmjgfxQPE,12.7945284,80.222923,"Pizza Hut | Kelambakkam, Kanchipuram","Ground Floor, Shalom Complex, No 1/364, OMR Rd, Padur, Kelambakkam, Tamil Nadu 603103, India",12.7945284,80.222923,OPERATIONAL,place_id
679,"Pizza Hut - Pammal, Chennai","Shop No 13, 1st Floor, YAK Complex, Pammal Main Road, Pammal, Kanchipuram, Tamil Nadu, India",600075,600075,Yes,Kanchipuram,Tamil Nadu,086556 15959,https://restaurants.pizzahut.co.in/pizza-hut-pizza-hut-pammal-pizza-restaurant-pammal-kanchipuram-171695/Home,ChIJEWYPf9tfUjoRr7VWYRFrnRI,12.971499,80.142319,"Pizza Hut | Pammal, Chennai","Shop No 13, 1st Floor, Yak Complex, Pammal Main Rd, Anna Nagar, Pammal, Tambaram, Tamil Nadu 600075, India",12.971499,80.142319,OPERATIONAL,place_id
680,"Pizza Hut - KK Nagar, Madurai","No 19/3, Gr Flr, Vasuprathaas, 80 Feet Rd, Kk Nagar, Madurai, Tamil Nadu, India",625020,625020,Yes,Madurai,Tamil Nadu,086556 89242,https://restaurants.pizzahut.co.in/pizza-hut-pizza-hut-madurai-pizza-restaurant-kk-nagar-madurai-171696/Home,ChIJxeSRi_PFADsRM4E9n9gCvyY,9.9293248,78.1434253,"Pizza Hut | KK Nagar, Madurai","19/3, Gr, Flr, Vasuprathaas, 80 Feet Rd, Managiri, KK Nagar, Madurai, Tamil Nadu 625020, India",9.9293248,78.14342529999999,OPERATIONAL,place_id
681,"Pizza Hut - Nagercoil, Kanyakumari","No 171A/3, 1st Floor, Jerrys Enclave, KP Road, Nagercoil, Nagercoil, Tamil Nadu, India",629001,629001,Yes,Nagercoil,Tamil Nadu,086556 89227,https://restaurants.pizzahut.co.in/pizza-hut-fcd-nagercoil-pizza-restaurant-nagercoil-nagercoil-123893/Home,ChIJofrkG7HxBDsRSb3prFchjps,8.178751,77.423598,"Pizza Hut | Nagercoil, Kanyakumari","No 171A/3, 1st Floor, Jerrys Enclave, Kottar-Parvathipuram Rd, Simon Nagar, Nagercoil, Tamil Nadu 629001, India",8.178751,77.423598,OPERATIONAL,place_id
682,"Pizza Hut - Commercial Road, Ooty","No 355A/1, 1st Flr, The Nilgiris Complex, No 1766/6, Commercial Road, Udhagamandalam, Near Charring Cross, Ooty, Tamil Nadu, India",643001,643001,Yes,Ooty,Tamil Nadu,086556 15961,https://restaurants.pizzahut.co.in/pizza-hut-ph-ooty-pizza-restaurant-udhagamandalam-ooty-126828/Home,ChIJYZ939ge9qDsRIotulCo7Gk4,11.4113852,76.7076482,"Pizza Hut | Commercial Road, Ooty","No 355A/1, 1st Flr, The Nilgiris Complex No 1766/6, Commercial Road, near Charring Cross, Upper Bazar, Ooty, Tamil Nadu 643001, India",11.4113852,76.7076482,OPERATIONAL,place_id
683,"Pizza Hut - Alagapuram, Salem","Plot No 7, Ground Floor, Brindavan Main Road, Alagapuram, Salem, Tamil Nadu, India",636016,636016,Yes,Salem,Tamil Nadu,086556 15973,https://restaurants.pizzahut.co.in/pizza-hut-pizza-hut-salem-pizza-restaurant-alagapuram-salem-129369/Home,ChIJNaqqXBrxqzsRjo-3ZH91ci4,11.6771798,78.1453884,"Pizza Hut | Alagapuram, Salem","Plot No 7, Ground Floor Brindavan Main, Road, Alagapuram Periyaputhur, Salem, Tamil Nadu 636016, India",11.6771798,78.1453884,OPERATIONAL,place_id
684,"Pizza Hut - Meyyanur, Salem","No 229/1/5, Reliance Mega, Block No 5, Junction Road, Meyyanur, Salem, Tamil Nadu, India",636004,636004,Yes,Salem,Tamil Nadu,086558 41213,https://restaurants.pizzahut.co.in/pizza-hut-ph-reliance-mall-salem-pizza-restaurant-meyyanur-salem-309736/Home,ChIJOWYyf33xqzsRsN-A824lIYE,11.674561,78.133022,"Pizza Hut | Meyyanur, Salem","No 229, Reliance Mega Block, 1/5, Junction Main Rd, Meyyanur, Salem, Tamil Nadu 636004, India",11.674561,78.133022,OPERATIONAL,place_id
685,"Pizza Hut - Langval Mall, Thanjavur","No FC 212, PN 16A, 2nd Flr, Langval Mall, New Ward No 4, Block 61, New Bus Stand Rd, Thanjavur, Tamil Nadu, India",613007,613007,Yes,Thanjavur,Tamil Nadu,1800 202 2022,https://restaurants.pizzahut.co.in/pizza-hut-langval-mall-thanjavur-in-tamil-nadu-thanjavur-new-bus-stand-rd-44042/Home,ChIJqas8GwC5qjsRvNj931WBYdY,10.766527,79.126842,"Pizza Hut | Langval Mall, Thanjavur","No FC 212, PN 16A, 2nd Flr, Langval Mall, Ward No 4, Block 61, New, New Bus Stand Rd, Arulananda Nagar West Extension, Thanjavur, Tamil Nadu 613007, India",10.766527,79.126842,OPERATIONAL,place_id
686,Pizza Hut - Tiruchirappalli,"No 3/1, Annamalai Tower, New Karur Bypass Road, Annanalai Nagar, Tiruchirappalli, Tamil Nadu, India",620018,620018,Yes,Tiruchirappalli,Tamil Nadu,086556 89226,https://restaurants.pizzahut.co.in/pizza-hut-tiruchirappalli-in-tamil-nadu-tiruchirappalli-annanalai-nagar-52595/Home,ChIJYXWsi-H1qjsRRx7NvPsBdWw,10.827884,78.685599,Pizza Hut | Tiruchirappalli,"No 3/1, Annamalai Tower, New, Karur Bypass Rd, Annamalai Nagar, Tiruchirappalli, Tamil Nadu 620018, India",10.827884,78.685599,OPERATIONAL,place_id
687,"Pizza Hut - Vannarpettai, Tirunelveli","No 100/3 & 100/4, Ground Floor, North Byepass Road, Vannarpettai, Tirunelveli, Tamil Nadu, India",627003,627003,Yes,Tirunelveli,Tamil Nadu,097104 57605,https://restaurants.pizzahut.co.in/pizza-hut-vannarpettai-tirunelveli-pizzerias-vannarpettai-tirunelveli-294566/Home,ChIJM-iCgMIRBDsRe0coZ3J2e-w,8.7292625,77.7223267,"Pizza Hut | Vannarpettai, Tirunelveli","No 100/3 & 100/4, Ground Floor, N Bypass Rd, Vannarpettai, Tirunelveli, Tamil Nadu 627003, India",8.729262499999999,77.7223267,OPERATIONAL,place_id
688,"Pizza Hut - Avadi, Chennai","No 128/1, New No 237/1, 1st Floor, NM Road, Avadi, Tiruvallur, Tamil Nadu, India",600054,600071,No,Tiruvallur,Tamil Nadu,086556 89228,https://restaurants.pizzahut.co.in/pizza-hut-pizza-hut-avadi-pizza-restaurant-avadi-tiruvallur-171697/Home,ChIJNdy2btCJUjoRLZ3e003hEOk,13.116939,80.097173,"Pizza Hut | Avadi, Chennai","No 128/1, New No 237/1, 1st Floor, New Military Rd, Kannigapuram, TNHB Mig V Block, Avadi, Tamil Nadu 600071, India",13.116939,80.097173,OPERATIONAL,place_id
689,"Pizza Hut - Varadharajapuram, Tiruvallur","554A, No 3, 1st Flr, Banglore Highway Rd, Varadharajapuram, Nazarathpettai, Tiruvallur, Tamil Nadu, India",600123,600123,Yes,Tiruvallur,Tamil Nadu,1800 202 2022,https://restaurants.pizzahut.co.in/pizza-hut-varadharajapuram-tiruvallur-in-tamil-nadu-tiruvallur-nazarathpettai-90107/Home,ChIJpf8f-c-LUjoRh54LdIo-ei4,13.0472364,80.0761398,"Pizza Hut | Varadharajapuram, Tiruvallur","No 3, 1st Flr, 554A, Banglore Highway Rd, Varadharajapuram, Nazarathpettai, Tamil Nadu 600123, India",13.0472364,80.07613979999999,OPERATIONAL,place_id
690,"Pizza Hut - Selvam Nagar, Vellore","No 71 to 73, Ground Floor, Selvam Nagar, Tiruvalam Road, Katpadi, Near Selvam Cinemas, Vellore, Tamil Nadu, India",632007,632014,No,Vellore,Tamil Nadu,086556 89179,https://restaurants.pizzahut.co.in/pizza-hut-katpadi-vellore-pizzerias-katpadi-vellore-283578/Home,ChIJ4RJNy2lHrTsRT5t9bBO2kEQ,12.9684701,79.150301,"Pizza Hut | Selvam Nagar, Vellore","No 71 to 73, Ground Floor, Tiruvalam Rd, near Selvam Cinemas, Selvam Nagar, Katpadi, Vellore, Tamil Nadu 632014, India",12.9684701,79.150301,OPERATIONAL,place_id
691,"Pizza Hut - Hanamkonda, Warangal","Fatima nagar circle, Hyderabad - Warangal Highway, National Institute of Technology Campus, Hanamkonda, Telangana, India",506004,506004,Yes,Hanamkonda,Telangana,086556 16136,https://restaurants.pizzahut.co.in/pizza-hut-ph-hanamkonda-pizza-restaurant-hyderabad-warangal-hwy-warangal-129211/Home,ChIJj2IVMB5PMzoRD3juRXdIdvA,17.9859127,79.5252876,"Pizza Hut | Hanamkonda, Warangal","Fatima nagar circle, Hyderabad - Warangal Hwy, National Institute of Technology Campus, Hanamkonda, Telangana 506004, India",17.9859127,79.5252876,OPERATIONAL,place_id
692,"Pizza Hut - AMR Mall, Secunderabad","Sy No 373/1 & 373, 3, AMR Planet, 1 Rd, Trimulghery ECIL Rd, Extn, Moula Ali, Hyderabad, Telangana, India",500040,500040,Yes,Hyderabad,Telangana,084470 95005,https://restaurants.pizzahut.co.in/pizza-hut-ph-amr-planet-mall-pizzerias-moula-ali-hyderabad-200463/Home,ChIJ0cewgcObyzsRa-haMrG78Ao,17.463533,78.5607405,"Pizza Hut | AMR Mall, Secunderabad","Sy No 373/1 & 373, 3, 1 Rd, Trimulghery, ECIL Rd, Eshwar Nagar Colony, Extn, Moula Ali, Hyderabad, Secunderabad, Telangana 500040, India",17.463533,78.5607405,OPERATIONAL,place_id
693,"Pizza Hut - Alkapuri, Hyderabad","D No 5/1/2/269, Ground Floor, Neknampur, Alkapuri, Hyderabad, Telangana, India",500035,500089,No,Hyderabad,Telangana,086556 16155,https://restaurants.pizzahut.co.in/pizza-hut-alkapuri-pizzerias-alkapuri-hyderabad-189480/Home,ChIJl-Q4wICVyzsRouBySFC76Ak,17.390096,78.3683031,"Pizza Hut | Alkapuri, Hyderabad","D No 5/1/2/269, Ground Floor, Huda, Mahalneknapur, Alkapuri, Hyderabad, Telangana 500089, India",17.390096,78.36830309999999,OPERATIONAL,place_id
694,"Pizza Hut - Alwal, Secunderabad","H No 5/72/11, Plot No 11, Ground Floor, Survey No 542, Alwal, Hyderabad, Telangana, India",500010,500010,Yes,Hyderabad,Telangana,086556 16151,https://restaurants.pizzahut.co.in/pizza-hut-sapphire-foods-lts-pizzerias-alwal-hyderabad-243720/Home,ChIJK8-R9bubyzsRggcRyZG_9qo,,,"Pizza Hut | Alwal, Secunderabad","H No 5/72/11, Plot No 11, Ground Floor, Survey No 542, Tirumala Enclave, Alwal, Hyderabad, Secunderabad, Telangana 500010, India",17.5047696,78.4952922,OPERATIONAL,text search
695,"Pizza Hut - Attapur, Hyderabad","1st Floor, M Cube Mall, Attapur Main Road, Somi Reddy Nagar, Near Pillar No 119, Hyderabad, Telangana, India",500048,500048,Yes,Hyderabad,Telangana,072900 68206,https://restaurants.pizzahut.co.in/pizza-hut-ph-mcube-mall-attapur-pizza-restaurant-somi-reddy-nagar-hyderabad-313294/Home,ChIJV5NlrayXyzsRgo1OWYqFBoo,17.3716987,78.4297129,"Pizza Hut | Attapur, Hyderabad","1st, Mcube Mall, Attapur Main Rd, near Pillar No 119, Somi Reddy Nagar, Hyderabad, Telangana 500048, India",17.3716987,78.4297129,OPERATIONAL,place_id
696,"Pizza Hut - Balanagar, Hyderabad","Sy No 1050, 3rd Flr, Lulu Mall, Rd No 3, Housing Board Col, Balanagar, Kukatpally, Hyderabad, Telangana, India",500072,500072,Yes,Hyderabad,Telangana,1800 202 2022,https://restaurants.pizzahut.co.in/pizza-hut-lulu-mall-hyderabad-pizza-restaurant-kukatpally-hyderabad-294965/Home,ChIJ-b0FLDuRyzsRLzxk3inEWjU,17.4901948,78.3926041,"Pizza Hut | Balanagar, Hyderabad","Sy No 1050, 3rd Flr, Lulu Mall, Rd No 3, APHB Commercial Complex, Col, Balanagar, Kukatpally Housing Board Colony, K P H B Phase 3, Kukatpally, Hyderabad, Telangana 500072, India",17.4901948,78.3926041,OPERATIONAL,place_id
697,"Pizza Hut - Balapur X road, Hyderabad","D No 6/152/1, SLNS Colony, Near Balapur X Road, Hyderabad, Telangana, India",500097,500097,Yes,Hyderabad,Telangana,086556 16146,https://restaurants.pizzahut.co.in/pizza-hut-fcd-balapur-pizza-restaurant-slns-colony-hyderabad-167629/Home,ChIJ-fWAOdCjyzsRmfVKExmp28U,17.3204701,78.5198701,"Pizza Hut | Balapur X road, Hyderabad","D No 6, 152/1, near Balapur X Road, Midhani Quarters, SLNS Colony, Kanchanbagh, Hyderabad, Telangana 500097, India",17.3204701,78.51987009999999,OPERATIONAL,place_id
698,"Pizza Hut - Banjara Hills, Hyderabad","D, No 8, 2-740/15, Road Number 12, opp. Dadu's Sweet House, Amudi Nagar, Bhola Nagar, Banjara Hills, Hyderabad, Telangana, India",500028,500028,Yes,Hyderabad,Telangana,086556 16112,https://restaurants.pizzahut.co.in/pizza-hut-banjara-hills-pizza-restaurant-banjara-hills-hyderabad-23567/Home,ChIJdy4b9S-XyzsRsCOPBLaIIf0,17.4074828,78.4423715,"Pizza Hut | Banjara Hills, Hyderabad","D, No 8, 2-740/15, Road No. 12, opp. Dadu's Sweet House, Amudi Nagar, Bhola Nagar, Banjara Hills, Hyderabad, Telangana 500028, India",17.4074828,78.4423715,OPERATIONAL,place_id
699,"Pizza Hut - Beerumguda, Hyderabad","Door No 14/81/60/1/12/A/1, Ground Floor, Beerumguda, Ameenpur, Hyderabad, Telangana, India",502032,502032,Yes,Hyderabad,Telangana,086556 16122,https://restaurants.pizzahut.co.in/pizza-hut-sapphire-foods-pizzerias-ameenpur-hyderabad-243593/Home,ChIJWeMwzyKNyzsRoc-gwoE0k8k,17.526611,78.298371,"Pizza Hut | Beerumguda, Hyderabad","Door No 14/81/60/1/12/A/1, Ground Floor, Beeramguda Main Rd, Ameenpur, Hyderabad, Ramachandrapuram (BHEL Township), Telangana 502032, India",17.526611,78.298371,OPERATIONAL,place_id
700,"Pizza Hut - Boduppal, Hyderabad","Shop No 5/107/2, Survey No 47, Buddha Nagar, Peerzadiguda, Boduppal, Hyderabad, Telangana, India",500092,500092,Yes,Hyderabad,Telangana,098995 14284,https://restaurants.pizzahut.co.in/pizza-hut-ph-peerzadiguda-boduppal-pizza-restaurant-boduppal-hyderabad-129268/Home,ChIJtbgESKSfyzsRtTl47Gdy9EU,17.4070733,78.5936074,"Pizza Hut | Boduppal, Hyderabad","Shop No 5/107/2, Survey No 47 Buddha Nagar, Peerzadiguda, Sai Residency, Mallikarjuna Nagar, Boduppal, Hyderabad, Telangana 500092, India",17.4070733,78.5936074,OPERATIONAL,place_id
701,"Pizza Hut - Chandanagar, Serilingampally",,500050,502032,No,Hyderabad,Telangana,,https://restaurants.pizzahut.co.in/pizza-hut-chandanagar-serilingampally-in-telangana-hyderabad-serilingampally-19678/Home,ChIJ78Mz2yqTyzsRFWSgTMPdXzU,17.507334,78.318377,"Pizza Hut | Chandanagar, Serilingampally","Plot no 14 & 14 A, Ameenpur Rd, Padmaja Nagar, Suraksha Colony, Bandam Kommu, Chanda Nagar, Serilingampalle (M), Hyderabad, Telangana 502032, India",17.507334,78.318377,OPERATIONAL,place_id
702,"Pizza Hut - Chintal Road, Hyderabad","Gr Flr, Rukmini Estates, Plot No 1 & 16, Main Road, Chinthal, Quthbullapur, Hyderabad, Telangana, India",500037,500037,Yes,Hyderabad,Telangana,084472 01821,https://restaurants.pizzahut.co.in/pizza-hut-ph-chintal-road-hyderabad-pizza-restaurant-quthbullapur-hyderabad-129605/Home,ChIJSSb7NIeRyzsRSptpqtxlSaQ,17.489894,78.4512639,"Pizza Hut | Chintal Road, Hyderabad","Gr Flr, Rukmini Estates, Plot No 1 & 16, Main Rd, Chinthal, Quthbullapur, Hyderabad, Telangana 500037, India",17.489894,78.4512639,OPERATIONAL,place_id
703,"Pizza Hut - DSL Virtue Mall Uppal, Hyderabad",,500039,500039,Yes,Hyderabad,Telangana,,https://restaurants.pizzahut.co.in/pizza-hut-ph-dsl-virtue-mall-uppal-pizza-restaurant-uppal-hyderabad-108231/Home,ChIJ0bwPV2-ZyzsRLX9b-aMXTEs,17.3995677,78.555249,"Pizza Hut | DSL Virtue Mall Uppal, Hyderabad","B1/1, B1/2, B2/B & B2, DSL Virtue Mall Ind Development Area, Ranga Reddy, Uppal Near Rajiv Gandhi Int Cricket Stadium, Survey Colony, IDA Uppal, Gaddi annaram, Hyderabad, Telangana 500039, India",17.3995677,78.555249,OPERATIONAL,place_id
704,"Pizza Hut - GSM Mall, Hyderabad","3rd Floor, Food Court, GSM Mall, Madinaguda, Opposite to My Home Jewel Apartments, Hyderabad, Telangana, India",500049,500049,Yes,Hyderabad,Telangana,086556 16123,https://restaurants.pizzahut.co.in/pizza-hut-madinaguda-pizza-restaurant-madinaguda-hyderabad-67014/Home,ChIJkduKuEeTyzsRN1Xqi-dun0U,17.4966508,78.3356551,"Pizza Hut | GSM Mall, Hyderabad","3rd Floor, Food Court, GSM Mall Madinaguda, opposite to My Home Jewels Apartments, ICRISAT Colony, Hyderabad, Miyapur, Telangana 500049, India",17.4966508,78.3356551,OPERATIONAL,place_id
705,"Pizza Hut - GVK One, Hyderabad","Cafe 6/3/251, 251/1 & 251/5/6/7, Banjara Hills, Hyderabad, Telangana, India",500034,500034,Yes,Hyderabad,Telangana,086556 16126,https://restaurants.pizzahut.co.in/pizza-hut-banjara-hills-pizza-takeaway-banjara-hills-hyderabad-44224/Home,ChIJba9rrtOXyzsRy-7B73HN7Fk,17.419456,78.4485393,"Pizza Hut | GVK One, Hyderabad","Cafe 6/3/251, 251/1 & 251/5, 6/7, Balapur Basthi, Banjara Hills, Hyderabad, Telangana 500034, India",17.419456,78.4485393,OPERATIONAL,place_id
706,"Pizza Hut - Gachi Bowli, Hyderabad","PN 126, Vinayak Nagar, Gachibowli, Opposite Himgiri Hospital, Hyderabad, Telangana, India",500032,500032,Yes,Hyderabad,Telangana,089290 77607,https://restaurants.pizzahut.co.in/pizza-hut-gachibowli-pizza-delivery-gachibowli-hyderabad-1331/Home,ChIJ_yMnAZWTyzsRzwYqRq1BYoA,17.4416308,78.3580397,"Pizza Hut | Gachi Bowli, Hyderabad","PN 126, opposite Himgiri Hospital, Vinayak Nagar, Indira Nagar, Gachibowli, Hyderabad, Telangana 500032, India",17.4416308,78.35803969999999,OPERATIONAL,place_id
707,"Pizza Hut - Gudimalkapur, Hyderabad","Inner Ring Road, Noor Ghat, Gudi Malkapur, Mehdipatnam, Hyderabad, Telangana, India",500028,500006,No,Hyderabad,Telangana,085108 40796,https://restaurants.pizzahut.co.in/pizza-hut-ph-gudimalkapur-mehdipatnam-pizzerias-mehdipatnam-hyderabad-235129/Home,ChIJYblYg4yXyzsRsy6jIMFvtIc,17.3876072,78.430296,"Pizza Hut | Gudimalkapur, Hyderabad","Inner Ring Rd, Noor Ghat, Gudi Malkapur, Gudimalkapur, Hyderabad, Telangana 500006, India",17.3876072,78.430296,OPERATIONAL,place_id
708,"Pizza Hut - Himayath Nagar, Hyderabad","No 3/6/269/G3 to G5 & G8, Gowlikar House, Narayanguda Road, Himayatnagar, Near AP State Housing Board, Hyderabad, Telangana, India",500029,500029,Yes,Hyderabad,Telangana,084473 18285,https://restaurants.pizzahut.co.in/pizza-hut-ph-himayatnagar-hyderabad-pizza-restaurant-himayatnagar-hyderabad-128720/Home,ChIJl-rhu8aZyzsR2v9vUlUPl2k,17.3988506,78.4852961,"Pizza Hut | Himayath Nagar, Hyderabad","G3 to G5 & G8, Gowlikar house, No 3/6/269, Narayanguda Rd, near AP State Housing Board, AP State Housing Board, Himayatnagar, Hyderabad, Telangana 500029, India",17.3988506,78.4852961,OPERATIONAL,place_id
709,"Pizza Hut - Jubilee Hills, Hyderabad","No 2, Plot No 120, Divya Sai Enclave, HN 8/2/293/82/A/23, Rd No 5, Jubilee Hills, Hyderabad, Telangana, India",500033,500033,Yes,Hyderabad,Telangana,070650 12929,https://restaurants.pizzahut.co.in/pizza-hut-ph-jubilee-hills-hyderabad-pizza-restaurant-jubilee-hills-hyderabad-121156/Home,ChIJa9v31neRyzsRhFYAb9Sj1ds,17.4309161,78.421091,"Pizza Hut | Jubilee Hills, Hyderabad","No 2, Plot No 120, Divya Sai Enclave HN 8/2/293/82, A/23, Road Number 5, Women's Welfare Housing Society, Jubilee Hills, Hyderabad, Telangana 500033, India",17.4309161,78.42109099999999,OPERATIONAL,place_id
710,"Pizza Hut - KPHB Metro Station, Hyderabad","Concourse Level, KPHB Metro Station, Kukatpally, Hyderabad, Telangana, India",500072,500072,Yes,Hyderabad,Telangana,098731 43978,https://restaurants.pizzahut.co.in/pizza-hut-ph-kphb-metro-station-hyderabad-pizza-restaurant-kukatpally-hyderabad-130522/Home,ChIJOUn7kAKRyzsRQ2RfFUHzfTw,17.4942921,78.4017584,"Pizza Hut | KPHB Metro Station, Hyderabad","Concourse Level, KPHB Metro Station, Hyderabad, Bhagya Nagar Colony, Kukatpally, Hyderabad, Telangana 500072, India",17.4942921,78.40175839999999,OPERATIONAL,place_id
711,"Pizza Hut - Kachiguda, Hyderabad","Shop No 03, Gr Flr, Ganeriwal Complex, Kachiguda Station Road, Opposite Kumar Theater, Hyderabad, Telangana, India",500027,500027,Yes,Hyderabad,Telangana,098992 71564,https://restaurants.pizzahut.co.in/pizza-hut-ph-kachiguda-hyderabad-pizza-restaurant-kachiguda-station-road-hyderabad-130360/Home,ChIJzS28ylWZyzsRD3X9iv2NwzI,17.3889076,78.4970596,"Pizza Hut | Kachiguda, Hyderabad","Shop No 03, Gr Flr, Ganeriwal Complex, Kachiguda Station Rd, opposite Kumar Theater, Railway Quarters, Kachiguda, Hyderabad, Telangana 500027, India",17.3889076,78.4970596,OPERATIONAL,place_id
712,"Pizza Hut - Karmanghat, Hyderabad","D No 10/1/74/8/2, Thapovan Colony, Sai Nagar,Champapet Rd,Saroor Nagar East, Karmanghat, Hyderabad, Telangana, India",500079,500035,No,Hyderabad,Telangana,098992 93750,https://restaurants.pizzahut.co.in/pizza-hut-ph-karmanghat-hyderabad-pizza-restaurant-saroor-nagar-east-hyderabad-110317/Home,ChIJ7fO-R8uZyzsRIu-qUIIiqQE,17.3449246,78.5293284,"Pizza Hut | Karmanghat, Hyderabad","D, 10-1-151/1, Champapet Rd, Thapovan Colony, Sai Nagar, Saroor Nagar East, Kharmanghat, Hyderabad, Telangana 500035, India",17.3449246,78.5293284,OPERATIONAL,place_id
713,"Pizza Hut - Kompally, Hyderabad","Survey No, NCL Habitats, 95/1, near Tirupati Electronics, Kompally, Hyderabad, Telangana, India",500067,500067,Yes,Hyderabad,Telangana,086556 16114,https://restaurants.pizzahut.co.in/pizza-hut-kompally-pizza-restaurant-kompally-hyderabad-26832/Home,ChIJqWoE8kmbyzsR1Tkqj2c88ho,17.5156661,78.4808661,"Pizza Hut | Kompally, Hyderabad","Survey No, NCL Habitats, 95/1, near Tirupati Electronics, Bashirabad, Kompally, Hyderabad, Secunderabad, Telangana 500067, India",17.5156661,78.4808661,OPERATIONAL,place_id
714,"Pizza Hut - Kothapet Nagole Road, Hyderabad","SN 01, H No 11/7/143, Dayakar Reddy Bldg, Huda Colony,Saroor Nagar, Hyderabad, Telangana, India",500035,500060,No,Hyderabad,Telangana,098995 59120,https://restaurants.pizzahut.co.in/pizza-hut-ph-kothapet-nagole-road-pizza-restaurant-saroor-nagar-hyderabad-121886/Home,ChIJQ0Ru4caZyzsRzgBnC_A-UBA,17.3707243,78.5403202,"Pizza Hut | Kothapet Nagole Road, Hyderabad","SN 01, H No 11, Dayakar Reddy Bldg, 7/143, Saroornagar, Huda Colony, Kothapet, Hyderabad, Telangana 500060, India",17.3707243,78.5403202,OPERATIONAL,place_id
715,"Pizza Hut - L&T Mall, Hyderabad","Sy 1,1/2,1/3,3/2,6/1 & 6/2, L&T Mall, Nagarjuna Hills, Next To Punjagutta Mall, Hyderabad, Telangana, India",500034,500082,No,Hyderabad,Telangana,086556 89166,https://restaurants.pizzahut.co.in/pizza-hut-nagarjuna-hills-pizza-restaurant-nagarjuna-hills-hyderabad-24826/Home,ChIJdaV7-MqQyzsRg8FIuRhxQGA,17.4293079,78.4501437,"Pizza Hut | L&T Mall, Hyderabad","Sy 1,1/2,1/3, 3/2, L&T Mall, 6/1 & 6/2, Mall, next to Punjagutta, Nagarjuna Hills, Punjagutta, Hyderabad, Telangana 500082, India",17.4293079,78.4501437,OPERATIONAL,place_id
716,"Pizza Hut - L&T Moosarambagh, Hyderabad","L5, 4th Floor, L&T Metro Rail Mal, Food Court, Moosarambagh, Hyderabad, Telangana, India",500036,500036,Yes,Hyderabad,Telangana,089299 64564,https://restaurants.pizzahut.co.in/pizza-hut-moosarambagh-pizza-restaurant-moosarambagh-hyderabad-81398/Home,ChIJv09Q5mWZyzsRJGIxnj1MRkU,17.3720491,78.5094893,"Pizza Hut | L&T Moosarambagh, Hyderabad","4th Floor, L&T Metro Rail Mal Food Court, L5, Moosarambagh, Andhra Colony, New Malakpet, Hyderabad, Telangana 500036, India",17.3720491,78.5094893,OPERATIONAL,place_id
717,"Pizza Hut - LB Nagar, Hyderabad","Plot No 67, Chandrapuri Colony, LB Nagar,Road No 4,Saroornagar, Hyderabad, Telangana, India",500074,500074,Yes,Hyderabad,Telangana,086556 16116,https://restaurants.pizzahut.co.in/pizza-hut-saroornagar-pizza-restaurant-saroornagar-hyderabad-67062/Home,ChIJRWJn252ZyzsRO6HDNGit3MY,17.3446494,78.5542629,"Pizza Hut | LB Nagar, Hyderabad","Plot No 67, Chandrapuri Colony, No 4, Saroor Nagar Rd, Saroornagar, Chandrapuri Colony, L. B. Nagar, Hyderabad, Telangana 500074, India",17.3446494,78.5542629,OPERATIONAL,place_id
718,"Pizza Hut - Level C, Hyderabad Airport","No 5, Aero Plaza, Level C, Parking Level, Rajiv Gandhi Intnl Airport, Shamshabad, Hyderabad, Telangana, India",501218,500108,No,Hyderabad,Telangana,090103 40446,https://restaurants.pizzahut.co.in/pizza-hut-ph-airport-hyderabad-pizza-restaurant-shamshabad-hyderabad-123074/Home,ChIJWYErluW7yzsRotSGuxlcOnM,17.2372031,78.4287577,"Pizza Hut | Level C, Hyderabad Airport","No 5, Level C, Parking Level, Rajiv Gandhi International Airport, Aero Plaza, Airport, Shamshabad, Hyderabad, Gollapalle Khurd, Telangana 500108, India",17.2372031,78.42875769999999,OPERATIONAL,place_id
719,"Pizza Hut - Madhapur, Hyderabad","No 198/6/51, next to Airtel customer service, Arunodaya Colony, Hyderabad, Telangana, India",500081,500081,Yes,Hyderabad,Telangana,086556 16115,https://restaurants.pizzahut.co.in/pizza-hut-arunodaya-colony-pizza-restaurant-arunodaya-colony-hyderabad-1169/Home,ChIJGdQ-dmCRyzsRk0PcSzldEhE,17.4455881,78.3859872,"Pizza Hut | Madhapur, Hyderabad","No 198/6/51, next to Airtel customer service, Arunodaya Colony, Silicon Valley, Madhapur, Hyderabad, Telangana 500081, India",17.4455881,78.3859872,OPERATIONAL,place_id
720,"Pizza Hut - Malkajgiri, Hyderabad",,500057,500047,No,Hyderabad,Telangana,,https://restaurants.pizzahut.co.in/pizza-hut-ph-malkajgiri-pizza-restaurant-malkajgiri-hyderabad-125770/Home,ChIJ4-N1k0SbyzsRQhZwEfPVQYk,17.4584239,78.5418353,"Pizza Hut | Malkajgiri, Hyderabad","No 24/88/46, Syeds Manzil Plot No 2, Lalwani Nagar, East Anandbagh, Ananatha Saraswathi Nagar, Malkajgiri, Hyderabad, Secunderabad, Telangana 500047, India",17.4584239,78.54183530000002,OPERATIONAL,place_id
721,"Pizza Hut - Miyapur, Hyderabad","Jayabharthis Kalpana, Mumbai Road, Miyapur, Hyderabad, Telangana, India",500049,500049,Yes,Hyderabad,Telangana,098992 72448,https://restaurants.pizzahut.co.in/pizza-hut-miyapur-pizza-restaurant-miyapur-hyderabad-1328/Home,ChIJQ5NB5GuSyzsR0RnWXuG0BWw,17.4949793,78.3564669,"Pizza Hut | Miyapur, Hyderabad","Jayabharthis Kalpana, Mumbai Road, Nandini Nagar, Ambedkar Nagar, Hafeezpet, Miyapur, Hyderabad, Telangana 500049, India",17.4949793,78.3564669,OPERATIONAL,place_id
722,"Pizza Hut - Moosapet, Hyderabad","D No 10/135/7, Gr Flr, Anjaneya Nagar, Green Hills Rd, Moosapet, Near AGI Colony, Hyderabad, Telangana, India",500018,500018,Yes,Hyderabad,Telangana,083769 05213,https://restaurants.pizzahut.co.in/pizza-hut-ph-green-hills-road-moosapet-pizza-restaurant-moosapet-hyderabad-125077/Home,ChIJMeCuKnSRyzsRBQvSGr8J4Xs,17.4690459,78.4163248,"Pizza Hut | Moosapet, Hyderabad","D No 10/135/7, Gr Flr, Green Hills Rd, near AGI Colony, Anjaneya Nagar, Moosapet, Hyderabad, Telangana 500018, India",17.4690459,78.4163248,OPERATIONAL,place_id
723,"Pizza Hut - Nagaram, Secunderabad","Pizza Hut, Ground Floor, Plot No.1, Survey No.227, Block No.9, Kushaiguda under Kapra Municipality, Keesara Mandal, Rangareddy, Kapra Circle No.1, Hyderabad, Telangana, India",500062,500062,Yes,Hyderabad,Telangana,098991 89751,https://restaurants.pizzahut.co.in/pizza-hut-ph-nagaram-hyderabad-pizzerias-secunderabad-hyderabad-180267/Home,ChIJwVaoOaedyzsRhw24pIqrB4E,17.4792775,78.5860142,"Pizza Hut | Nagaram, Secunderabad","Pizza Hut, Ground Floor, Plot No.1, Survey No.227, Block No.9 Kushaiguda under Kapra Municipality Keesara, 1, Circle, Nagarjuna Nagar colony, Kapra, Hyderabad, Secunderabad, Telangana 500062, India",17.4792775,78.5860142,OPERATIONAL,place_id
724,"Pizza Hut - Praga Mall, Hyderabad","3rd Flr, Praga Mall Food Court, Bholakpur, Kavadiguda, Venkateswar Colony, Secunderabad, Hyderabad, Telangana, India",500080,500080,Yes,Hyderabad,Telangana,098996 08710,https://restaurants.pizzahut.co.in/pizza-hut-ph-praga-mall-hyderabad-pizza-restaurant-venkateswar-colony-hyderabad-146778/Home,ChIJS-VhFwCZyzsRHsLrr78pkO4,17.4233348,78.495039,"Pizza Hut | Praga Mall, Hyderabad","3rd Flr, Praga Mall, Food Court, Venkateswar Colony, Bholakpur, Kavadiguda, Secunderabad, Telangana 500080, India",17.4233348,78.49503899999999,OPERATIONAL,place_id
725,"Pizza Hut - Pragathinagar, Hyderabad","H No 06, G9FW+87V Lahari Estates, 53/1519 to 1527, Pragathi Nagar, Hyderabad, Telangana, India",500090,500090,Yes,Hyderabad,Telangana,089291 07398,https://restaurants.pizzahut.co.in/pizza-hut-ph-pragathi-nagar-hyderabad-pizza-restaurant-pragathi-nagar-rangareddy-166841/Home,ChIJKbYZLWOPyzsRADL5k4Bqya8,17.5234388,78.3956389,"Pizza Hut | Pragathinagar, Hyderabad","H No 06, G9FW+87V Lahari Estates, 53/1519 to 1527, Pragathi Nagar, Hyderabad, Telangana 500090, India",17.5234388,78.3956389,OPERATIONAL,place_id
726,"Pizza Hut - Prasad Imax, Hyderabad","Ground Floor, Prasadz Multiplex, Khairtabad, Hyderabad, Telangana, India",500063,500063,Yes,Hyderabad,Telangana,086556 16137,https://restaurants.pizzahut.co.in/pizza-hut-ph-imax-pizza-restaurant-khairtabad-hyderabad-123956/Home,ChIJN8xkbX-XyzsRHel23B2NpiQ,17.412776,78.4655805,"Pizza Hut | Prasad Imax, Hyderabad","Ground Floor, Prasadz Multiplex, Central Secretariat, Khairtabad, Hyderabad, Telangana 500063, India",17.412776,78.4655805,OPERATIONAL,place_id
727,"Pizza Hut - RMZ Hitech City Main Rd Madhapur, Hyderabad","No 10, 1st Floor, The Skyview, Sy No 83/1, Hitech City Main Rd, Raidurgam, Hyderabad, Telangana, India",500081,500032,No,Hyderabad,Telangana,089290 39408,https://restaurants.pizzahut.co.in/pizza-hut-ph-rmz-skyview-hyderabad-pizzerias-raidurgam-hyderabad-185507/Home,ChIJ53sKl-qTyzsR16ylwwWAz1M,17.4328913,78.3750709,"Pizza Hut | RMZ Hitech City Main Rd Madhapur, Hyderabad","No 10, 1st Floor, The Skyview Sy, No 83, 1, Hitech City Main Rd, Silpa Gram Craft Village, Rai Durg, Telangana 500032, India",17.4328913,78.3750709,OPERATIONAL,place_id
728,"Pizza Hut - SD Road, Hyderabad","Shop No 1 & 2, No 1/1/58/1 & 2, SD Road, Hyderabad, Telangana, India",500003,500003,Yes,Hyderabad,Telangana,086556 16159,https://restaurants.pizzahut.co.in/pizza-hut-sd-road-pizzerias-sd-road-hyderabad-219341/Home,ChIJ1SdvDBObyzsRMZNoc2lS9YA,17.440897,78.493907,"Pizza Hut | SD Road, Hyderabad","Shop No 1 & 2, No 1, Shop No 1&2, 1/58, Sarojini Devi Rd, Krishna Complex, Kalasiguda, Hyderabad, Secunderabad, Telangana 500003, India",17.440897,78.493907,OPERATIONAL,place_id
729,"Pizza Hut - SR Nagar, Hyderabad","Shop No 7/1/621/275, MIG 260/3RT, Sanjeev Reddy Nagar, Opposite HDFC LTD, Hyderabad, Telangana, India",500038,500038,Yes,Hyderabad,Telangana,086556 16119,https://restaurants.pizzahut.co.in/pizza-hut-sanjeev-reddy-nagar-pizza-restaurant-sanjeev-reddy-nagar-hyderabad-44205/Home,ChIJHWvrL_GRyzsRReyvbg9D7XE,17.4422987,78.4445797,"Pizza Hut | SR Nagar, Hyderabad","Shop No 7/1/621/275, MIG 260, Street Number 3, opposite HDFC LTD, East Srinivas Nagar Colony, Sanjeeva Reddy Nagar, Hyderabad, Telangana 500038, India",17.4422987,78.44457969999999,OPERATIONAL,place_id
730,"Pizza Hut - Saket Road Kapra, Hyderabad","Plot No 2, Sree Nagar Colony,Saket Road,Kapra, Hyderabad, Telangana, India",500062,500062,Yes,Hyderabad,Telangana,098991 89753,https://restaurants.pizzahut.co.in/pizza-hut-ph-saket-road-kapra-pizzerias-kapra-hyderabad-304307/Home,ChIJLzj9tfGbyzsRkCjsyxUhX9k,17.4847744,78.5658291,"Pizza Hut | Saket Road Kapra, Hyderabad","Sree Nagar Colony, Plot No 2, Kapra - Saket Rd, Parimala Nagar, Kushaiguda, Hyderabad, Secunderabad, Telangana 500062, India",17.4847744,78.5658291,OPERATIONAL,place_id
731,"Pizza Hut - Sanathnagar, Hyderabad","Shehnai Function Hall, SKY Mall, Main Road, Czech Colony, Sanath Nagar, Hyderabad, Telangana, India",500018,500018,Yes,Hyderabad,Telangana,085888 12823,https://restaurants.pizzahut.co.in/pizza-hut-ph-sanath-nagar-hyderabad-pizzerias-sanath-nagar-hyderabad-180264/Home,ChIJTaw8XtuRyzsRzayye_zBX64,17.4567634,78.4381325,"Pizza Hut | Sanathnagar, Hyderabad","SKY Mall, Shehnai Function Hall, Main St, Czech Colony, Sanath Nagar, Hyderabad, Telangana 500018, India",17.4567634,78.4381325,OPERATIONAL,place_id
732,"Pizza Hut - Santosh Nagar, Hyderabad","Door No 9/7/211, Ground Floor, Santosh Nagar, Beside Yadagiri Theatre, Hyderabad, Telangana, India",500079,500059,No,Hyderabad,Telangana,086556 16152,https://restaurants.pizzahut.co.in/pizza-hut-santosh-nagar-pizzerias-santosh-nagar-hyderabad-258279/Home,ChIJ59OyE-yZyzsRUTuPel55Rtk,17.346403,78.508257,"Pizza Hut | Santosh Nagar, Hyderabad","Door No 9/7/211, Ground Floor, beside Yadagiri Theater, Yadagiri Nagar, Bhavani Nagar Colony, New Santoshnagar, Santosh Nagar, Hyderabad, Telangana 500059, India",17.346403,78.508257,OPERATIONAL,place_id
733,"Pizza Hut - Sarath City Capital Mall, Hyderabad","LGF, Sarath City Capital Mall, Whitefield,HITEC City,Kondapur, Gachibowli Miyapur Road, Hyderabad, Telangana, India",500084,500084,Yes,Hyderabad,Telangana,086556 89241,https://restaurants.pizzahut.co.in/pizza-hut-sarath-city-capital-mall-pizza-restaurant-kondapur-hyderabad-60339/Home,ChIJD4fXWfyTyzsRKM8LbJykGZs,17.457802,78.3638799,"Pizza Hut | Sarath City Capital Mall, Hyderabad","LGF, Sarath City Capital Mall Whitefield, Gachibowli - Miyapur Rd, Kondapur, Whitefields, HITEC City, Hyderabad, Telangana 500084, India",17.457802,78.3638799,OPERATIONAL,place_id
734,"Pizza Hut - Shivam road, Hyderabad","Flat No 103 & 203, SPICA Apartments, Bearing No 2/2/1130/8&8/A1, New Nallakunta, Hyderabad, Telangana, India",500044,500044,Yes,Hyderabad,Telangana,086556 16138,https://restaurants.pizzahut.co.in/pizza-hut-new-nallakunta-pizza-restaurant-new-nallakunta-hyderabad-98959/Home,ChIJJdSuwuCZyzsRGYU1Y3YCWh8,17.398825,78.512604,"Pizza Hut | Shivam road, Hyderabad","Flat No 103 & 203, SPICA Apartments Bearing, No 2/2/1130, 8&8/A1, Prashanti Nagar, New Nallakunta, Hyderabad, Telangana 500044, India",17.398825,78.512604,OPERATIONAL,place_id
735,"Pizza Hut - Suncity, Hyderabad","Plot No 10, Ground & 1st Floor, Suncity, Survey No 9/7, Hydershakote, Hyderabad, Telangana, India",500091,500091,Yes,Hyderabad,Telangana,098995 15079,https://restaurants.pizzahut.co.in/pizza-hut-ph-suncity-hyderabad-pizza-restaurant-hydershakote-hyderabad-121208/Home,ChIJAeaa6-uXyzsRyTR7eG5F-5g,17.366222,78.398017,"Pizza Hut | Suncity, Hyderabad","Plot No 10, Ground & 1st Floor, Suncity Survey, Street Number 9, Hydershakote, Bandlaguda Jagir, Telangana 500091, India",17.366222,78.398017,OPERATIONAL,place_id
736,"Pizza Hut - Toli Chowki, Hyderabad","8/1/301/303, 1st Floor, West World, Aziz Bagh Colony,D Block,Toli Chowki, Shaikpet Road, Hyderabad, Telangana, India",500008,500104,No,Hyderabad,Telangana,098991 87983,https://restaurants.pizzahut.co.in/pizza-hut-toli-chowki-pizza-restaurant-toli-chowki-hyderabad-105723/Home,ChIJp0hDUW6XyzsRDoy0rPa19Ic,17.4069552,78.4020448,"Pizza Hut | Toli Chowki, Hyderabad","8/1/301/303, 1st Floor, West World, D-Block, Shaikpet Rd, Aziz Bagh Colony, Toli Chowki, Hyderabad, Telangana 500104, India",17.4069552,78.4020448,OPERATIONAL,place_id
737,"Pizza Hut - Christian Colony Rd, Karimnagar","H No 3/1 & 347/1, Ground Floor, Christian Colony Road, Opposite HDFC Bank, Karimnagar, Telangana, India",505001,505001,Yes,Karimnagar,Telangana,086556 89236,https://restaurants.pizzahut.co.in/pizza-hut-ph-karimnagar-pizza-restaurant-christian-colony-road-karimnagar-118368/Home,ChIJK6vIsmLZzDsRP8VB1asfReg,18.443511,79.128103,"Pizza Hut | Christian Colony Rd, Karimnagar","H No 3/1 & 347/1, Ground Floor, Christian Colony Rd, opposite HDFC Bank, Christian Colony, Karimnagar, Telangana 505001, India",18.443511,79.128103,OPERATIONAL,place_id
738,"Pizza Hut - Ashok Nagar, Telangana","Shop No B/1, Sy No 21, 229 to 232,Gr Flr, Ramachandrapuram, Ashok Nagar, Opposite to Jyothi Theatre, Medak, Telangana, India",502302,502032,No,Medak,Telangana,1800 202 2022,https://restaurants.pizzahut.co.in/pizza-hut-ph-ashok-nagar-hyd-pizza-restaurant-ashok-nagar-medak-136182/Home,ChIJSzWilMOTyzsRxbeQq7p1Gn0,17.501845,78.311531,"Pizza Hut | Ashok Nagar, Telangana","Shop No B/1, Sy No 21, 229 to 232,Gr Flr, opposite to Jyothi Theatre, Ashok Nagar, Bharat Heavy Electricals Limited, Ramachandrapuram, Ramachandrapuram (BHEL Township), Telangana 502032, India",17.501845,78.311531,OPERATIONAL,place_id
739,"Pizza Hut - Bachupally, Hyderabad","G5 & G10, Sy No 267 & 269, Siri Estate, Bachupally, Gram Panchayat, Qutbullapur, Medchal Malkajgiri, Telangana, India",500055,500118,No,Medchal Malkajgiri,Telangana,089290 77623,https://restaurants.pizzahut.co.in/pizza-hut-qutbullapur-pizzerias-qutbullapur-medchal-malkajgiri-107790/Home,ChIJsyNUor6NyzsRBRupgEFVeIE,17.5277688,78.3665981,"Pizza Hut | Bachupally, Hyderabad","Sy No 267 & 269, Gram Panchayat, Siri Estate, G5 & G10, Qutbullapur, Bachupally, Hyderabad, Telangana 500118, India",17.5277688,78.36659809999999,OPERATIONAL,place_id
740,"Pizza Hut - Bollarum Road Kompally, Hyderabad","SN A1 & A2, DN 1/115/1, Karuna Arcade, Kompally, Medchal, Qutbullapur, Medchal Malkajgiri, Telangana, India",500055,500055,Yes,Medchal Malkajgiri,Telangana,086556 16147,https://restaurants.pizzahut.co.in/pizza-hut-pizza-hut-kompally-2-pizzerias-qutbullapur-medchal-malkajgiri-171698/Home,ChIJz02HQ1uFyzsRwltihhzjXmA,17.5428715,78.4918486,"Pizza Hut | Bollarum Road Kompally, Hyderabad","SN A1 & A2, Karuna Arcade, DN 1/115/1, Sai Nagar, Kompally, Secunderabad, Telangana 500055, India",17.5428715,78.4918486,OPERATIONAL,place_id
741,"Pizza Hut - Medchal Malkajgiri, Telangana","Plot No 1086 & 1087, Srinivasa Enclave, Gajularamaram, Medchal Malkajgiri, Telangana, India",500055,500055,Yes,Medchal Malkajgiri,Telangana,078350 47338,https://restaurants.pizzahut.co.in/pizza-hut-medchal-malkajgiri-telangana-in-telangana-medchal-malkajgiri-gajularamaram-21779/Home,ChIJy4N5_qGPyzsRfbdiMGmUVBo,17.5199628,78.4331545,"Pizza Hut | Medchal Malkajgiri, Telangana","Srinivasa Enclave, Plot No 1086 & 1087, Indira Nagar, Gajularamaram, Hyderabad, Telangana 500055, India",17.5199628,78.4331545,OPERATIONAL,place_id
742,"Pizza Hut - Clock Tower Road, Nalgonda","Sri Lakshmi Narasimha Swamy Colony, Main Road, Sai Sree Colony, Nalgonda, Telangana, India",508001,508001,Yes,Nalgonda,Telangana,097115 84724,https://restaurants.pizzahut.co.in/pizza-hut-ph-clock-tower-road-nalgonda-pizzerias-sai-sree-colony-nalgonda-185499/Home,ChIJt_sSSR8pyzsROvbIX1R1aIc,17.0643937,79.2654108,"Pizza Hut | Clock Tower Road, Nalgonda","Sri Lakshmi Narasimha Swamy Colony, Main Road, Sai Sree Colony, Sri Lakshmi Nagar Colony, Housing Board Colony, Nalgonda, Telangana 508001, India",17.0643937,79.2654108,OPERATIONAL,place_id
743,"Pizza Hut - Kapil Tower, Hyderabad","No 01, Sy No 115/1, ISB Road, Financial District, Gachibowli, Nanakramguda, Telangana, India",500032,500032,Yes,Nanakramguda,Telangana,089296 45685,https://restaurants.pizzahut.co.in/pizza-hut-nanakramguda-pizza-delivery-nanakramguda-hyderabad-1327/Home,ChIJA-t5h3-TyzsRgKIeUGwKrZM,17.4219008,78.3388496,"Pizza Hut | Kapil Tower, Hyderabad","No 01, Sy No 115/1, ISB Rd, Financial District, Gachibowli, Nanakramguda, Telangana 500032, India",17.4219008,78.3388496,OPERATIONAL,place_id
744,"Pizza Hut - Venu Mall, Nizamabad","Shop No F3, 1st Floor, Venu Mall, Hyderabad Rd, Phulong Bridge, Pragathi Ngr, Nizamabad, Telangana, India",503001,503003,No,Nizamabad,Telangana,098664 43581,https://restaurants.pizzahut.co.in/pizza-hut-ph-venu-mall-nizamabad-pizza-restaurant-pragathi-ngr-nizamabad-123742/Home,ChIJpzNFuvjbzTsRvNyApVUEgU0,18.6693807,78.1051114,"Pizza Hut | Venu Mall, Nizamabad","Shop No F3, 1st Floor, Venu Mall Hyderabad Rd, Phulong Bridge, Pragathi Nagar, Nizamabad, Telangana 503003, India",18.6693807,78.1051114,OPERATIONAL,place_id
745,"Pizza Hut - Khajaguda, Hyderabad","4, Divyashree Techridge Commercial Cplx, Lanco Hills IT Park, Khajaguda, Rangareddy, Telangana, India",500089,500089,Yes,Rangareddy,Telangana,098994 45714,https://restaurants.pizzahut.co.in/pizza-hut-ph-khajaguda-hyderabad-pizza-restaurant-khajaguda-rangareddy-136288/Home,ChIJjzlxZ9-VyzsRQoXYpZXZS-Y,17.4126814,78.3678487,"Pizza Hut | Khajaguda, Hyderabad","4, Divyashree Techridge Commercial Cplx Lanco Hills, Road No. 2, Khajaguda, Telangana 500089, India",17.4126814,78.3678487,OPERATIONAL,place_id
746,"Pizza Hut - Kokapet, Hyderabad","Plot No 1 to 4, Power Welfare Society, Phoenix Greens School Rd, Kokapet, Rangareddy, Telangana, India",500075,500075,Yes,Rangareddy,Telangana,089290 40190,https://restaurants.pizzahut.co.in/pizza-hut-ph-kokapet-hyderabad-pizza-restaurant-kokapet-rangareddy-125850/Home,ChIJL0PAN4-VyzsRYif5ggT00SA,17.3933274,78.340678,"Pizza Hut | Kokapet, Hyderabad","Plot No, 1 to 4, Phoenix Greens School Rd, Power Welfare Society, Kokapet, Hyderabad, Telangana 500075, India",17.3933274,78.340678,OPERATIONAL,place_id
747,"Pizza Hut - Lingampally, Hyderabad","Plot No 22, Ground Floor, Nallagandla Road, Serilingampally, Beside Caf, Rangareddy, Telangana, India",500019,500019,Yes,Rangareddy,Telangana,086556 16118,https://restaurants.pizzahut.co.in/pizza-hut-serilingampally-pizzerias-serilingampally-rangareddy-31962/Home,ChIJmXLJNM-TyzsRAgzqKO_2RHo,,,"Pizza Hut | Lingampally, Hyderabad","Ground Floor, Plot No 22, Nallagandla Rd, Gulmohar Park Colony, Serilingampalle (M), Telangana 500019, India",17.4795359,78.3160851,OPERATIONAL,text search
748,"Pizza Hut - Manikonda, Hyderabad","Plot No 35 & 36, Ground Floor, Lanco Hills, Manikonda, Beside Harivillu Apartments, Rangareddy, Telangana, India",500089,500089,Yes,Rangareddy,Telangana,086556 16120,https://restaurants.pizzahut.co.in/pizza-hut-manikonda-pizza-restaurant-manikonda-rangareddy-92134/Home,ChIJE0gPdjqVyzsRaNg_HyvkUT8,17.4069609,78.3834518,"Pizza Hut | Manikonda, Hyderabad","Plot No 35 & 36, Ground, Lanco Hills, beside Harivillu Apartments, Lakshmi Priya Nagar, Manikonda, Hyderabad, Telangana 500089, India",17.4069609,78.3834518,OPERATIONAL,place_id
749,"Pizza Hut - New Bowenpally, Secunderabad",,500011,500011,Yes,Secunderabad,Telangana,,https://restaurants.pizzahut.co.in/pizza-hut-new-bowenpally-secunderabad-in-telangana-secunderabad-new-bowenpally-53758/Home,ChIJzdpnfnebyzsRsT8qPJXEuIg,17.468779,78.481695,"Pizza Hut | New Bowenpally, Secunderabad","Survey no -130, Mullion. G.2, Mahalaxmi Apartments, Bapuji Nagar Rd, Ganesh Nagar Colony, New Bowenpally, Secunderabad, Telangana 500011, India",17.468779,78.481695,OPERATIONAL,place_id
750,"Pizza Hut - MG Road, Warangal","80, Gr, Sai Towers, H No 11/25/79, MG Road, Warangal, Telangana, India",506002,506002,Yes,Warangal,Telangana,086556 16130,https://restaurants.pizzahut.co.in/pizza-hut-mg-road-pizza-restaurant-mg-road-warangal-110341/Home,ChIJe1zLopRFMzoRIn2tdAhU4mo,17.9894582,79.5990781,"Pizza Hut | MG Road, Warangal","80, Gr, Sai Towers, H No 11/25/79, MGM Rd, Bank Colony, Auto Nagar, Kothawada, Warangal, Telangana 506002, India",17.9894582,79.5990781,OPERATIONAL,place_id
751,"Pizza Hut - Durga Bari Road, Agartala","Ground Floor, Palace Compound, Durgabari Road, Indranagar, Agartala, Tripura, India",799001,799001,Yes,Agartala,Tripura,097116 18638,https://restaurants.pizzahut.co.in/pizza-hut-ph-durgabari-road-agartala-pizzerias-indranagar-agartala-188983/Home,ChIJcZD2FsH1UzcRjkz_EiwAi68,23.8341928,91.2815583,"Pizza Hut | Durga Bari Road, Agartala","Ground Floor, Durga Bari Rd, Palace Compound, Indranagar, Agartala, Tripura 799001, India",23.8341928,91.2815583,OPERATIONAL,place_id
752,"Pizza Hut - Church Road, Agra","Ground Floor, Plot No 2/27, UG 2, Commercial Complex, Church Road, Agra, Uttar Pradesh, India",282002,282002,Yes,Agra,Uttar Pradesh,097116 25798,https://restaurants.pizzahut.co.in/pizza-hut-ph-church-road-agra-pizza-restaurant-church-road-agra-305342/Home,ChIJVWWYkZp3dDkR0WOWt2cbqDI,27.2025512,78.0034637,"Pizza Hut | Church Road, Agra","Ground Floor, Plot No 2/27, UG 2, Commercial Complex, Church Rd, Ramnagar Colony, Civil Lines, Agra, Uttar Pradesh 282002, India",27.2025512,78.0034637,OPERATIONAL,place_id
753,"Pizza Hut - Sikandra, Agra","Hotel Adhiraj Palace, Bodla Road,Sikandra, Opposite Kargil Petrol Pump, Agra, Uttar Pradesh, India",282007,282007,Yes,Agra,Uttar Pradesh,070650 00694,https://restaurants.pizzahut.co.in/pizza-hut-sikandra-pizza-delivery-sikandra-agra-1315/Home,ChIJJ8CMfI13dDkRNHfeLiUJzX8,27.2040506,77.9532879,Pizza Hut,"Adhiraj Palace, Hotel, Sikandra-Bodla Rd, opposite Kargil Petrol Pump, Near Kargil Petrol Pump, Suruchipuram Colony, Sikandra, Agra, Uttar Pradesh 282007, India",27.2040506,77.95328789999999,OPERATIONAL,place_id
754,"Pizza Hut – Yatri Fatehabad Road, Agra","Plot no 181/1, Ground Floor, Fatehbad Road, Near Hotel Amar, Yatri Niwas, Agra, Uttar Pradesh, India",282001,282001,Yes,Agra,Uttar Pradesh,0562 406 4051,https://restaurants.pizzahut.co.in/pizza-hut-tajganj-pizza-delivery-tajganj-agra-1195/Home,ChIJtyKgU1x3dDkRszifCj2HtzA,27.1615913,78.0344973,"Pizza Hut – Yatri Fatehabad Road, Agra","Ground Floor, Plot no 181/1, Fatehabad Rd, near Hotel Amar, Yatri Niwas, 15th Battallion PAC Quaters, Tajganj, Agra, Uttar Pradesh 282001, India",27.1615913,78.0344973,OPERATIONAL,place_id
755,"Pizza Hut - Marris Road, Aligarh","Saundra House, Marris Rd, Opposite Abdullah Girls College, Aligarh, Uttar Pradesh, India",202001,202001,Yes,Aligarh,Uttar Pradesh,097115 93853,https://restaurants.pizzahut.co.in/pizza-hut-marris-rd-pizza-restaurant-marris-rd-aligarh-1313/Home,ChIJOeLXz-qkdDkRCRvZMwBxOJI,27.8980465,78.0863072,"Pizza Hut | Marris Road, Aligarh","Saundra House, Marris Rd, opposite Amir Nishan Road, Janakpuri, Hem Chand Compound, Aligarh, Uttar Pradesh 202001, India",27.8980465,78.0863072,OPERATIONAL,place_id
756,"Pizza Hut - Civil Lines, Barabanki","Lucknow Faizabad Road, Civil Line, Awas Vikas Colony, Barabanki, Uttar Pradesh, India",225001,225001,Yes,Barabanki,Uttar Pradesh,089291 17011,https://restaurants.pizzahut.co.in/pizza-hut-ph-faizabad-road-barabanki-pizza-restaurant-awas-vikas-colony-barabanki-305355/Home,ChIJEcqILFhhmTkRYhJRfg_Sg_I,26.9231504,81.1767405,"Pizza Hut | Civil Lines, Barabanki","Lucknow Faizabad Road Civil Line, Awas Vikas Colony, Barabanki, Uttar Pradesh 225001, India",26.9231504,81.1767405,OPERATIONAL,place_id
757,"Pizza Hut - Phoenix United Mall, Bareilly","2nd Floor, Phoenix United Mall S43, Pilibhit Bypass Road, FCI Colony, Bareilly, Uttar Pradesh, India",243001,243122,No,Bareilly,Uttar Pradesh,097119 61536,https://restaurants.pizzahut.co.in/pizza-hut-pilibhit-by-pass-rd-pizza-restaurant-pilibhit-by-pass-rd-bareilly-1311/Home,ChIJn7ZlBo8GoDkREacWUd6JDtg,28.381981,79.4456189,"Pizza Hut | Phoenix United Mall, Bareilly","2nd Floor, Phoenix United Mall S43, Pilibhit Bypass Rd, Udyan Part 1, Ujjwal Phase - 1, FCI Colony, Bareilly, Uttar Pradesh 243122, India",28.3942442,79.4567359,OPERATIONAL,place_id
758,"Pizza Hut - D M Road, Bullandshahr","No 4/C15, Awas Vikas 1, Devpuri 2, DM Road, DM Colony, Bulandshahr, Uttar Pradesh, India",203001,203001,Yes,Bulandshahr,Uttar Pradesh,097113 99684,https://restaurants.pizzahut.co.in/pizza-hut-ph-dm-road-bulandshahr-pizzerias-dm-colony-bulandshahr-185310/Home,ChIJW4Fi_xShDDkR3SBEBFsUqs4,28.4155799,77.8459887,"Pizza Hut | D M Road, Bullandshahr","No 4/C15, Awas Vikas 1, DM Rd, DM Colony, Devpuri 2, Bulandshahr, Uttar Pradesh 203001, India",28.4155799,77.84598869999999,OPERATIONAL,place_id
759,"Pizza Hut - Eastern Peripheral Expy, Chakarpur",,201206,201206,Yes,Chakarpur,Uttar Pradesh,,https://restaurants.pizzahut.co.in/pizza-hut-eastern-peripheral-expy-chakarpur-in-uttar-pradesh-chakarpur-milakmilk-chakarpur-73289/Home,ChIJFeavkgT3DDkR5p8pSXfAXsI,28.772289,77.449425,"Pizza Hut | Eastern Peripheral Expy, Chakarpur","Kiosk 5A, Food Court PATH Recharge, BP, 1, Eastern Peripheral Expy, Chakarpur, Milak/Milk Chakarpur, Uttar Pradesh 201206, India",28.772289,77.44942499999999,OPERATIONAL,place_id
760,"Pizza Hut - Mall of Avadh, Ayodhya","Shop No G3, Mall of Avadh, Shakti Vihar Colony, Naharbagh, Faizabad, Uttar Pradesh, India",224001,224001,Yes,Faizabad,Uttar Pradesh,098990 74550,https://restaurants.pizzahut.co.in/pizza-hut-ph-mall-of-avadh-ayodhya-pizzerias-naharbagh-faizabad-275645/Home,ChIJcc_POJwHmjkRr_sSNnSSxYM,26.7840856,82.1443942,"Pizza Hut | Mall of Avadh, Ayodhya","Shop No G3, Mall of Avadh, Naharbagh, Shakti Vihar Colony, Faizabad, Uttar Pradesh 224001, India",26.7840856,82.1443942,OPERATIONAL,place_id
761,"Pizza Hut - Salarpur, Gajraula","Food Court, NH 24, Moradabad Delhi Highway, JP Ngr, Salarpur, Gajraula, Uttar Pradesh, India",244235,244235,Yes,Gajraula,Uttar Pradesh,089290 36583,https://restaurants.pizzahut.co.in/pizza-hut-ph-salarpur-gajraula-pizzerias-salarpur-gajraula-259072/Home,ChIJE1_X_jR1CzkR02JYHvh_ZOg,28.8375791,78.2757381,"Pizza Hut | Salarpur, Gajraula","Food Court, NH 24, Moradabad Delhi Highway, JP Ngr, Salarpur, Gajraula, Chaubara, Uttar Pradesh 244235, India",28.8375791,78.2757381,OPERATIONAL,place_id
762,Pizza Hut - Yamuna Express Way,"Permanent Facility Complex, Food Court,Yamuna Express Way, Near Bikano, Gautam Buddha Nagar, Uttar Pradesh, India",203201,203201,Yes,Gautam Buddha Nagar,Uttar Pradesh,1800 202 2022,https://restaurants.pizzahut.co.in/pizza-hut-yamuna-express-way-pizzerias-yamuna-express-way-gautam-buddha-nagar-6143/Home,ChIJ8055mjDHDDkRNL8pj0QevcY,28.3659644,77.531509,Pizza Hut | Yamuna Express Way,"Permanent Facility Complex, Food Court, Yamuna Expy, near Bikano, Jaypee Sports City, Sector 25, Salarpur, Uttar Pradesh 203201, India",28.3659644,77.531509,OPERATIONAL,place_id
763,"Pizza Hut - Crossing Republic, Ghaziabad","Shop No 7, Paramount Symphony, Crossing Republik, Ghaziabad, Uttar Pradesh, India",201016,201016,Yes,Ghaziabad,Uttar Pradesh,089290 26716,https://restaurants.pizzahut.co.in/pizza-hut-crossing-republik-pizza-delivery-crossing-republik-ghaziabad-1244/Home,ChIJZZuPkzvuDDkR2r7EGkvB1sk,28.6289781,77.4403008,"Pizza Hut | Crossing Republic, Ghaziabad","Shop No 7, Paramount Symphony, Crossings Republik, Ghaziabad, Uttar Pradesh 201016, India",28.6289781,77.4403008,OPERATIONAL,place_id
764,"Pizza Hut - East Delhi Mall, Delhi","UN 21 & 22, 3rd Flr, East Delhi Mall, PN 1, Kaushambi Rd, Kaushambi, Near Anand Vihar, Ghaziabad, Uttar Pradesh, India",201001,201010,No,Ghaziabad,Uttar Pradesh,089290 39798,https://restaurants.pizzahut.co.in/pizza-hut-ph-edm-ghaziabad-pizza-restaurant-kaushambi-ghaziabad-169710/Home,ChIJAXcu10f7DDkRky73Rj1RPiI,28.641399,77.3169669,"Pizza Hut | East Delhi Mall, Delhi","UN 21 & 22, 3rd Flr, East Delhi Mall, PN 1, Kaushambi Rd, near Anand Vihar, Anand Vihar, Kaushambi, Ghaziabad, Uttar Pradesh 201010, India",28.641399,77.3169669,OPERATIONAL,place_id
765,"Pizza Hut - Gaur Mall, Greater Noida","No C/01B/GH/01, 3rd Flr, Gaur City Mall, Sector 04, Ghaziabad, Uttar Pradesh, India",201009,201318,No,Ghaziabad,Uttar Pradesh,070650 11332,https://restaurants.pizzahut.co.in/pizza-hut-sector-04-pizzerias-sector-04-ghaziabad-81394/Home,ChIJV1MAVKPvDDkRz3KkZ16m_xk,28.6058809,77.4302441,"Pizza Hut | Gaur Mall, Greater Noida","GH/01, 3rd, Gaur City, No C/01B, Mall Sector 04, Gaur City 1, Sector 4, Ghaziabad, Uttar Pradesh 201318, India",28.6058809,77.4302441,OPERATIONAL,place_id
766,"Pizza Hut - Jaipuria Mall, Ghaziabad","Shop No H6B, UGF, Jaipuria Sunrise Plaza, Plot No 12A, Ahinsa Khand 2, Indirapuram, Ghaziabad, Uttar Pradesh, India",201014,201014,Yes,Ghaziabad,Uttar Pradesh,083769 05285,https://restaurants.pizzahut.co.in/pizza-hut-indirapuram-pizza-restaurant-indirapuram-ghaziabad-104906/Home,ChIJz1nnLS_7DDkRGSJo3zU66dg,28.6404874,77.3783076,"Pizza Hut | Jaipuria Mall, Ghaziabad","Shop No H6B, UGF, Jaipuria Sunrise Plaza Plot No 12A, Ahinsa Khand 2, Indirapuram, Ghaziabad, Uttar Pradesh 201014, India",28.6404874,77.3783076,OPERATIONAL,place_id
767,"Pizza Hut - Opulent Mall, Ghaziabad","No C115, Grand Trunk Rd, Gandhi Nagar, Nehru Nagar, Ghaziabad, Uttar Pradesh, India",201001,201001,Yes,Ghaziabad,Uttar Pradesh,098990 67569,https://restaurants.pizzahut.co.in/pizza-hut-ph-opulent-mall-ghaziabad-pizzerias-nehru-nagar-ghaziabad-274265/Home,ChIJB1s0nbjxDDkRnhaE6cUwLlU,28.6541823,77.4367867,"Pizza Hut | Opulent Mall, Ghaziabad","C115, Grand Trunk Rd, New Gandhi Nagar, Gandhi Nagar, Nehru Nagar III, Nehru Nagar, Ghaziabad, Uttar Pradesh 201001, India",28.6541823,77.4367867,OPERATIONAL,place_id
768,Pizza Hut - RDC Ghaziabad,"Shop No D 24, RDC, Raj Nagar, Ghaziabad, Uttar Pradesh, India",201012,201012,Yes,Ghaziabad,Uttar Pradesh,1800 202 2022,https://restaurants.pizzahut.co.in/pizza-hut-raj-nagar-pizza-restaurant-raj-nagar-ghaziabad-1242/Home,ChIJz46VvbvxDDkRBhIVCb1vsd4,28.6737313,77.4400778,Pizza Hut | RDC Ghaziabad,"Shop No D, 24, RDC, RDC, Block 1, P & T Colony, Raj Nagar, Ghaziabad, Uttar Pradesh 201012, India",28.6737313,77.4400778,OPERATIONAL,place_id
769,"Pizza Hut - Shakti Khand 2, Indirapuram",,201014,201014,Yes,Ghaziabad,Uttar Pradesh,,https://restaurants.pizzahut.co.in/pizza-hut-shakti-khand-2-indirapuram-in-uttar-pradesh-ghaziabad-indirapuram-76430/Home,ChIJD6j353P7DDkRgQkte_V5Hmg,28.645584,77.376816,"Pizza Hut | Shakti Khand 2, Indirapuram","Yosadha Medicity Hospital, Plot, Niti Khand 3, Shakti Khand 2, Indirapuram, Ghaziabad, Uttar Pradesh 201014, India",28.645584,77.37681599999999,OPERATIONAL,place_id
770,"Pizza Hut - Shipra Mall Indirapuram, Ghaziabad","FC 6 & 7, 2nd Floor, Shipra Mall, Vaibhav Khand, Indrapuram, Ghaziabad, Uttar Pradesh, India",201014,201014,Yes,Ghaziabad,Uttar Pradesh,085279 77880,https://restaurants.pizzahut.co.in/pizza-hut-ph-shipra-mall-indrapuram-pizza-restaurant-indrapuram-ghaziabad-172139/Home,ChIJK7zR8EflDDkRbEvzcJ5ZMpA,28.6340535,77.3703261,"Pizza Hut | Shipra Mall Indirapuram, Ghaziabad","FC 6 & 7, 2nd Floor, Shipra Mall, Vaibhav Khand, Indirapuram, Ghaziabad, Uttar Pradesh 201014, India",28.6340535,77.3703261,OPERATIONAL,place_id
771,"Pizza Hut - VVIP Mall, Ghaziabad","Shop No F109, F110 & F111, VVIP Style, Raj Nagar Extn, NH 8, Raj Nagar Extension, Ghaziabad, Uttar Pradesh, India",201001,201003,No,Ghaziabad,Uttar Pradesh,098994 35778,https://restaurants.pizzahut.co.in/pizza-hut-nh-8-pizza-restaurant-nh-8-ghaziabad-23568/Home,ChIJs2pLvQPxDDkRXNER8Ym-HS8,28.6971672,77.4287333,"Pizza Hut | VVIP Mall, Ghaziabad","Shop No F109, F110 & F111, VVIP Style, Raj Nagar Extn, NH 8, Raj Nagar Extension, Ghaziabad, Uttar Pradesh 201003, India",28.6971672,77.42873329999999,OPERATIONAL,place_id
772,"Pizza Hut - Vaishali, Ghaziabad","Ground Floor, Shopprix Mall Vaishali, No 127/128, Sector 5, Vaishali, Ghaziabad, Uttar Pradesh, India",201010,201019,No,Ghaziabad,Uttar Pradesh,098994 46704,https://restaurants.pizzahut.co.in/pizza-hut-vaishali-sector-5-pizza-restaurant-vaishali-sector-5-ghaziabad-1440/Home,ChIJ_9VCDtH6DDkRRyHEcGmG3Fg,28.6428066,77.3409402,"Pizza Hut | Vaishali, Ghaziabad","Ground Floor, Shopprix Mall Vaishali, No 127/128, Sector 5, Vaishali, Ghaziabad, Uttar Pradesh 201019, India",28.6428066,77.34094019999999,OPERATIONAL,place_id
773,"Pizza Hut - Vasundhara, Ghaziabad","PN 12, No 512, GF, Maharaja Agarsain Marg, Sector 12, Vasundhara, Ghaziabad, Uttar Pradesh, India",201012,201012,Yes,Ghaziabad,Uttar Pradesh,084472 23168,https://restaurants.pizzahut.co.in/pizza-hut-ph-sector-12-vasundhara-pizza-restaurant-sector-12-ghaziabad-125848/Home,ChIJ-8_J4f_7DDkRnOKFQwP6BfU,28.658403,77.364979,"Pizza Hut | Vasundhara, Ghaziabad","PN 12, No 512, GF, Maharaja Agarsain Marg, Sector 12, Vasundhara, Ghaziabad, Uttar Pradesh 201012, India",28.658403,77.36497899999999,OPERATIONAL,place_id
774,"Pizza Hut - World Square Mall, Ghaziabad","Anchor 1B, PN 160, GF, World Square Mall, Katori Mill, Mohan Nagar, Sahibabad, Ghaziabad, Uttar Pradesh, India",201002,201007,No,Ghaziabad,Uttar Pradesh,093196 84884,https://restaurants.pizzahut.co.in/pizza-hut-mohan-nagar-pizza-restaurant-mohan-nagar-ghaziabad-1439/Home,ChIJFUpdzX7wDDkR_sW02073sp4,28.6788416,77.3818149,"Pizza Hut | World Square Mall, Ghaziabad","Anchor 1B, PN 160, GF, World Square Mall, Katori Mill, Loni Industrial Area, Mohan Nagar, Sahibabad, Ghaziabad, Uttar Pradesh 201007, India",28.6788416,77.3818149,OPERATIONAL,place_id
775,"Pizza Hut - City Mall, Gorakhpur","Shop No 7, 2nd Floor, City Mall, Food Court, Park Rd,Golghar, Civil Lines, Gorakhpur, Uttar Pradesh, India",273001,273001,Yes,Gorakhpur,Uttar Pradesh,095826 21760,https://restaurants.pizzahut.co.in/pizza-hut-civil-lines-pizza-restaurant-civil-lines-gorakhpur-98971/Home,ChIJPb52shZFkTkRb1qgmGpld8Q,26.7535303,83.3750322,"Pizza Hut | City Mall, Gorakhpur","Shop No 7, 2nd Floor, City Mall, Food Court, Park Rd,Golghar, Civil Lines, Gorakhpur, Uttar Pradesh 273001, India",26.7535303,83.37503219999999,OPERATIONAL,place_id
776,"Pizza Hut - Medical Road, Gorakhpur","Shop No 613/1, UGF, Rapti Complex, Medical College Road, Asuran Chowk, Gorakhpur, Uttar Pradesh, India",273006,273006,Yes,Gorakhpur,Uttar Pradesh,089296 06483,https://restaurants.pizzahut.co.in/pizza-hut-ph-medical-road-gorakhpur-pizza-restaurant-asuran-chowk-gorakhpur-139620/Home,ChIJ0zmjb2JFkTkRgDna_ozm3PQ,26.7721933,83.3821467,"Pizza Hut | Medical Road, Gorakhpur","Shop No 613/1, UGF, Rapti Complex, Medical College Road, asuran chowk, B Colony Shahpur, Gorakhpur, Uttar Pradesh 273006, India",26.7721933,83.38214669999999,OPERATIONAL,place_id
777,"Pizza Hut - Ramghar Tal, Gorakhpur",,273010,273017,No,Gorakhpur,Uttar Pradesh,,https://restaurants.pizzahut.co.in/pizza-hut-ramghar-tal-gorakhpur-in-uttar-pradesh-gorakhpur-ramghar-tal-21903/Home,ChIJtUBjvKlDkTkRO6t3uqoWpB8,26.724861,83.395751,"Pizza Hut | Ramghar Tal, Gorakhpur","Nauka Vihar, Buddha Vihar Rd, Rail Vihar Colony Phase 3rd, Ramghar Tal, Gorakhpur, Uttar Pradesh 273017, India",26.724861,83.39575099999999,OPERATIONAL,place_id
778,"Pizza Hut - Galaxy Blue Sapphire Plaza, Noida","UN G3C, GF, Galaxy Blue Sapphire Plaza, Plot No C03, Sector 4, Greater Noida, Uttar Pradesh, India",201016,201016,Yes,Greater Noida,Uttar Pradesh,070650 12129,https://restaurants.pizzahut.co.in/pizza-hut-sector-4-pizza-restaurant-sector-4-greater-noida-105241/Home,ChIJFcThNTnvDDkRguVh8cJLZJU,28.6079747,77.4369601,"Pizza Hut | Galaxy Blue Sapphire Plaza, Noida","UN G3C, GF, Galaxy Blue Sapphire Plaza, Plot No C03, Haibatpur, Sector 4, Greater Noida, Ghaziabad, Uttar Pradesh 201016, India",28.6079747,77.4369601,OPERATIONAL,place_id
779,"Pizza Hut - Grand Venice Mall, Noida","Site 4, The Grand Venice Mall, Plot No SH3, near Pari Chowk, Greater Noida, Uttar Pradesh, India",201308,201315,No,Greater Noida,Uttar Pradesh,089290 36547,https://restaurants.pizzahut.co.in/pizza-hut-ph-grand-venice-greater-noida-pizzerias-greater-noida-greater-noida-188982/Home,ChIJP2Cnid3BDDkR8Nl_qsbkamk,28.4525993,77.5263184,"Pizza Hut | Grand Venice Mall, Noida","Site 4, The Grand Venice Mall, Plot No SH3, near Pari Chowk, Block B, Industrial Area, Surajpur Site 4, Greater Noida, Uttar Pradesh 201315, India",28.4525993,77.5263184,OPERATIONAL,place_id
780,"Pizza Hut - IThums Galleria, Greater Noida","No 3, Plot No C, IThums Galleria, Block I, Commercial Belt, Sector Alpha 2, Greater Noida, Uttar Pradesh, India",201310,201310,Yes,Greater Noida,Uttar Pradesh,089290 39789,https://restaurants.pizzahut.co.in/pizza-hut-ithums-galleria-in-uttar-pradesh-greater-noida-sector-alpha-2-42314/Home,ChIJWwXQPMfrDDkRVqeWbAhsBQI,28.4776398,77.5233058,"Pizza Hut | IThums Galleria, Greater Noida","No 3, IThums Galleria, Plot No C, Alpha-II Commercial Belt, Block I, Sector Alpha II, Greater Noida, Brahmpur Rajraula Urf Nawada, Uttar Pradesh 201310, India",28.4776398,77.52330580000002,OPERATIONAL,place_id
781,"Pizza Hut - India Expo Plaza, Greater Noida","India Expo Plaza, Plot No C 03 & 04, Sector, Knowledge Park II, Greater Noida, Uttar Pradesh, India",201310,201310,Yes,Greater Noida,Uttar Pradesh,097110 93693,https://restaurants.pizzahut.co.in/pizza-hut-india-expo-plaza-greater-noida-in-uttar-pradesh-greater-noida-knowledge-park-ii-35471/Home,ChIJQV3TKbLBDDkRKHQVMw3px_Q,28.4572141,77.4991384,"Pizza Hut | India Expo Plaza, Greater Noida","India Expo Plaza, Plot No C 03 & 04, Sector, Knowledge Park II, Greater Noida, Uttar Pradesh 201310, India",28.4572141,77.49913839999999,OPERATIONAL,place_id
782,"Pizza Hut - Omaxe CP, Noida","Omaxe Connaught Place, Sector Beta 2, Greater Noida, Uttar Pradesh, India",201306,201310,No,Greater Noida,Uttar Pradesh,098996 12636,https://restaurants.pizzahut.co.in/pizza-hut-sector-beta-2-pizzerias-sector-beta-2-greater-noida-31898/Home,ChIJ74SLJOrrDDkRgNeOGglwiS8,,,"Pizza Hut | Omaxe CP, Noida","Omaxe Connaught Place Sector, Beta 2 Rd, Block H, Beta II, Greater Noida, Uttar Pradesh 201310, India",28.487921,77.5143657,OPERATIONAL,text search
783,"Pizza Hut - Arjun Nagar, Hapur","No G1, No A2, A2a, A4, A4a, A3 & A3a, Hapur Road, Rafiq Nagar, Hapur, Uttar Pradesh, India",245101,245101,Yes,Hapur,Uttar Pradesh,089291 16123,https://restaurants.pizzahut.co.in/pizza-hut-ph-arjun-nagar-hapur-pizza-restaurant-rafiq-nagar-hapur-173916/Home,ChIJ8QIy8nuFDDkRzTYjz8WL47M,28.7278932,77.7609123,"Pizza Hut | Arjun Nagar, Hapur","No G1, No A2, A2a, A4, A4a, A3 & A3a, Hapur Rd, Rafiq Nagar, Hapur, Jasrup Nagar, Uttar Pradesh 245101, India",28.7278932,77.7609123,OPERATIONAL,place_id
784,"Pizza Hut - Civil Lines, Jhansi","No 943, Om Complex, Shivpuri Road, Civil lines, Jhansi, Uttar Pradesh, India",284001,284001,Yes,Jhansi,Uttar Pradesh,070650 09096,https://restaurants.pizzahut.co.in/pizza-hut-civil-lines-pizza-delivery-civil-lines-jhansi-1321/Home,ChIJ1af1NdVwdzkR2DpIHchm3pA,25.4495298,78.5656651,"Pizza Hut | Civil Lines, Jhansi","No 943, Om Complex, Shivpuri - Jhansi Rd, Civil Lines, Jhansi, Uttar Pradesh 284001, India",25.4495298,78.56566509999999,OPERATIONAL,place_id
785,"Pizza Hut - Medical Road, Jhansi","No 265, NH 25, Medical Road, Bundelkhand University, Jhansi, Uttar Pradesh, India",284128,284128,Yes,Jhansi,Uttar Pradesh,095068 27040,https://restaurants.pizzahut.co.in/pizza-hut-ph-medical-road-jhansi-pizza-restaurant-medical-road-jhansi-169709/Home,ChIJHSniXQR3dzkRV7UiEtjciVM,25.4556052,78.6117406,"Pizza Hut | Medical Road, Jhansi","No 265, NH 25, Medical College Road, Bundelkhand University, Jhansi, Uttar Pradesh 284128, India",25.4556052,78.61174059999999,OPERATIONAL,place_id
786,"Pizza Hut - Gurudev Palace, Kanpur","Gaurav Palace, 117/483Q Sharda Nagar, GT రోడ్డు, Lakhanpur, Kanpur, Uttar Pradesh, India",208024,208024,Yes,Kanpur,Uttar Pradesh,097116 01969,https://restaurants.pizzahut.co.in/pizza-hut-ph-gurdev-palace-sharda-nagar-pizzerias-lakhanpur-kanpur-185417/Home,ChIJUQKqTPE5nDkRM8uF1Pub-rE,26.4905993,80.2850024,"Pizza Hut | Gurudev Palace, Kanpur","Gaurav Palace, 117/483Q Sharda Nagar, GT రోడ్డు, Lakhanpur, Sharda Nagar, Kanpur, Uttar Pradesh 208024, India",26.4905993,80.2850024,OPERATIONAL,place_id
787,"Pizza Hut - Saket Nagar, Kanpur","No 127/195 & W1, Juhi Kalan, Saket Nagar, Kanpur, Uttar Pradesh, India",208014,208014,Yes,Kanpur,Uttar Pradesh,084473 18378,https://restaurants.pizzahut.co.in/pizza-hut-ph-saket-nagar-kanpur-pizza-restaurant-saket-nagar-kanpur-127817/Home,ChIJxZMuf4JHnDkRSNrJwWfP0YI,26.435299,80.3087784,"Pizza Hut | Saket Nagar, Kanpur","No 127/195 &, W-1, Juhi Kalan, Saket Nagar, Kanpur, Uttar Pradesh 208014, India",26.435299,80.3087784,OPERATIONAL,place_id
788,"Pizza Hut - Square Mall, Kanpur","No 8 to 10, 3rd Floor, Z Square Mall, MG Road, Kanpur, Uttar Pradesh, India",208001,208001,Yes,Kanpur,Uttar Pradesh,089290 33534,https://restaurants.pizzahut.co.in/pizza-hut-mg-road-pizza-restaurant-mg-road-kanpur-1320/Home,ChIJK_lXTqY4nDkRzBipuWmk8oo,26.4732966,80.3526322,"Pizza Hut | Square Mall, Kanpur","3rd, Zsquare, No 8 to 10, Mall MG Road, Civil Lines, Kanpur, Uttar Pradesh 208001, India",26.4732966,80.3526322,OPERATIONAL,place_id
789,"Pizza Hut - Mansurpur, Khatauli",,251203,251203,Yes,Khatauli,Uttar Pradesh,,https://restaurants.pizzahut.co.in/pizza-hut-mansurpur-khatauli-in-uttar-pradesh-khatauli-mansurpur-99721/Home,ChIJyy3YVOcRDDkRmlHEOEp3qek,29.344276,77.715934,"Pizza Hut | Mansurpur, Khatauli","NH 58, Delhi - Haridwar Rd, near 104 Km Mile Stone, Mansurpur, Khatauli, Uttar Pradesh 251203, India",29.344276,77.71593399999999,OPERATIONAL,place_id
790,"Pizza Hut - Antas Mall, Lucknow","No CP 1/23, Antas Mall, Vardhan Khand, Gomti Nagar Extn, Sector 1, Lucknow, Uttar Pradesh, India",226010,226010,Yes,Lucknow,Uttar Pradesh,097116 73173,https://restaurants.pizzahut.co.in/pizza-hut-ph-antas-mall-lucknow-pizzerias-gomti-nagar-extn-sector-1-lucknow-188979/Home,ChIJuztjAmPjmzkRwjyIO9Fd3ZI,26.8362249,81.0020364,"Pizza Hut | Antas Mall, Lucknow","No CP 1/23, Antas Mall, Vardan Khand, Extn, Sector 1, Gomti Nagar, Lucknow, Uttar Pradesh 226010, India",26.8362249,81.0020364,OPERATIONAL,place_id
791,"Pizza Hut - Awadh Mall, Lucknow","FC 1,SN 15 & 16, One Awadh Centre, Gomti Nagar,Vibhuti Khand, Lucknow, Uttar Pradesh, India",226016,226010,No,Lucknow,Uttar Pradesh,070650 05799,https://restaurants.pizzahut.co.in/pizza-hut-vibhuti-khand-pizza-restaurant-vibhuti-khand-lucknow-22457/Home,ChIJ206vwOrimzkRgI4h2nF_OCs,26.8624368,81.0102322,"Pizza Hut | Awadh Mall, Lucknow","SN 15 & 16, One Awadh Centre, FC 1, Vibhuti Khand, Gomti Nagar, Lucknow, Uttar Pradesh 226010, India",26.8624274,81.010279,OPERATIONAL,place_id
792,"Pizza Hut - Burlington, Lucknow","Ground & 1st Floor, Vidhan Sabha Marg, Burlington Crossing, Lucknow, Uttar Pradesh, India",226001,226001,Yes,Lucknow,Uttar Pradesh,073033 61146,https://restaurants.pizzahut.co.in/pizza-hut-ph-burglition-crossing-lucknow-pizza-restaurant-burlington-crossing-lucknow-322888/Home,ChIJnfF14nf9mzkR-QOwh5EbKEw,26.8406047,80.9367533,"Pizza Hut | Burlington, Lucknow","Ground & 1st Floor, Vidhan Sabha Marg, Burlington Crossing, Ghasyari Mandi, Aminabad, Lucknow, Uttar Pradesh 226001, India",26.8406047,80.93675329999999,OPERATIONAL,place_id
793,"Pizza Hut - Crown Mall, Lucknow","Unit No FC 12, 2nd Floor, Crown Mall, Plot No 22, Faizabad Road, Opposite BBD College, Lucknow, Uttar Pradesh, India",226028,226028,Yes,Lucknow,Uttar Pradesh,070650 11822,https://restaurants.pizzahut.co.in/pizza-hut-faizabad-road-pizza-restaurant-faizabad-road-lucknow-98969/Home,ChIJz05O113jmzkRBgo7hfXfnlg,26.8887041,81.055531,"Pizza Hut | Crown Mall, Lucknow","Unit No FC 12, 2nd Floor, Crown Mall, Plot No 22, Faizabad Rd, opposite BBD College, Lucknow, Semra, Uttar Pradesh 226028, India",26.8887041,81.05553100000002,OPERATIONAL,place_id
794,"Pizza Hut - Emrald Mall, Lucknow","2nd Floor, Food Court, Emerald Mall, LDA Colony, Sector D1, Lucknow, Uttar Pradesh, India",226012,226012,Yes,Lucknow,Uttar Pradesh,089290 35798,https://restaurants.pizzahut.co.in/pizza-hut-emrald-mall-lucknow-in-uttar-pradesh-lucknow-sector-d1-77004/Home,ChIJB9hDt_H9mzkRTXAnDCHcBbk,26.7879248,80.9105946,"Pizza Hut | Emrald Mall, Lucknow","2nd Floor, Emerald Mall, Food Court, Sector D1, LDA Colony, Lucknow, Uttar Pradesh 226012, India",26.7879248,80.9105946,OPERATIONAL,place_id
795,"Pizza Hut - Engineering College Road Aliganj, Lucknow","No 36, Jankipuram, Engineering College Rd, Aliganj, Sector A, Lucknow, Uttar Pradesh, India",226021,226021,Yes,Lucknow,Uttar Pradesh,084471 07541,https://restaurants.pizzahut.co.in/pizza-hut-ph-engineering-college-road-aliganj-pizza-restaurant-aliganj-sector-a-lucknow-129772/Home,ChIJ_VYqMh5XmTkRWN1SkiS8Qsw,26.9087349,80.9449058,"Pizza Hut | Engineering College Road Aliganj, Lucknow","36, Jankipuram, Engineering College Rd, Sector A, Aliganj, Lucknow, Uttar Pradesh 226021, India",26.9087349,80.9449058,OPERATIONAL,place_id
796,"Pizza Hut - Gomti Nagar, Lucknow","CP 198, Viraj Khand, Gomti Nagar, Lucknow, Uttar Pradesh, India",226010,226010,Yes,Lucknow,Uttar Pradesh,091207 56497,https://restaurants.pizzahut.co.in/pizza-hut-gomti-nagar-pizza-restaurant-gomti-nagar-lucknow-26833/Home,ChIJJbezo5PjmzkRF0w-g2RsErQ,26.8544824,81.0226069,"Pizza Hut | Gomti Nagar, Lucknow","CP 198, Viraj Khand-4, Viraj Khand, Gomti Nagar, Lucknow, Uttar Pradesh 226010, India",26.8544824,81.0226069,OPERATIONAL,place_id
797,"Pizza Hut - Lulu Mall, Lucknow","2nd Floor, Food Court, Lulu Mall, Amar Shaheed Path, Golf City, Lucknow, Uttar Pradesh, India",226030,226030,Yes,Lucknow,Uttar Pradesh,091512 02082,https://restaurants.pizzahut.co.in/pizza-hut-ph-lulu-mall-lucknow-pizza-restaurant-golf-city-lucknow-172021/Home,ChIJk8qQzxblmzkRDzJb9glL1qc,26.783913,80.990711,"Pizza Hut | Lulu Mall, Lucknow","2nd Floor, Food Court, Lulu Mall, Amar Shaheed Path, Golf City, Lucknow, Hariharpur, Uttar Pradesh 226030, India",26.783913,80.99071099999999,OPERATIONAL,place_id
798,"Pizza Hut - Phoenix Palassio Mall, Lucknow","SN S19, 2nd Floor, Phoenix Palassio Mall, Ardonamau, Gomti Nagar, Sector 7, Near Ekana Cricket Stadium, Lucknow, Uttar Pradesh, India",226002,226002,Yes,Lucknow,Uttar Pradesh,089295 93716,https://restaurants.pizzahut.co.in/pizza-hut-gomti-nagar-sector-7-pizza-restaurant-gomti-nagar-sector-7-lucknow-98968/Home,ChIJ2QU8dELjmzkRiCT0bC5ONt4,26.80862,81.012776,"Pizza Hut | Phoenix Palassio Mall, Lucknow","SN S19, 2nd Floor, Phoenix Palassio Mall Ardonamau, Gomti Nagar Rd, near Ekana Cricket Stadium, Sector-7, Lucknow, Ardonamau, Uttar Pradesh 226002, India",26.80862,81.012776,OPERATIONAL,place_id
799,"Pizza Hut - Phoenix United, Lucknow","FC 15, 4th Flr, Phoenix United Mall, LDA Colony, Kanpur Rd, Alambagh, Sector B, Bargawan, Lucknow, Uttar Pradesh, India",226012,226012,Yes,Lucknow,Uttar Pradesh,089295 93717,https://restaurants.pizzahut.co.in/pizza-hut-ph-phoenix-united-mall-lucknow-pizza-restaurant-alambagh-sector-b-lucknow-108233/Home,ChIJGxTDdU7_mzkROL5U2RNagkQ,26.7988836,80.8965619,"Pizza Hut | Phoenix United, Lucknow","FC 15, 4th Flr, Phoenix United Mall LDA Colony, Kanpur Rd, Sector B, Bargawan, Alambagh, Lucknow, Uttar Pradesh 226012, India",26.7988836,80.8965619,OPERATIONAL,place_id
800,"Pizza Hut - Saharaganj Mall, Lucknow","SN 416, 4th Floor, Saharaganj Mall, Shahnajaf Road, Lucknow, Uttar Pradesh, India",226001,226001,Yes,Lucknow,Uttar Pradesh,070650 00438,https://restaurants.pizzahut.co.in/pizza-hut-shahnajaf-road-pizza-delivery-shahnajaf-road-lucknow-1260/Home,ChIJD_ouuQv9mzkR71DS4lB-kTw,26.8554802,80.9453891,"Pizza Hut | Saharaganj Mall, Lucknow","4th Floor, Saharaganj Mall, SN 416, Shahnajaf Rd, Prem Nagar, Hazratganj, Lucknow, Uttar Pradesh 226001, India",26.8554802,80.9453891,OPERATIONAL,place_id
801,"Pizza Hut - Thakurganj, Lucknow","No 439 B/065, Manjutandon Chauraha, Thakurganj, Near Tondon Marg, Lucknow, Uttar Pradesh, India",226003,226003,Yes,Lucknow,Uttar Pradesh,097117 81698,https://restaurants.pizzahut.co.in/pizza-hut-ph-thakurganj-chowk-lucknow-pizzerias-thakurganj-lucknow-197663/Home,ChIJ8Y-1g_3_mzkRmqnSZVdAVeI,26.8727772,80.8887937,"Pizza Hut | Thakurganj, Lucknow","No 439, B/065, Manjutandon Chauraha, near Tondon Marg, Thakurganj, Daulatganj, Lucknow, Uttar Pradesh 226003, India",26.8727772,80.8887937,OPERATIONAL,place_id
802,"Pizza Hut - Vrindavan Colony, Lucknow","No 16/CP/201 , No 2, UGF, Vridanvan Colony, Near SGPGI, Lucknow, Uttar Pradesh, India",226014,226029,No,Lucknow,Uttar Pradesh,084472 23145,https://restaurants.pizzahut.co.in/pizza-hut-ph-vrindavan-yojna-lucknow-pizza-restaurant-vridanvan-colony-lucknow-125847/Home,ChIJEXDHih37mzkRzGfn83B6Byg,26.7502592,80.9507885,"Pizza Hut | Vrindavan Colony, Lucknow","No 16/CP/201 , No 2, UGF, near SGPGI, Haibat Mau Mawaiya, Vrindavan Colony, Lucknow, Uttar Pradesh 226029, India",26.7502592,80.9507885,OPERATIONAL,place_id
803,"Pizza Hut - Dwarkapuri, Mathura",,281001,281001,Yes,Mathura,Uttar Pradesh,,https://restaurants.pizzahut.co.in/pizza-hut-dwarkapuri-mathura-in-uttar-pradesh-mathura-dwarkapuri-19102/Home,ChIJRdc7m6JxczkRl7L8LP9Doyk,27.495515,77.671196,"Pizza Hut | Dwarkapuri, Mathura","Ground, 1st & 2nd Floor, Bhuteshwar Rd, near BSA College Road, Dwarkapuri, Manoharpura, Mathura, Uttar Pradesh 281001, India",27.495515,77.671196,OPERATIONAL,place_id
804,"Pizza Hut - Mathura Expressway, Mathura","DIL, Food Street, Mauza Chamuha,Chhata,Mathura Highway, Mathura, Uttar Pradesh, India",281001,281406,No,Mathura,Uttar Pradesh,089583 96656,https://restaurants.pizzahut.co.in/pizza-hut-mathura-highway-pizza-takeaway-mathura-highway-mathura-22989/Home,ChIJ5b1J2gZtczkRdLV0H91HX24,27.5939355,77.6043617,"Pizza Hut | Mathura Expressway, Mathura","DIL, Food Street, Mathura Highway, Mauza Chamuha, Chhata Rural, Mathura, Uttar Pradesh 281406, India",27.5939355,77.6043617,OPERATIONAL,place_id
805,"Pizza Hut - Garh Road, Meerut","Plot 372 & 372/1, Gr Flr, The Galleria, Garh Road, Near Bus Stand, Meerut, Uttar Pradesh, India",250001,250001,Yes,Meerut,Uttar Pradesh,089296 45626,https://restaurants.pizzahut.co.in/pizza-hut-ph-panchsheel-colony-garh-road-meerut-pizza-restaurant-garh-road-meerut-119578/Home,ChIJrfiZvIFlDDkR6A_VrdKVdrc,28.9702437,77.7225581,"Pizza Hut | Garh Road, Meerut","Plot 372 & 372/1, Gr Flr, The Galleria, Garh Rd, near Bus Stand, Panchsheel Colony, Meerut, Uttar Pradesh 250001, India",28.9702437,77.7225581,OPERATIONAL,place_id
806,"Pizza Hut - Pallavpuram, Meerut","AP & C4, Mseven, Block A, Pallavpuram, Meerut, Uttar Pradesh, India",250110,250110,Yes,Meerut,Uttar Pradesh,098992 89313,https://restaurants.pizzahut.co.in/pizza-hut-ph-mseven-pallavpuram-pizza-restaurant-pallavpuram-meerut-146783/Home,ChIJc4HkhwNvDDkRfqi1Ee7mNT8,29.0560006,77.7086035,"Pizza Hut | Pallavpuram, Meerut","AP & C4, Mseven, A Block, Block A, Pallavpuram, Meerut, Uttar Pradesh 250110, India",29.0560006,77.7086035,OPERATIONAL,place_id
807,"Pizza Hut - Buddi Vihar, Moradabad","Lata Shopping Mall, LIC Office Rd, Vikas Colony, Buddhi Vihar, Moradabad, Uttar Pradesh, India",244001,244103,No,Moradabad,Uttar Pradesh,063956 07739,https://restaurants.pizzahut.co.in/pizza-hut-ph-buddhi-vihar-moradabad-pizzerias-buddhi-vihar-moradabad-180266/Home,ChIJgZ29uTn9CjkRky_UmdnldCA,28.8337377,78.7435563,"Pizza Hut | Buddi Vihar, Moradabad","Lata Shopping Mall, Buddhi Vihar Lic Office Rd, Vikas Colony, Buddhi Vihar, Moradabad, Uttar Pradesh 244103, India",28.8337377,78.7435563,OPERATIONAL,place_id
808,"Pizza Hut - Delhi - Haridwar Road, Khatauli","Ground Floor, Delhi Haridwar Rd, Muzaffarnagar, Bhainsi, Muzaffarnagar, Uttar Pradesh, India",251201,251201,Yes,Muzaffarnagar,Uttar Pradesh,070650 11779,https://restaurants.pizzahut.co.in/pizza-hut-bhainsi-pizza-restaurant-bhainsi-muzaffarnagar-81396/Home,ChIJX9gGDfkTDDkRFIPBkHmSYUY,29.3098627,77.7218568,"Pizza Hut | Delhi - Haridwar Road, Khatauli","Ground Floor, Delhi - Haridwar Rd, Bhainsi, Uttar Pradesh 251201, India",29.3098627,77.7218568,CLOSED_PERMANENTLY,place_id
809,"Pizza Hut - Amrapali Platinum Sector 119, Noida","Shopping Arcade, 2 & 3, Amrapali Platinum, Sector 119, Noida, Uttar Pradesh, India",201304,201316,No,Noida,Uttar Pradesh,089290 37754,https://restaurants.pizzahut.co.in/pizza-hut-ph-sec-119-noida-pizza-restaurant-sector-119-noida-123073/Home,ChIJEcuPc13vDDkRuWwqXumcKvQ,28.5879373,77.4000041,"Pizza Hut | Amrapali Platinum Sector 119, Noida","Shopping Arcade, 2 & 3, Amrapali Platinum, Sector 119, Noida, Uttar Pradesh 201316, India",28.5879373,77.40000409999999,OPERATIONAL,place_id
810,"Pizza Hut - Golden I Mall, Greater Noida","S No 12 & 12 A, Golden I Mall, Plot No 11, Techzone, Sector 4, Noida, Uttar Pradesh, India",201301,201318,No,Noida,Uttar Pradesh,089290 35335,https://restaurants.pizzahut.co.in/pizza-hut-ph-golden-i-mall-noida-pizzerias-sector-4-noida-275367/Home,ChIJgTAfX27vDDkRvcMj_WzkgCo,28.5913496,77.4350946,"Pizza Hut | Golden I Mall, Greater Noida","S No 12 & 12 A, Plot No 11, Golden I Mall, Techzone, Sector 4, Tech Zone IV, Amrapali Leisure Valley, Noida, Greater Noida, Uttar Pradesh 201318, India",28.5913496,77.4350946,OPERATIONAL,place_id
811,"Pizza Hut - Gulshan 129, Noida","No 129, Plot No C3 & E1, Gulshan Mall, Noida Greater Noida Expressway, Sector 129, Noida, Uttar Pradesh, India",201301,201304,No,Noida,Uttar Pradesh,089290 33542,https://restaurants.pizzahut.co.in/pizza-hut-ph-gulshan-mall-129-noida-pizzerias-sector-129-noida-253828/Home,ChIJxYPgW27pDDkRI1ftE1wc_Vc,28.5083182,77.3870497,"Pizza Hut | Gulshan 129, Noida","Plot No C3 & E1, Gulshan Mall, No 129, Noida-Greater Noida Expy, Sector 129, Noida, Uttar Pradesh 201304, India",28.5083182,77.38704969999999,OPERATIONAL,place_id
812,"Pizza Hut - Logix Mall, Noida","3rd Floor, Logix Mall Food Court, PN BW 58,Sector 32, Near Noida City Center Metro, Noida, Uttar Pradesh, India",201301,201307,No,Noida,Uttar Pradesh,070650 09092,https://restaurants.pizzahut.co.in/pizza-hut-sector-32-pizza-restaurant-sector-32-noida-6144/Home,ChIJpydcxb3lDDkRzUHBC9hnIrY,28.5742306,77.3535145,"Pizza Hut | Logix Mall, Noida","3rd Floor, Logix Mall Food Court PN, Center Metro, BW 58, near Noida, Wave City Center, Sector 32, Noida, Uttar Pradesh 201307, India",28.5742306,77.3535145,OPERATIONAL,place_id
813,"Pizza Hut - North Eye Mall, Noida","UN 1 To 4, Ground Floor, North Eye Mall, West Wing,Sector 74, Noida, Uttar Pradesh, India",201301,201316,No,Noida,Uttar Pradesh,098995 70525,https://restaurants.pizzahut.co.in/pizza-hut-sector-74-pizza-restaurant-sector-74-noida-60338/Home,ChIJCbGrbmPvDDkRY57RX-NVFiA,28.5723288,77.3881593,"Pizza Hut | North Eye Mall, Noida","Ground Floor, North Eye Mall West Wing, UN 1 To 4, Supertech Capetown, Sector 74, Noida, Uttar Pradesh 201316, India",28.5723288,77.3881593,OPERATIONAL,place_id
814,"Pizza Hut - Paras One Sector 133, Noida","No 10, 12, 24 & 25, GF, Paras One 33, Noida Expressway, Sector 133, Noida, Uttar Pradesh, India",201304,201304,Yes,Noida,Uttar Pradesh,089290 40711,https://restaurants.pizzahut.co.in/pizza-hut-ph-paras-one33-mall-noida-pizza-restaurant-sector-133-noida-123070/Home,ChIJMXN9JLnnDDkR_THrj-O4vM4,28.510771,77.36937,"Pizza Hut | Paras One Sector 133, Noida","No 10, 12, 24 & 25, GF, Paras One, 33, Noida-Greater Noida Expy, Sector 133, Noida, Uttar Pradesh 201304, India",28.510771,77.36937,OPERATIONAL,place_id
815,"Pizza Hut - Sector 104, Noida","Shop No KM 003, Ground Floor, Sector 104, Noida, Uttar Pradesh, India",201304,201304,Yes,Noida,Uttar Pradesh,089290 38691,https://restaurants.pizzahut.co.in/pizza-hut-sector-104-pizza-restaurant-sector-104-noida-108367/Home,ChIJDVKYw1_nDDkR48o04TpxOgg,28.5408885,77.3686074,"Pizza Hut | Sector 104, Noida","Shop No KM 003, Ground Floor, Hazipur, Sector 104, Noida, Uttar Pradesh 201304, India",28.5408885,77.3686074,OPERATIONAL,place_id
816,"Pizza Hut - Sector 27, Noida","Unit No G5, G7, G8, GF, Parsavnath Plaza, Sector 27, Noida, Uttar Pradesh, India",201301,201301,Yes,Noida,Uttar Pradesh,089296 48045,https://restaurants.pizzahut.co.in/pizza-hut-ph-parsavnath-plaza-sec-27-noida-pizza-restaurant-sector-27-noida-121157/Home,ChIJdYsmbFLkDDkRMF9A7VL3TqI,28.5776081,77.3286071,"Pizza Hut | Sector 27, Noida","Unit No G5, G7, G8, GF, Parsvnath Plaza, G Block, Pocket G, Sector 27, Noida, Uttar Pradesh 201301, India",28.5776081,77.3286071,OPERATIONAL,place_id
817,"Pizza Hut - Sector 62, Noida","KT 1 & 2, C 25, Stellar IT Park, Sector 62, Noida, Uttar Pradesh, India",201301,201309,No,Noida,Uttar Pradesh,098995 69454,https://restaurants.pizzahut.co.in/pizza-hut-sector-62-pizza-restaurant-sector-62-noida-1449/Home,ChIJVRkv03DlDDkR7jqEZcQdREg,28.6128912,77.3625462,"Pizza Hut | Sector 62, Noida","C 25, STELLAR IT PARK, KT 1 & 2, C Block, Phase 2, Industrial Area, Sector 62, Noida, Uttar Pradesh 201309, India",28.6128912,77.3625462,OPERATIONAL,place_id
818,"Pizza Hut - Sector 73, Noida",,201307,201316,No,Noida,Uttar Pradesh,,https://restaurants.pizzahut.co.in/pizza-hut-sector-73-noida-in-uttar-pradesh-noida-basi-bahuddin-nagar-23192/Home,ChIJvaeQoNPvDDkRSPFK0Uu6zOM,28.592871,77.383983,"Pizza Hut | Sector 73, Noida","Anthurium, Sector 73, Basi Bahuddin Nagar, Noida, Uttar Pradesh 201316, India",28.592871,77.383983,OPERATIONAL,place_id
819,"Pizza Hut - Sector-150, Noida Gautam Budh Nagar",,201310,201310,Yes,Noida,Uttar Pradesh,,https://restaurants.pizzahut.co.in/pizza-hut-sector-150-noida-gautam-budh-nagar-in-uttar-pradesh-noida-noida-gautam-budh-nagar-21038/Home,ChIJK95Gs33BDDkRDuQqAPj7e7o,28.442321,77.483634,"Pizza Hut | Sector-150, Noida Gautam Budh Nagar","Shop no 32,33 & 34, Ace Medley Avenue, SC-01/A, Sector-150, Sector 149, Noida, Uttar Pradesh 201310, India",28.442321,77.483634,OPERATIONAL,place_id
820,"Pizza Hut - World One Sector 90, Noida","GF, Tower B, World One, S No G 18 & 19, Sector 90, Noida, Uttar Pradesh, India",201305,201304,No,Noida,Uttar Pradesh,089290 41352,https://restaurants.pizzahut.co.in/pizza-hut-ph-world-one-noida-pizza-restaurant-sector-90-noida-121521/Home,ChIJc3WRa4_pDDkRYIzlPpgQusE,28.5121759,77.4111851,"Pizza Hut | World One Sector 90, Noida","GF, Tower B, World One, S No G 18 & 19, Sector 90, Noida, Uttar Pradesh 201304, India",28.5121759,77.4111851,OPERATIONAL,place_id
821,"Pizza Hut - Civil Lines, Allahabad","Shop No 31/31, SP Marg, Civil lines, Prayagraj, Uttar Pradesh, India",211001,211001,Yes,Prayagraj,Uttar Pradesh,089290 21995,https://restaurants.pizzahut.co.in/pizza-hut-civil-lines-pizza-restaurant-civil-lines-prayagraj-1318/Home,ChIJCTm9HMPKmjkR2MGcTyEqqZc,25.4565635,81.8352349,"Pizza Hut | Civil Lines, Allahabad","Shop No 31, 31, Sardar Patel Marg, Agnipath Colony, Civil Lines, Prayagraj, Uttar Pradesh 211001, India",25.4565635,81.8352349,OPERATIONAL,place_id
822,"Pizza Hut - Civil Lines, Prayagraj","No 7/3, A/1, Gr Flr, Hotel UR Complex, MG Marg, Civil Lines, Prayagraj, Uttar Pradesh, India",211001,211001,Yes,Prayagraj,Uttar Pradesh,098732 46227,https://restaurants.pizzahut.co.in/pizza-hut-ph-mg-marg-prayagraj-pizza-restaurant-civil-lines-prayagraj-166837/Home,ChIJr6uaZ7TLmjkRy-Tl2qFmBSM,25.4505032,81.8304447,"Pizza Hut | Civil Lines, Prayagraj","No 7/3, A/1, Gr Flr, Hotel UR Complex, FR2J+55Q, Mahatma Gandhi Marg, Civil Lines, Prayagraj, Uttar Pradesh 211001, India",25.4505032,81.8304447,OPERATIONAL,place_id
823,"Pizza Hut - Canal Road, Raebareli","Ground Floor, Kanal Road, Nirala Nagar, Raebareli, Uttar Pradesh, India",229001,229001,Yes,Raebareli,Uttar Pradesh,085888 32401,https://restaurants.pizzahut.co.in/pizza-hut-ph-kanal-road-raebareli-pizza-restaurant-nirala-nagar-raebareli-178191/Home,ChIJb31xzK6hmzkREkvKBpSjd-Q,26.2190138,81.2409552,"Pizza Hut | Canal Road, Raebareli","Ground Floor, Canal Rd, Nirala Nagar, Raebareli, Uttar Pradesh 229001, India",26.2190138,81.2409552,OPERATIONAL,place_id
824,Pizza Hut - Yamuna Express Way LHS,"Delhi to Agra, 107 KM Milestone, Raya - Vrindavan Road, Cut, Raya, Uttar Pradesh, India",281204,281204,Yes,Raya,Uttar Pradesh,1800 202 2022,https://restaurants.pizzahut.co.in/pizza-hut-vrindavan-cut-pizza-takeaway-vrindavan-cut-raya-21774/Home,ChIJLwDTWKN6czkRP3cIVD4f210,27.5478576,77.7576645,Pizza Hut | Yamuna Express Way LHS,"Delhi to Agra, 107 KM Milestone, Raya - Vrindavan Rd, Cut, Raya, Malhai, Uttar Pradesh 281204, India",27.5478576,77.75766449999999,OPERATIONAL,place_id
825,"Pizza Hut - Civil Lines, Shahjahanpur","No 2, Kaushik Parijat Complex, Civil Lines, Officers Colony, Shahjahanpur, Uttar Pradesh, India",242001,242001,Yes,Shahjahanpur,Uttar Pradesh,097116 18316,https://restaurants.pizzahut.co.in/pizza-hut-ph-civil-lines-shahjahanpur-pizzerias-officers-colony-shahjahanpur-185508/Home,ChIJA6qag3u9nzkRKVvcNK2TJmY,27.890997,79.9129848,"Pizza Hut | Civil Lines, Shahjahanpur","No 2, Kaushik Parijat Complex, Officers' Colony, Shahjahanpur, Uttar Pradesh 242001, India",27.890997,79.91298479999999,OPERATIONAL,place_id
826,"Pizza Hut - JHV Mall, Varanasi","FC 04, 2nd Floor, Food Court, JHV Mall, PN 3, Khata No 1, Mall Road, Cantonment, Besides Hotel Ramada Plaza, Varanasi, Uttar Pradesh, India",221002,221002,Yes,Varanasi,Uttar Pradesh,070650 11900,https://restaurants.pizzahut.co.in/pizza-hut-cantonment-mall-road-pizza-restaurant-cantonment-varanasi-98970/Home,ChIJuacf08QtjjkRiztSEzbJeP4,25.3354484,82.9776561,"Pizza Hut | JHV Mall, Varanasi","FC 04, 2nd Floor, Food Court, JHV Mall PN 3, Khata No 1, Mall Road, Cantonment Besides Hotel Ramada Plaza, Varanasi cantonment, Varanasi, Uttar Pradesh 221002, India",25.3354484,82.97765609999999,OPERATIONAL,place_id
827,"Pizza Hut - Namo Ghat, Varanasi","Namo Ghat, Rajghat, Varanasi, Uttar Pradesh, India",221001,221001,Yes,Varanasi,Uttar Pradesh,076694 00298,https://restaurants.pizzahut.co.in/pizza-hut-namo-ghat-varanasi-in-uttar-pradesh-varanasi-rajghat-15065/Home,ChIJe89zizwvjjkR5Pb5PddQaz8,25.3252582,83.0344814,"Pizza Hut | Namo Ghat, Varanasi","Namo Ghat, Rajghat, Varanasi, Uttar Pradesh 221001, India",25.3252582,83.03448139999999,CLOSED_PERMANENTLY,place_id
828,"Pizza Hut - Paharia Road, Varanasi","UGF, Hotel Surabhi International, Paharia Road, Srinagar Colony, Varanasi, Uttar Pradesh, India",221007,221007,Yes,Varanasi,Uttar Pradesh,085888 03791,https://restaurants.pizzahut.co.in/pizza-hut-ph-paharia-road-varanasi-pizza-restaurant-srinagar-colony-varanasi-122099/Home,ChIJafioUZkvjjkRjr1_iyNLs-o,25.356955,83.00808,"Pizza Hut | Paharia Road, Varanasi","Paharia Rd, Near Surabhi Hotel, Income Tax Colony, Paharia, Varanasi, Uttar Pradesh 221007, India",25.356955,83.00807999999999,OPERATIONAL,place_id
829,"Pizza Hut - Shivpur, Varanasi","AVS Plaza, Shivpur Bypass Rd, Laxmanpur, Shivpur, Varanasi, Uttar Pradesh, India",221001,221002,No,Varanasi,Uttar Pradesh,089296 06339,https://restaurants.pizzahut.co.in/pizza-hut-ph-avs-plaza-shivpur-varanasi-pizza-restaurant-shivpur-varanasi-146782/Home,ChIJj9fZCPUtjjkROcT0WRqyihM,25.3560708,82.9657506,"Pizza Hut | Shivpur, Varanasi","AVS Plaza, Shivpur Bypass Rd, Laxmanpur, Shivpur, Varanasi, Uttar Pradesh 221002, India",25.3560708,82.96575059999999,OPERATIONAL,place_id
830,"Pizza Hut - Sigra, Varanasi","No C19/187/13, Gulab Bagh Colony, K Fatman Road, Sigra, Opposite Sigra Thane, Varanasi, Uttar Pradesh, India",221010,221002,No,Varanasi,Uttar Pradesh,089290 40014,https://restaurants.pizzahut.co.in/pizza-hut-ph-sigra-varanasi-pizza-restaurant-sigra-varanasi-129614/Home,ChIJvxYGiHQtjjkRfIXkWbS8i4E,25.3193354,82.9912238,"Pizza Hut | Sigra, Varanasi","No C19, 187/13, Fatman Rd, opposite Sigra, Badshahbag Colony, Gulab Bagh Colony, Sigra, Thane, Varanasi, Uttar Pradesh 221002, India",25.3193354,82.9912238,OPERATIONAL,place_id
831,"Pizza Hut - Commercial Complex, Dehradun","C1/101, Commercial complex, ITBP Road, Indira Nagar Colony, Raj Vihar, Dehradun, Uttarakhand, India",248001,248006,No,Dehradun,Uttarakhand,089290 20717,https://restaurants.pizzahut.co.in/pizza-hut-raj-vihar-pizza-restaurant-raj-vihar-dehradun-1405/Home,ChIJvdbhjxYqCTkRtcXK7SUpsos,30.3219572,78.0028755,"Pizza Hut | Commercial Complex, Dehradun","Commercial complex, C1/101, ITBP Rd, Vasant Vihar, Raj Vihar, Indra Nagar Colony, Dehradun, Uttarakhand 248006, India",30.3219572,78.0028755,OPERATIONAL,place_id
832,"Pizza Hut - Haridwar Bypass, Dehradun","Plot No 1591, UGF, Haridwar Bypass Road, Deheradun, Ajabpur Kalan, Opposite DDPM Mahindra Showroom, Dehradun, Uttarakhand, India",248001,248121,No,Dehradun,Uttarakhand,089296 45594,https://restaurants.pizzahut.co.in/pizza-hut-ph-haridwar-bypass-dehradun-pizza-restaurant-ajabpur-kalan-dehradun-119577/Home,ChIJebSDDoEpCTkRpYKe-Sb9cLg,30.2889233,78.0437714,"Pizza Hut | Haridwar Bypass, Dehradun","Opposite DDPM Mahindra Showroom, Plot No 1591, UGF, Haridwar Bypass Rd, Bank Colony, Ajabpur Kalan, Dehradun, Uttarakhand 248121, India",30.2889233,78.0437714,OPERATIONAL,place_id
833,Pizza Hut - Mall of Dehradun,"FCC/3F/07, Mall of Dehradun, Haridwar Road, Dehradun, Uttarakhand, India",248005,248005,Yes,Dehradun,Uttarakhand,078350 47272,https://restaurants.pizzahut.co.in/pizza-hut-mall-of-dehradun-in-uttarakhand-dehradun-haridwar-road-70904/Home,ChIJHW7loDopCTkRPEiuMGxAJWQ,30.2669047,78.0821319,Pizza Hut | Mall of Dehradun,"FCC/3F/07, Mall of Dehradun, Haridwar Rd, IIP, Mohkampur, Dehradun, Uttarakhand 248005, India",30.2669047,78.08213190000001,OPERATIONAL,place_id
834,"Pizza Hut - Nanda Ki Chowki, Dehradun","Counter No 15 to 17, PN T3, Chakrata Rd, Kolhupani, Nanda Ki Chowki, Prem Nagar, Dehradun, Uttarakhand, India",248035,248007,No,Dehradun,Uttarakhand,076694 00295,https://restaurants.pizzahut.co.in/pizza-hut-nanda-ki-chowki-in-uttarakhand-dehradun-prem-nagar-73521/Home,ChIJ-zYNdgDVCDkR1gOiq9bdOqc,30.3433365,77.9540274,"Pizza Hut | Nanda Ki Chowki, Dehradun","Counter No 15 to 17, PN T3, Chakrata Rd, Nanda Ki Chowki, Prem Nagar, Kolhupani, Dehradun, Uttarakhand 248007, India",30.3433365,77.9540274,OPERATIONAL,place_id
835,"Pizza Hut - Oasis Mall, Dehradun","Shop No 3, Oasis Mall, Haridwar Dehradun Rd, Jogiwala, Dharampur, Dehradun, Uttarakhand, India",248012,248014,No,Dehradun,Uttarakhand,072900 68352,https://restaurants.pizzahut.co.in/pizza-hut-oasis-mall-dehradun-pizzerias-dharampur-dehradun-289401/Home,ChIJLdNUEKMpCTkReMzHVyBF35s,30.2877622,78.0650505,"Pizza Hut | Oasis Mall, Dehradun","Shop No 3, Oasis Mall, Haridwar - Dehradun Rd, Jogiwala, Dharampur, Dehradun, Uttarakhand 248014, India",30.2877622,78.0650505,OPERATIONAL,place_id
836,"Pizza Hut - Saharanpur road, Dehradun","GF, Hotel Glory, Shree ji Tower, Saharanpur Rd, Majra, Sewla Kalan, Dehradun, Uttarakhand, India",248171,248171,Yes,Dehradun,Uttarakhand,072900 67828,https://restaurants.pizzahut.co.in/pizza-hut-ph-saharanpur-road-majra-pizza-restaurant-sewla-kalan-dehradun-124603/Home,ChIJ5QyRMDMqCTkRF1bLUjlLyf0,30.2958871,78.0030837,"Pizza Hut | Saharanpur road, Dehradun","GF, Hotel Glory, Shree ji Tower, Saharanpur Rd, Sewla Kalan, Majra, Dehradun, Uttarakhand 248171, India",30.2958871,78.00308369999999,OPERATIONAL,place_id
837,"Pizza Hut - National Food Court, Haridwar","National Food Court, NH 58, Bhonri Badheri Rajputana Road,Batedi, Next To Crystal World, Haridwar, Uttarakhand, India",249405,249405,Yes,Haridwar,Uttarakhand,1800 202 2022,https://restaurants.pizzahut.co.in/pizza-hut-batedi-pizza-restaurant-batedi-haridwar-23042/Home,ChIJF9ekaR1LCTkRPQzE2FUpIqg,29.8999567,77.9865412,"Pizza Hut | National Food Court, Haridwar","National Food Court, NH 58, Bhonri - Badheri Rajputana Rd, next to Crystal World, Batedi, Badheri Rajputan, Uttarakhand 249405, India",29.8999567,77.98654119999999,OPERATIONAL,place_id
838,"Pizza Hut - Ranipur Mor, Haridwar","Mitra Vatika , Vikas Colony, Ranipur More, Haridwar Main Rd, Govindpuri, Opposite Liberty showroom, Haridwar, Uttarakhand, India",249410,249401,No,Haridwar,Uttarakhand,098731 44175,https://restaurants.pizzahut.co.in/pizza-hut-ph-ranipur-mor-haridwar-pizza-restaurant-govindpuri-haridwar-165012/Home,ChIJ4xTzS7JHCTkR2xtzppXn7d4,29.9365925,78.1399556,"Pizza Hut | Ranipur Mor, Haridwar","Mitra Vatika, Ranipur More, Haridwar Main Rd, opposite Liberty showroom, Vikas Colony, Govindpuri, Devpura, Haridwar, Uttarakhand 249401, India",29.9365925,78.1399556,OPERATIONAL,place_id
839,"Pizza Hut - Vaishali Colony, Haldwani","Hydel Gate, Tedi Pulia, NH 87,Nainital,Kathgodam, Adjacent Lemon Park Hotel, Nainital, Uttarakhand, India",263139,263139,Yes,Nainital,Uttarakhand,095826 22637,https://restaurants.pizzahut.co.in/pizza-hut-kathgodam-pizzerias-kathgodam-nainital-1308/Home,ChIJMZy_2V2aoDkRQTmbbOSyda0,29.2452047,79.53606,"Pizza Hut | Vaishali Colony, Haldwani","hydel gate, Tedi Pulia NH 87, adjacent Lemon Park Hotel, Kathgodam, Nainital, Uttarakhand 263139, India",29.2452047,79.53605999999999,OPERATIONAL,place_id
840,"Pizza Hut - Malakpur Chowk, Roorkee","No 2, NH 58, Civil Lines, Opposite To Vishal Mega Mart, Roorkee, Uttarakhand, India",247667,247667,Yes,Roorkee,Uttarakhand,096431 05647,https://restaurants.pizzahut.co.in/pizza-hut-civil-lines-pizza-restaurant-civil-lines-roorkee-1406/Home,ChIJuT9v0mKzDjkRebvMxuuVjk4,29.8667481,77.8898748,"Pizza Hut | Malakpur Chowk, Roorkee","No 2, NH 58, opposite to Vishal Mega Mart, Niti Nagar, Civil Lines, Roorkee, Uttarakhand 247667, India",29.8667481,77.88987480000002,OPERATIONAL,place_id
841,"Pizza Hut - Hotel Reviera, Rudrapur","Hotel Riverra, Nainital Road, Rudrapur, Uttarakhand, India",263153,263153,Yes,Rudrapur,Uttarakhand,085888 90757,https://restaurants.pizzahut.co.in/pizza-hut-nainital-road-pizza-restaurant-nainital-road-rudrapur-1309/Home,ChIJMwSArOl_oDkRpUawHdj8gsc,28.9872636,79.4136584,"Pizza Hut | Hotel Reviera, Rudrapur","Hotel Riverra, Nainital Road, Rudrapur, Simla Bahadur, Uttarakhand 263153, India",28.9872636,79.4136584,OPERATIONAL,place_id
842,"Pizza Hut - Apcar Garden, Asansol","No 445, Khaitan No 155, 109/1, Plot No 58, near Sen Raliegh Road, LGF, CS, Apcar Garden, Asansol, West Bengal, India",713304,713304,Yes,Asansol,West Bengal,098993 07665,https://restaurants.pizzahut.co.in/pizza-hut-ph-apcar-garden-asansol-pizza-restaurant-apcar-garden-asansol-297819/Home,ChIJCYnlvcIf9zkR0Y_gP0sBo_8,23.6957156,86.952423,"Pizza Hut | Apcar Garden, Asansol","No 445, Khaitan No 155, 109/1, Plot No 58, near Sen Raliegh Road, LGF, CS, Apcar Garden, Asansol, West Bengal 713304, India",23.6957156,86.952423,OPERATIONAL,place_id
843,"Pizza Hut - NSCBI Airport, Bankura","No 83, Gate No 3C, NSCBI Airport, Kazi NazrulIslam Sarani, Dum Dum, Bankura, West Bengal, India",700052,700079,No,Bankura,West Bengal,1800 202 2022,https://restaurants.pizzahut.co.in/pizza-hut-dum-dum-pizza-restaurant-dum-dum-bankura-44221/Home,ChIJ646M5uuf-DkRAAUP8TcPzAw,22.6433368,88.4322022,"Pizza Hut | NSCBI Airport, Bankura","Gate No 3C, NSCBI Airport, 83, VIP Rd, International Airport, Motilal Colony, Rajbari, Dum Dum, West Bengal 700079, India",22.6433368,88.43220219999999,OPERATIONAL,place_id
844,"Pizza Hut - Bagdogra Airport, Bagdogra","Bagdogra International Airport, Bagdogra, Darjeeling, West Bengal, India",734421,734421,Yes,Darjeeling,West Bengal,098835 87419,https://restaurants.pizzahut.co.in/pizza-hut-ph-bagdogra-airport-pizza-restaurant-bagdogra-darjeeling-322887/Home,ChIJAZnBwRpF5DkRSGrV8EPOMYE,26.6850822,88.3254976,"Pizza Hut | Bagdogra Airport, Bagdogra","Bagdogra Airport, Bagdogra, Bhujiapani, West Bengal 734421, India",26.6850822,88.32549759999999,OPERATIONAL,place_id
845,"Pizza Hut - Junction Mall, Durgapur","The Junction Mall City Centre, Sahid Khudiram Sarani, Durgapur, West Bengal, India",713216,713216,Yes,Durgapur,West Bengal,1800 202 2022,https://restaurants.pizzahut.co.in/pizza-hut-sahid-khudiram-sarani-pizza-restaurant-sahid-khudiram-sarani-durgapur-1340/Home,ChIJAUgejg9y9zkRIK-n_rarmnk,23.5387875,87.291602,"Pizza Hut | Junction Mall, Durgapur","The, Junction Mall, City Centre, Shahid Khudiram Sarani, Recol Park, Durgapur, West Bengal 713216, India",23.5387875,87.291602,OPERATIONAL,place_id
846,"Pizza Hut - Ambuja City Centre, Haldia","Ambuja City Centre, Bhabanipur, Debhog, East Midnapore, West Bengal, India",721629,721657,No,East Midnapore,West Bengal,089290 31697,https://restaurants.pizzahut.co.in/pizza-hut-ph-ambuja-city-centre-haldia-pizza-restaurant-debhog-east-midnapore-305353/Home,ChIJNRkOBADxAjoR0nZQet5WweQ,22.0595544,88.0753529,"Pizza Hut | Ambuja City Centre, Haldia","Ambuja City Centre, Bhabanipur, Debhog, Haldia, West Bengal 721657, India",22.0595544,88.0753529,OPERATIONAL,place_id
847,"Pizza Hut - Avani Mall, Kolkata","No 32, 3rd Floor, Kajipara, Food Court, Jagat Banerjee Ghat Road,Foreshore Road, Howrah, West Bengal, India",711102,711102,Yes,Howrah,West Bengal,099039 81169,https://restaurants.pizzahut.co.in/pizza-hut-foreshore-road-pizza-restaurant-foreshore-road-howrah-1349/Home,ChIJ1cJzUtV5AjoR2ar_UlWEZmw,22.563209,88.3237313,"Pizza Hut | Avani Mall, Kolkata","No 32, 3rd Floor, Kajipara, Food Court Jagat Banerjee Ghat Road, Foreshore Rd, Choura Bustee, Shibpur, Howrah, West Bengal 711102, India",22.563209,88.32373129999999,OPERATIONAL,place_id
848,"Pizza Hut - Grand Trunk Rd Liluah, Kolkata","No 243, North Liluah, Grand Trunk Rd, Howrah, Howrah, West Bengal, India",711204,711204,Yes,Howrah,West Bengal,097116 38961,https://restaurants.pizzahut.co.in/pizza-hut-ph-gt-road-liluah-howrah-pizza-restaurant-howrah-howrah-178189/Home,ChIJgcKhPk-d-DkRifE-qTeg-rw,22.6202655,88.3483907,"Pizza Hut | Grand Trunk Rd Liluah, Kolkata","No 243 North, GT Rd, Liluah, Howrah, West Bengal 711204, India",22.6202655,88.3483907,OPERATIONAL,place_id
849,"Pizza Hut - Howrah Station, Kolkata","Gr Floor, Howrah Rail Yatri Niwas, Howrah Railway St, Next to KFC, Howrah, West Bengal, India",711101,711101,Yes,Howrah,West Bengal,089290 28785,https://restaurants.pizzahut.co.in/pizza-hut-howrah-railway-st-pizza-restaurant-howrah-railway-st-howrah-1344/Home,ChIJkZ5w4ZV3AjoRomwxlRAniak,22.5816924,88.3422263,"Pizza Hut | Howrah Station, Kolkata","Gr Floor, Howrah Rail Yatri Niwas, next to KFC, Howrah Railway Station, Howrah, West Bengal 711101, India",22.5816924,88.3422263,OPERATIONAL,place_id
850,"Pizza Hut - Platina Mall Howrah, Kolkata","No 1, Howrah Railway Stn, Nityadhan Mukherjee Rd, Howrah, West Bengal, India",711101,711101,Yes,Howrah,West Bengal,085109 45891,https://restaurants.pizzahut.co.in/pizza-hut-ph-platina-mall-howrah-pizzerias-nityadhan-mukherjee-rd-howrah-200465/Home,ChIJNyf1bxN3AjoRV7eAjS4uIfk,22.5812703,88.3325837,"Pizza Hut | Platina Mall Howrah, Kolkata","Stn, 1, Nityadhan Mukherjee Rd, Howrah Railway Station, Howrah, West Bengal 711101, India",22.5812703,88.3325837,OPERATIONAL,place_id
851,"Pizza Hut - OT Rd, Kharagpur",,721305,721305,Yes,Kharagpur,West Bengal,,https://restaurants.pizzahut.co.in/pizza-hut-ot-rd-kharagpur-in-west-bengal-kharagpur-inda-31679/Home,ChIJF4ZWbgBFHToRW3JWt_MFEYA,22.355707,87.337314,"Pizza Hut | OT Rd, Kharagpur","Atwal Real Estate M S Towers, O T Rd, Inda, Kharagpur, Kharagpur Railway Settlement, West Bengal 721305, India",22.355707,87.33731399999999,OPERATIONAL,place_id
852,"Pizza Hut - HB Town Sodepur, Kolkata","E2, Sadhana Apartment, H B Town, Sodepur, Khardaha, West Bengal, India",700114,700110,No,Khardaha,West Bengal,089290 37549,https://restaurants.pizzahut.co.in/pizza-hut-ph-h-b-town-sodepur-pizza-restaurant-sodepur-kolkata-119581/Home,ChIJMQcKgoad-DkRi-4vuAjAvp8,22.6970518,88.3902632,"Pizza Hut | HB Town Sodepur, Kolkata","E2, Sadhana Apartment, H B Town, Sodepur, Khardaha, West Bengal 700110, India",22.6970518,88.39026319999999,OPERATIONAL,place_id
853,"Pizza Hut - Axis Mall, Kolkata",,700156,700107,No,Kolkata,West Bengal,,https://restaurants.pizzahut.co.in/pizza-hut-axis-mall-kolkata-pizza-restaurant-new-town-kolkata-294966/Home,ChIJK9HXTa11AjoR7JMj79s_2-s,22.5796799,88.4599345,"Pizza Hut | Axis Mall, Kolkata","Street No 184, 4th Floor Block CF, Plot No CF 9, Sub-Central Business District(Action Area 1), Action Area I, Newtown, Kolkata, West Bengal 700107, India",22.5796799,88.4599345,OPERATIONAL,place_id
854,"Pizza Hut - Bidhannagar, Kolkata","NICCO PARK, Bidhannagar, Kolkata, West Bengal, India",700106,700106,Yes,Kolkata,West Bengal,070650 11221,https://restaurants.pizzahut.co.in/pizza-hut-bidhannagar-kolkata-in-west-bengal-kolkata-bidhannagar-75486/Home,ChIJ5wUK0K11AjoRv9u9ATFXbXA,22.5728968,88.4214516,"Pizza Hut | Bidhannagar, Kolkata","NICCO PARK, HM Block, Sector IV, Bidhannagar, Kolkata, West Bengal 700106, India",22.5728968,88.4214516,OPERATIONAL,place_id
855,"Pizza Hut - Central Avenue, Kolkata","No 219, Central Avenue, Jorasanko, Ram Bagan, Kolkata, West Bengal, India",700006,700006,Yes,Kolkata,West Bengal,1800 202 2022,https://restaurants.pizzahut.co.in/pizza-hut-central-avenue-kolkata-in-west-bengal-kolkata-ram-bagan-38808/Home,ChIJy7B9ZSJ3AjoRFpQ7UOjJiH4,22.5865342,88.3626039,"Pizza Hut | Central Avenue, Kolkata","219, Central Avenue Jorasanko, Ram Bagan, Kolkata, West Bengal 700006, India",22.5865342,88.3626039,OPERATIONAL,place_id
856,"Pizza Hut - City Centre Mall, Kolkata","A105, DC block, City Centre Mall, Salt lake, Kolkata, West Bengal, India",700064,700064,Yes,Kolkata,West Bengal,078350 47240,https://restaurants.pizzahut.co.in/pizza-hut-salt-lake-pizza-restaurant-salt-lake-kolkata-12537/Home,ChIJUy5uquB1AjoRRJZVry_4vjQ,22.5880272,88.4081485,"Pizza Hut | City Centre Mall, Kolkata","City Centre, Mall Salt lake, A105, DC Block, Sector 1, Bidhannagar, Kolkata, West Bengal 700064, India",22.5880272,88.4081485,OPERATIONAL,place_id
857,"Pizza Hut - Ichapur, Kolkata","No 254, E Ghosh Para Road, Shyamnagar, Noapara, Ichapur, Kolkata, West Bengal, India",743127,743133,No,Kolkata,West Bengal,1800 202 2022,https://restaurants.pizzahut.co.in/pizza-hut-ichapur-kolkata-in-west-bengal-kolkata-ichapur-96878/Home,ChIJqSkHMQCR-DkRm0v-piw4VDw,22.8212244,88.3771016,"Pizza Hut | Ichapur, Kolkata","254, E Ghosh Para Road Shyamnagar, Noapara, Ichhapur Defence Estate, West Bengal 743133, India",22.8212244,88.37710159999999,OPERATIONAL,place_id
858,"Pizza Hut - Kalikapur, Kolkata","No 1083, Purbachal Main Road, Sukhpally, Haltu, Kolkata, West Bengal, India",700078,700078,Yes,Kolkata,West Bengal,097111 29327,https://restaurants.pizzahut.co.in/pizza-hut-ph-kalikapur-kolkata-pizzerias-haltu-kolkata-294180/Home,ChIJk-96C4lxAjoRkgqX2w56VdU,22.5028759,88.3941435,"Pizza Hut | Kalikapur, Kolkata","1083, N Purbachal Rd, Sukhpally, Haltu, Kolkata, West Bengal 700078, India",22.5028759,88.3941435,OPERATIONAL,place_id
859,"Pizza Hut - Laketown, Kolkata","No 339, Gr Flr, Canal Street, VIP Crossing,Sreebhumi,Lake Town, Kolkata, West Bengal, India",700048,700048,Yes,Kolkata,West Bengal,084471 97456,https://restaurants.pizzahut.co.in/pizza-hut-ph-lake-town-kolkata-pizza-restaurant-lake-town-kolkata-129606/Home,ChIJWSoYNuN1AjoRuIm5EHG5Skg,22.6004428,88.4059779,"Pizza Hut | Laketown, Kolkata","No 339, Gr Flr, Canal Street, VIP Rd, Sreebhumi, Lake Town, Kolkata, South Dumdum, West Bengal 700048, India",22.6004428,88.4059779,OPERATIONAL,place_id
860,"Pizza Hut - Louden Street, Kolkata","No 8/3, 1st Floor, Sir UN Brahmachari Sarani, Taltala, Kolkata, West Bengal, India",700017,700017,Yes,Kolkata,West Bengal,089290 31750,https://restaurants.pizzahut.co.in/pizza-hut-ph-louden-street-kolkata-pizza-restaurant-taltala-kolkata-307976/Home,ChIJYQ3PHwJ3AjoRSRPGsza_L5k,22.5427822,88.3554478,"Pizza Hut | Louden Street, Kolkata","1st Floor, No 8/3, Sir UN Brahmachari Sarani, Taltala, Kolkata, West Bengal 700017, India",22.5427822,88.3554478,OPERATIONAL,place_id
861,"Pizza Hut - Mani Sqaure Mall, Kolkata","No 316 A, 3rd Floor, Mani Square Mall, 164/1, EM Bypass, Kankurgachi, Kolkata, West Bengal, India",700054,700054,Yes,Kolkata,West Bengal,089290 31185,https://restaurants.pizzahut.co.in/pizza-hut-kankurgachi-pizza-restaurant-kankurgachi-kolkata-1346/Home,ChIJR3a4Rm52AjoRD_CdCPjVIAE,22.577764,88.4004076,"Pizza Hut | Mani Sqaure Mall, Kolkata","No 316 A, 3rd Floor, Mani Square Mall, 164/1, Eastern Metropolitan Bypass, Kadapara, Phoolbagan, Kankurgachi, Kolkata, West Bengal 700054, India",22.577764,88.4004076,OPERATIONAL,place_id
862,"Pizza Hut - Muradpur, Kolkata","18 Bigha, James Sarani Road, Behala, Muradpur, Sarada Pally, Kolkata, West Bengal, India",700008,700034,No,Kolkata,West Bengal,1800 202 2022,https://restaurants.pizzahut.co.in/pizza-hut-sarada-pally-pizza-delivery-sarada-pally-kolkata-107079/Home,ChIJCVv9Xi57AjoRMzRkgNid1-Q,22.489479,88.3169847,"Pizza Hut | Muradpur, Kolkata","18 Bigha, James Sarani Road Behala, 18 Bigha, Muradpur, Sarada Pally, Kolkata, West Bengal 700034, India",22.489479,88.31698469999999,OPERATIONAL,place_id
863,"Pizza Hut - Nagerbazaar, Kolkata","No 14, WN 22, Primarc Shrachi Aangan, Motijheel, Dum Dum Road, Amarpalli, South Dumdum, Kolkata, West Bengal, India",700074,700074,Yes,Kolkata,West Bengal,089290 37717,https://restaurants.pizzahut.co.in/pizza-hut-ph-nager-bazar-kolkata-pizza-restaurant-amarpalli-kolkata-125853/Home,ChIJ6WpecdWf-DkRjNlHsDnm6-o,22.6220381,88.4113427,"Pizza Hut | Nagerbazaar, Kolkata","No 14, WN 22, Primarc Shrachi Aangan, Dum Dum Rd, Ward Number 22, Motijheel, Amarpalli, Dum Dum, South Dumdum, West Bengal 700074, India",22.6220381,88.41134269999999,OPERATIONAL,place_id
864,"Pizza Hut - New Alipore, Kolkata","No 573, Block N, New Alipore, Kolkata, West Bengal, India",700053,700053,Yes,Kolkata,West Bengal,084479 48554,https://restaurants.pizzahut.co.in/pizza-hut-ph-new-alipore-kolkata-pizza-restaurant-new-alipore-kolkata-129854/Home,ChIJN0uRR5RxAjoRfErtzCDnrvg,22.5088063,88.3347218,"Pizza Hut | New Alipore, Kolkata","573, Block N, New Alipore, Kolkata, West Bengal 700053, India",22.5088063,88.3347218,OPERATIONAL,place_id
865,"Pizza Hut - New Shakuntala Park Behala, Kolkata","No 406/N, New Shakuntala Park Behala, Ho Chi Minh Sarani, Maheshtala, 406, Ho Chi Minh Sarani, Muchipara, Behala Mauza, Kolkata, West Bengal, India",700061,700061,Yes,Kolkata,West Bengal,070650 13299,https://restaurants.pizzahut.co.in/pizza-hut-ph-muchipara-behala-pizza-restaurant-maheshtala-kolkata-125856/Home,ChIJZa4IN_97AjoRTBGd7_Y2yXU,22.4856774,88.2864502,"Pizza Hut | New Shakuntala Park Behala, Kolkata","No 406/N, New Shakuntala Park Behala, Ho Chi Minh Sarani, Maheshtala, 406, Ho Chi Minh Sarani, Muchipara, Behala Mauza, Kolkata, West Bengal 700061, India",22.4856774,88.28645019999999,OPERATIONAL,place_id
866,"Pizza Hut - Newtown, Kolkata","Ground Floor, City Centre 2, Block C, Rajarhat, Newtown, Kolkata, West Bengal, India",700136,700136,Yes,Kolkata,West Bengal,033 4001 0876,https://restaurants.pizzahut.co.in/pizza-hut-newtown-pizza-restaurant-newtown-kolkata-1341/Home,ChIJxcwdpNqf-DkRYF6tlLRS1Jo,22.6231238,88.4505281,"Pizza Hut | Newtown, Kolkata","Ground Floor, City Centre 2, AA II, Block C, Newtown, Kolkata, West Bengal 700136, India",22.6231238,88.4505281,OPERATIONAL,place_id
867,"Pizza Hut - Phool Bagan, Kolkata","No P118/2, CIT Road, Beliaghata, Kolkata, West Bengal, India",700010,700054,No,Kolkata,West Bengal,089290 33547,https://restaurants.pizzahut.co.in/pizza-hut-phool-bagan-kolkata-pizza-restaurant-beliaghata-kolkata-312828/Home,ChIJr61X83d3AjoRRoR173uT7zg,22.5719776,88.3898703,"Pizza Hut | Phool Bagan, Kolkata","P118/2, CIT Rd, Jewish Graveyard, Phoolbagan, Beleghata, Kolkata, West Bengal 700054, India",22.5719776,88.3898703,CLOSED_PERMANENTLY,place_id
868,"Pizza Hut - Reekjoyoni, Kolkata","Rajarhat Main Road, Raigachi, Reekjoyoni, Kolkata, West Bengal, India",700135,700135,Yes,Kolkata,West Bengal,078350 47292,https://restaurants.pizzahut.co.in/pizza-hut-reekjoyoni-kolkata-in-west-bengal-kolkata-reekjoyoni-31931/Home,ChIJKUFzw3yf-DkRiSH6m5L24LU,22.6334419,88.4669949,"Pizza Hut | Reekjoyoni, Kolkata","Rajarhat Main Rd, Raigachi, Reekjoyoni, Kolkata, West Bengal 700135, India",22.6334419,88.4669949,OPERATIONAL,place_id
869,"Pizza Hut - Rosedale Plaza Mall Newtown, Kolkata",,700160,700160,Yes,Kolkata,West Bengal,,https://restaurants.pizzahut.co.in/pizza-hut-ph-rosedale-plaza-new-town-pizza-restaurant-newtown-kolkata-125368/Home,ChIJb43RWiYLAjoR18uVlPssBok,22.5665362,88.4811333,"Pizza Hut | Rosedale Plaza Mall Newtown, Kolkata","Rosedale Plaza Mall, 3, opposite St Xavier University, Action Area I, Newtown, Kolkata, West Bengal 700160, India",22.5617704,88.4897896,OPERATIONAL,place_id
870,"Pizza Hut - South City Mall, Kolkata","No 375, 4th Floor, Food Court, South City Mall,Prince Anwar Shah Road, Kolkata, West Bengal, India",700068,700068,Yes,Kolkata,West Bengal,098991 86965,https://restaurants.pizzahut.co.in/pizza-hut-prince-anwar-shah-road-pizza-restaurant-prince-anwar-shah-road-kolkata-59432/Home,ChIJ-Xicp9lwAjoRn-yPVdE6YAk,22.5017684,88.3616766,"Pizza Hut | South City Mall, Kolkata","4th Floor, Food Court, No 375, Prince Anwar Shah Rd, South City Complex, Jadavpur, Kolkata, West Bengal 700068, India",22.5017684,88.3616766,OPERATIONAL,place_id
871,"Pizza Hut - Tollyganj, Kolkata","No 123/3, NSC Bose Road, Regent Col, Tollygunge, Near Bus stop, Kolkata, West Bengal, India",700040,700040,Yes,Kolkata,West Bengal,089290 26732,https://restaurants.pizzahut.co.in/pizza-hut-tollygunge-pizza-restaurant-tollygunge-kolkata-1255/Home,ChIJXUHiz_pwAjoR3DqSed2uD4I,22.480025,88.354911,"Pizza Hut | Tollyganj, Kolkata","123, Regent Col, 3, Netaji Subhas Chandra Bose Rd, near Bus stop, Shanti Nagar, Tollygunge, Kolkata, West Bengal 700040, India",22.480025,88.354911,OPERATIONAL,place_id
872,"Pizza Hut - Topsia, Kolkata","Trinity Tower Arcadia Center, Topsia, Kolkata, West Bengal, India",700046,700046,Yes,Kolkata,West Bengal,1800 202 2022,https://restaurants.pizzahut.co.in/pizza-hut-ph-topsia-kolkata-pizza-restaurant-topsia-kolkata-305348/Home,ChIJ74zITMl3AjoRH5BXsRkE5_c,22.5415211,88.3867355,"Pizza Hut | Topsia, Kolkata","Trinity Tower Arcadia Center, Topsia, Kolkata, West Bengal 700046, India",22.5415211,88.3867355,OPERATIONAL,place_id
873,"Pizza Hut - lis Mall Highland Park, Kolkata","UN C1, C2 & C3, 2nd Floor, Food Court, 1925, Chak Garia, Santoshpur, Kolkata, West Bengal, India",700075,700094,No,Kolkata,West Bengal,089290 35055,https://restaurants.pizzahut.co.in/pizza-hut-ph-metropolis-mall-kolkata-pizza-restaurant-santoshpur-kolkata-163192/Home,ChIJmwNduyhxAjoRPU23UnK2moM,22.483179,88.390903,"Pizza Hut | lis Mall Highland Park, Kolkata","UN C1, C2 & C3, 2nd Floor, Food Court, Hiland Park, 1925, Chak Garia, Santoshpur, Kolkata, West Bengal 700094, India",22.483179,88.390903,OPERATIONAL,place_id
874,"Pizza Hut - Star Mall, Kolkata","Star Mall, Mira Garden, NH34, Sisir Kunj, Madhyamgram, Madhyamgram, West Bengal, India",700129,700129,Yes,Madhyamgram,West Bengal,070650 11880,https://restaurants.pizzahut.co.in/pizza-hut-madhyamgram-pizza-restaurant-madhyamgram-madhyamgram-44226/Home,ChIJhaMwMeOf-DkRXMqHBA0HHUo,22.7035637,88.4711878,"Pizza Hut | Star Mall, Kolkata","Star Mall, Mira Garden NH34, Sisir Kunja, Madhyamgram, West Bengal 700129, India",22.7035637,88.4711878,OPERATIONAL,place_id
875,"Pizza Hut - English Bazar, Malda","Manaskamana Road, Kanir More, English Bazar, Opposite Choudhry Fashion, Malda, West Bengal, India",732101,732102,No,Malda,West Bengal,070650 11944,https://restaurants.pizzahut.co.in/pizza-hut-ph-english-bazar-malda-pizza-delivery-english-bazar-malda-107078/Home,ChIJDVGSGzL9-jkRGhV1iAYpXFQ,25.0109885,88.1365598,"Pizza Hut | English Bazar, Malda","Manaskamana Rd, opposite Choudhry Fashion, Kanir More, Malda, West Bengal 732102, India",25.0109885,88.1365598,OPERATIONAL,place_id
876,"Pizza Hut - Barackpore, Kolkata","No 41/27, BT Road, Titagarh, North 24 Parganas, West Bengal, India",700120,700123,No,North 24 Parganas,West Bengal,089290 35256,https://restaurants.pizzahut.co.in/pizza-hut-ph-barrackpore-kolkata-pizza-restaurant-titagarh-north-24-parganas-169713/Home,ChIJWRfSq2mb-DkRV8bG6fovA_Q,22.7560224,88.3688478,"Pizza Hut | Barackpore, Kolkata","No 41/27, Barrackpore Trunk Rd, Titagarh, Barrackpore, West Bengal 700123, India",22.7560224,88.3688478,OPERATIONAL,place_id
877,"Pizza Hut - Acropolis Mall, Siliguri","Ward No 13, 5th Floor, ML Acropolis Mall, Sevoke Road, Bankim Nagar, Siliguri, West Bengal, India",734001,734001,Yes,Siliguri,West Bengal,098734 20370,https://restaurants.pizzahut.co.in/pizza-hut-ph-ml-acropolis-mall-siliguri-pizzerias-bankim-nagar-siliguri-258691/Home,ChIJBfmMvsRB5DkRYDd3lebbQ3c,26.7297461,88.4313574,"Pizza Hut | Acropolis Mall, Siliguri","Ward No 13, 5th Floor, ML Acropolis Mall, Sevoke Rd, Ward Number 13, Bankim Nagar, Siliguri, West Bengal 734001, India",26.7297461,88.4313574,OPERATIONAL,place_id
878,"Pizza Hut - City Centre Mall, Siliguri","Shop G0009, Ground Floor, City Centre, Matighara, Siliguri, West Bengal, India",734010,734010,Yes,Siliguri,West Bengal,076029 96870,https://restaurants.pizzahut.co.in/pizza-hut-matighara-pizza-restaurant-matighara-siliguri-31905/Home,ChIJMzdYtVdH5DkR9Y6fjylIhIg,26.7246869,88.3944612,"Pizza Hut | City Centre Mall, Siliguri","Shop G0009, Ground Floor, City Centre, Uttorayon Twp, Matigara, Siliguri, West Bengal 734010, India",26.7246869,88.3944612,OPERATIONAL,place_id
879,"Pizza Hut - Cosmos Mall, Siliguri","No 12B, Upper Ground Floor, Cosmos Mall, 2nd Mile,Sevoke Road, Siliguri, West Bengal, India",734001,734001,Yes,Siliguri,West Bengal,076050 26652,https://restaurants.pizzahut.co.in/pizza-hut-sevoke-road-pizza-restaurant-sevoke-road-siliguri-1339/Home,ChIJAeaHAhBB5DkRcSrk8s9AUgs,26.7387543,88.4344026,"Pizza Hut | Cosmos Mall, Siliguri","No 12B, Upper Ground Floor, 2nd Mile, Cosmos Mall, Sevoke Rd, Ward 43, Dasrath Pally, Bhanu Nagar, Siliguri, West Bengal 734001, India",26.7387543,88.4344026,OPERATIONAL,place_id
880,"Pizza Hut - Hill Cart Road, Siliguri","Ward No 2, 1st Floor, Hotel Sky Park Inn, No H23/149/97, Hill Cart Rd, Pradhan Nagar, Siliguri, West Bengal, India",734003,734003,Yes,Siliguri,West Bengal,087683 82846,https://restaurants.pizzahut.co.in/pizza-hut-ph-hill-cart-road-siliguri-pizzerias-pradhan-nagar-siliguri-285255/Home,ChIJNarBm5NB5DkREYQlVJ05xNM,26.7277564,88.4142131,"Pizza Hut | Hill Cart Road, Siliguri","Ward No 2, 1st Floor, Hotel Sky Park Inn, H23/149/97, Hill Cart Rd, Ward 2, Pradhan Nagar, Siliguri, West Bengal 734003, India",26.7277564,88.4142131,OPERATIONAL,place_id
881,"Pizza Hut - SF Road, Siliguri","Plot No 3047, Ward No 9, No 327/380/282, Kh No 153/2, Stn Feeder Rd, Mahananda Para, Siliguri, West Bengal, India",734001,734005,No,Siliguri,West Bengal,098990 72468,https://restaurants.pizzahut.co.in/pizza-hut-ph-sf-road-siliguri-pizzerias-mahananda-para-siliguri-274314/Home,ChIJ-yZQCpZB5DkRCg3C764U0lk,26.704111,88.422984,"Pizza Hut | SF Road, Siliguri","Plot No 3047, Ward No 9, No 327/380/282, Kh No 153, 2, Stn Feeder Rd, Ward 9, Mahananda Para, Siliguri, West Bengal 734005, India",26.704111,88.422984,OPERATIONAL,place_id
882,"Pizza Hut - Garia, Kolkata","No 1648, Ward No 27, Garia Place, Maha Maya Talla, Ramkrishna Nagar, Near Netaji Subhash Chandra Bose Rd, South 24 Parganas, West Bengal, India",700084,700084,Yes,South 24 Parganas,West Bengal,070650 13232,https://restaurants.pizzahut.co.in/pizza-hut-ph-garia-kolkata-pizza-restaurant-ramkrishna-nagar-south-24-parganas-119580/Home,ChIJbRHQInVxAjoR0xkXOOmGkgI,22.4596352,88.3825561,"Pizza Hut | Garia, Kolkata","No 1648, Ward, Maha Maya Talla, 27, near Netaji Subhas Chandra Bose Road, Ramkrishna Nagar, Garia Place, Garia, Rajpur Sonarpur, Kolkata, West Bengal 700084, India",22.4596352,88.3825561,OPERATIONAL,place_id
883,"Pizza Hut - Uttarpara, Kolkata","Unimark Riviera, No 20 & 22B, Grand Trunk Road, Bhadrakali, Uttarpara, West Bengal, India",712232,712232,Yes,Uttarpara,West Bengal,070650 11266,https://restaurants.pizzahut.co.in/pizza-hut-park-street-pizza-restaurant-park-street-kolkata-66574/Home,ChIJi_yUMwd3AjoRodOHLRVbGno,22.6746366,88.3520139,"Pizza Hut | Uttarpara, Kolkata","Unimark Riviera, 20 & 22B, GT Rd, Bhadrakali, Uttarpara, West Bengal 712232, India",22.6746366,88.3520139,OPERATIONAL,place_id
884,"Pizza Hut - Vibhuti Khand, Lucknow","SN 8 to 10, Ground Floor, West End Mall, Vibhuti Khand,Gomti Nagar, Lucknow, उत्तर प्रदेश, India",226010,226010,Yes,Lucknow,उत्तर प्रदेश,074599 79118,https://restaurants.pizzahut.co.in/pizza-hut-gomti-nagar-pizza-restaurant-gomti-nagar-lucknow-1259/Home,ChIJEfIeIrrimzkRDHD64LbZeN0,26.8701579,80.9968685,"Pizza Hut | Vibhuti Khand, Lucknow","Ground Floor, West End Mall, SN 8 to 10, विभूति खांद, गोमती नगर, लखनऊ, उत्तर प्रदेश 226010, India",26.8701579,80.99686849999999,OPERATIONAL,place_id
885,"Pizza Hut - Mantri Mall, Bangalore","3rd Floor, Mantri Square Mall, Sampige Road,Malleshwaram, Bengaluru, कर्नाटक, India",560066,560003,No,Bengaluru,कर्नाटक,089768 84925,https://restaurants.pizzahut.co.in/pizza-hut-malleshwaram-pizza-restaurant-malleshwaram-bengaluru-1170/Home,ChIJ0XdUYiMWrjsRvR1i9JWU0P0,12.9916495,77.5704402,"Pizza Hut | Mantri Mall, Bangalore","3rd floor, Mantri square mall, Sampige Rd, Malleshwaram, Bengaluru, Karnataka 560003, India",12.9916495,77.5704402,OPERATIONAL,place_id
886,"Pizza Hut - Brookefield Mall, Coimbatore","डॉक्टर कृष्णासामी मुदालियर मार्ग, कोयंबुत्तूर, तमिल नाडु, India",641001,641001,Yes,कोयंबुत्तूर,तमिल नाडु,1800 202 2022,https://restaurants.pizzahut.co.in/pizza-hut-dr-krishnasamy-mudaliyar-road-pizza-restaurant-dr-krishnasamy-mudaliyar-road-coimbatore-44223/Home,ChIJPQDZsONZqDsRzGU8VRmfOgs,11.009511,76.959017,"Pizza Hut | Brookefield Mall, Coimbatore","Dr Krishnasamy Mudaliyar Rd, Brookefields, Sukrawar Pettai, R.S. Puram, Coimbatore, Tamil Nadu 641001, India",11.009511,76.959017,OPERATIONAL,place_id
