S.No,Store Name,Address,Pincode,City,State,Phone,Store Page URL
1,"Pizza Hut - Arundelpet, Guntur","Sali Pet, Arundelpet, Guntur, Andhra Pradesh, India",522002,Guntur,Andhra Pradesh,086556 89176,https://restaurants.pizzahut.co.in/pizza-hut-arundalapet-pizzerias-arundelpet-guntur-267589/Home
2,"Pizza Hut - Phoenix Mall, Guntur","Ground Floor, Phonix Mall, Srinivasarao Pet, Beside Cine Prime, Guntur, Andhra Pradesh, India",522003,Guntur,Andhra Pradesh,098993 06036,https://restaurants.pizzahut.co.in/pizza-hut-ph-phonix-mall-guntur-pizzerias-srinivasarao-pet-guntur-294182/Home
3,"Pizza Hut - SRMT Mall, Kakinada","No 4/21, 82 East, SRMT Mall & Multiplex, Pithapuram Kakinada Road, Ramanayyapeta, Near Lalitha Nagar, Kakinada, Andhra Pradesh, India",533005,Kakinada,Andhra Pradesh,098991 90331,https://restaurants.pizzahut.co.in/pizza-hut-ramanayyapeta-pizza-delivery-ramanayyapeta-kakinada-81399/Home
4,"Pizza Hut - Eluru Road, Vijaywada","Machavaram, Eluru Rd, Chuttugunta, Opposite BSNL Bhavan, Krishna, Andhra Pradesh, India",520004,Krishna,Andhra Pradesh,089290 34930,https://restaurants.pizzahut.co.in/pizza-hut-ph-eluru-road-vijayawada-pizzerias-chuttugunta-krishna-197660/Home
5,"Pizza Hut - TGV City Square Mall, Kurnool","D No 40/37M, Sy 177 & 192, 4A, TGV Mall, River View Colony, Bhagya Nagar, Kurnool, Andhra Pradesh, India",518004,Kurnool,Andhra Pradesh,089296 47617,https://restaurants.pizzahut.co.in/pizza-hut-ph-tgv-city-square-mall-kurnool-pizza-restaurant-bhagya-nagar-kurnool-110474/Home
6,"Pizza Hut - MGB Felicity Mall, Nellore","No 15 & 23, Gr Flr, MGB Felicity Mall, No FO/4 & FO/5, WN 24, GT Rd, Ambedkar Ngr, Dargamitta, Nellore, Andhra Pradesh, India",524003,Nellore,Andhra Pradesh,095820 34054,https://restaurants.pizzahut.co.in/pizza-hut-ambedkar-ngr-pizza-restaurant-ambedkar-ngr-nellore-105240/Home
7,"Pizza Hut - Minibypass, Nellore","Jitendra Towers, Minibypass, Ramamurthy Nagar, Nellore, Andhra Pradesh, India",524001,Nellore,Andhra Pradesh,098734 08784,https://restaurants.pizzahut.co.in/pizza-hut-ph-mini-bypass-nellore-pizzerias-ramamurthy-nagar-nellore-252695/Home
8,"Pizza Hut - Ravi Priya Mall, Ongole","119/1A, SN FC1, Ravi Priya Mall, Gr Flr, Guntur Road, Prakasam, Prakasam, Andhra Pradesh, India",523262,Prakasam,Andhra Pradesh,098992 40597,https://restaurants.pizzahut.co.in/pizza-hut-prakasam-pizza-delivery-prakasam-prakasam-36111/Home
9,"Pizza Hut - SS Mall, Proddatur","Ground Floor, SSS Mall, No 7/834, Korrapadu Road, YMR Colony, Proddatur, Andhra Pradesh, India",516360,Proddatur,Andhra Pradesh,089296 47573,https://restaurants.pizzahut.co.in/pizza-hut-ph-ss-mall-prodattur-pizza-restaurant-korrapadu-road-proddatur-110315/Home
10,"Pizza Hut - Gandhi Puram, Rajahmundry","House No 78/9/11/2, Gandhi Puram 3, Behind Priyanka Gardens, Rajahmundry, Andhra Pradesh, India",533103,Rajahmundry,Andhra Pradesh,086556 89175,https://restaurants.pizzahut.co.in/pizza-hut-gandhi-puram-3-pizza-restaurant-gandhi-puram-3-rajahmundry-105236/Home
11,"Pizza Hut - BypassRoad, Tirumala","D No 20/3/35B, Siva Jyoti Nagar, Tirupati, Andhra Pradesh, India",517501,Tirupati,Andhra Pradesh,086556 16150,https://restaurants.pizzahut.co.in/pizza-hut-pizza-hut-tirupathi-pizza-restaurant-siva-jyoti-nagar-tirupati-171693/Home
12,"Pizza Hut - STV Nagar, Tirupati","19/4/121/C, Ground Floor & 1st Floor, AIR Bypass Road, STV Nagar, Tirupati, Andhra Pradesh, India",517501,Tirupati,Andhra Pradesh,089296 47608,https://restaurants.pizzahut.co.in/pizza-hut-ph-stv-nagar-tirupati-pizza-restaurant-stv-nagar-tirupati-110475/Home
13,"Pizza Hut - Bhavanipuram, Vijaywada","RS No 35/1, Ground Floor, Crombway Road, Near Indian Overseas Bank, Vijayawada, Andhra Pradesh, India",520012,Vijayawada,Andhra Pradesh,086556 16125,https://restaurants.pizzahut.co.in/pizza-hut-bhavnipuram-pizzerias-crombway-road-vijayawada-197799/Home
14,"Pizza Hut - Guru Nanak Colony, Vijaywada","No 24, Gr Flr, Surya Prakash Square, Guru Nanak Colony, Guru Nanak Colony Road, Vijayawada, Andhra Pradesh, India",520002,Vijayawada,Andhra Pradesh,089296 45605,https://restaurants.pizzahut.co.in/pizza-hut-ph-guru-nanak-colony-vijayawada-pizza-restaurant-guru-nanak-colony-road-vijayawada-109540/Home
15,"Pizza Hut - Kanuru, Vijayawada","Main Road, Machilipatnam Road, Kanuru, Vijayawada, Andhra Pradesh, India",520007,Vijayawada,Andhra Pradesh,085060 99863,https://restaurants.pizzahut.co.in/pizza-hut-ph-kanuru-vijayawada-pizzerias-kanuru-vijayawada-200835/Home
16,"Pizza Hut - MG Road, Vijaywada","Lower Ground Floor, MG Road, Acharya Ranga Nagar, Benz Circle, Vijayawada, Andhra Pradesh, India",520010,Vijayawada,Andhra Pradesh,098995 67387,https://restaurants.pizzahut.co.in/pizza-hut-ph-mg-road-vijayawada-pizza-restaurant-acharya-ranga-nagar-vijayawada-136666/Home
17,"Pizza Hut - PVP Mall, Vijayawada","39 & 1, SN 3F & 1 & 3, PVP Square Mall, Level 3, MG Road, Labbipet, Vijayawada, Andhra Pradesh, India",520010,Vijayawada,Andhra Pradesh,086556 89177,https://restaurants.pizzahut.co.in/pizza-hut-labbipet-pizza-restaurant-labbipet-vijayawada-22445/Home
18,"Pizza Hut - CMR Cental, Vizag","4th Floor, CMR Central, Resapuvanipalem, Maddilapalam, Visakhapatnam, Andhra Pradesh, India",530013,Visakhapatnam,Andhra Pradesh,,https://restaurants.pizzahut.co.in/pizza-hut-maddilapalam-pizza-restaurant-maddilapalam-visakhapatnam-1174/Home
19,"Pizza Hut - CMR Mall, Vizag","CMR Mall, Exhibition Ground, GNT Road, Gajuwaka, Beside Mangalagiri Complex, Visakhapatnam, Andhra Pradesh, India",530013,Visakhapatnam,Andhra Pradesh,070650 11991,https://restaurants.pizzahut.co.in/pizza-hut-ph-cmr-mall-gajuwaka-vizag-pizza-restaurant-gajuwaka-visakhapatnam-125849/Home
20,"Pizza Hut - Duvvada, Visakhapatnam","30/77/17, Kanitha Gandhi Statue, R H Col, Vuda Col, Duvada Station Rd, Kurmannapalem, Visakhapatnam, Andhra Pradesh, India",530046,Visakhapatnam,Andhra Pradesh,085060 08594,https://restaurants.pizzahut.co.in/pizza-hut-ph-duvvada-visakhapatnam-pizzerias-kurmannapalem-visakhapatnam-235132/Home
21,"Pizza Hut - Gopalapatnam, Vizag","D No 9/45/1, Simhachalam Rd, Gopalapatnam, Simhachalam, Near HP Petrol Station, Visakhapatnam, Andhra Pradesh, India",530027,Visakhapatnam,Andhra Pradesh,084473 17337,https://restaurants.pizzahut.co.in/pizza-hut-ph-gopalapatnam-visakhapatnam-pizza-restaurant-simhachalam-visakhapatnam-129244/Home
22,"Pizza Hut - MVP Colony, Vizag","Door No 1/83/13, Plot No HIG 2/3, Peda Waltair, MVP Colony, Sector 3, Visakhapatnam, Andhra Pradesh, India",530017,Visakhapatnam,Andhra Pradesh,0891 482 4515,https://restaurants.pizzahut.co.in/pizza-hut-ph-mvp-colony-pizza-restaurant-mvp-colony-sector-3-visakhapatnam-129212/Home
23,Pizza Hut - Madhurwada Vizag,"No 3 & 4, Gr Flr, SVS Singana Plaza, Car Shed Junction, PM Palem, Visakhapatnam, Andhra Pradesh, India",530041,Visakhapatnam,Andhra Pradesh,086556 16129,https://restaurants.pizzahut.co.in/pizza-hut-ph-madhurwada-pizza-restaurant-pm-palem-visakhapatnam-121525/Home
24,"Pizza Hut - Vizag, Vishakapatnam","Door No 471023/3, Isnar, 2nd Lane, Dwaraka Nagar, Visakhapatnam, Andhra Pradesh, India",530016,Visakhapatnam,Andhra Pradesh,086556 89151,https://restaurants.pizzahut.co.in/pizza-hut-dwarka-nagar-pizza-restaurant-dwarka-nagar-visakhapatnam-1146/Home
25,"Pizza Hut - Natraj Colony, Vizianagaram","No 102 & 103, Teja Plaza, 100ft Ring Road, Dharmapuri, Vizianagaram, Andhra Pradesh, India",535002,Vizianagaram,Andhra Pradesh,086556 16733,https://restaurants.pizzahut.co.in/pizza-hut-ph-vizianagaram-pizza-restaurant-dharmapuri-vizianagaram-123957/Home
26,"Pizza Hut - Zero Point, Itanagar","Zero Point Tinali, NH 52A, Cona County, Itanagar, Arunachal Pradesh, India",791113,Itanagar,Arunachal Pradesh,089296 06755,https://restaurants.pizzahut.co.in/pizza-hut-ph-zero-points-tinali-itanagar-pizza-restaurant-cona-county-itanagar-172142/Home
27,"Pizza Hut - Junction Mall, Dibrugarh","Shop No G2 & 5, Junction Mall, RKB Path, Dibrugarh, Assam, India",786001,Dibrugarh,Assam,089290 37726,https://restaurants.pizzahut.co.in/pizza-hut-ph-junction-mall-dibrugarh-pizza-restaurant-rkb-path-dibrugarh-129399/Home
28,"Pizza Hut - City Centre Mall, Kamrup","3rd Floor, City Center Mall, SN 5 to 7, GS Road, near International Hospital, Christian Basti, Ganeshguri, Assam, India",781005,Ganeshguri,Assam,070650 11559,https://restaurants.pizzahut.co.in/pizza-hut-ganeshguri-pizza-restaurant-ganeshguri-kamrup-67061/Home
29,"Pizza Hut - Beltola Hatigaon, Guwahati","Dag No 401 & 1443, Hatigaon, Near Hotel Barak Residency, Guwahati, Assam, India",781005,Guwahati,Assam,098991 89206,https://restaurants.pizzahut.co.in/pizza-hut-hatigaon-pizza-restaurant-hatigaon-guwahati-31904/Home
30,"Pizza Hut - GS Road, Guwahati","1st Flr, Dona Planet, SN 1&2, GS Road, Guwahati, Assam, India",781005,Guwahati,Assam,1800 202 2022,https://restaurants.pizzahut.co.in/pizza-hut-gs-road-pizza-restaurant-gs-road-guwahati-12539/Home
31,"Pizza Hut - NCS Square Mall Adabari, Guwahati","Unit No 2, Food Court, NCS Square Mall, Assam Trunk Road, Adabari, Guwahati, Assam, India",781014,Guwahati,Assam,098996 05847,https://restaurants.pizzahut.co.in/pizza-hut-ph-ncs-square-mall-adabari-pizza-restaurant-adabari-guwahati-130358/Home
32,"Pizza Hut - Rehabari, Guwahati","House No 70, 1st Flr, Narayan Height, AK Azad Road, Rehabari, Guwahati, Assam, India",781008,Guwahati,Assam,093667 15528,https://restaurants.pizzahut.co.in/pizza-hut-ph-rehabari-guwahati-pizza-restaurant-rehabari-guwahati-297820/Home
33,"Pizza Hut - Roodraksh Mall, Guwahati","3rd Floor, Food Court, Roodraksh Mall, GS Road, Bhangagarh,, GS Road,Bhangagarh, Guwahati, Assam, India",781003,Guwahati,Assam,1800 202 2022,https://restaurants.pizzahut.co.in/pizza-hut-ph-roodraksh-mall-guwahati-pizza-restaurant-bhangagarh-guwahati-304308/Home
34,"Pizza Hut - Lal Ganesh, Guwahati","Lal Ganesh, Lokhra Road, Ganapati Nagar, Opposite Rolling Mill, Kamrup, Assam, India",781032,Kamrup,Assam,089290 38226,https://restaurants.pizzahut.co.in/pizza-hut-ph-lal-ganesh-guwahati-pizza-restaurant-ganapati-nagar-kamrup-127529/Home
35,Pizza Hut - Sonapur Highway,"NH 37, Sonpur, Rajpur Sonarpur, Kamarkuchi, Kamrup, Assam, India",782402,Kamrup,Assam,1800 202 2022,https://restaurants.pizzahut.co.in/pizza-hut-kamarkuchi-kamrup-in-assam-kamrup-kamarkuchi-42684/Home
36,"Pizza Hut - JD Raod, Kokrajhar","Ward No 4, H No 159, Ground Floor, J D Road, Kokrajhar, Assam, India",783370,Kokrajhar,Assam,089290 31693,https://restaurants.pizzahut.co.in/pizza-hut-ph-jd-road-kokrajhar-pizza-restaurant-j-d-road-kokrajhar-313293/Home
37,"Pizza Hut - Itachali, Nagaon","Dag No 437 & 941, Ground & 1st Floor, PP No 642, Kisam Town, AT Road, Norton, Nagaon, Assam, India",782003,Nagaon,Assam,089290 34286,https://restaurants.pizzahut.co.in/pizza-hut-ph-itachali-nagaon-pizzerias-norton-nagaon-294179/Home
38,"Pizza Hut - Goldighi Mall, Silchar","T39, 3rd Floor, Goldighi Mall, Central Road, Janiganj Bazar, Kanakpur, Silchar, Assam, India",788001,Silchar,Assam,070650 11170,https://restaurants.pizzahut.co.in/pizza-hut-kanakpur-pizza-restaurant-kanakpur-silchar-1335/Home
39,"Pizza Hut - KRC Plaza, Tezpur","KRC Plaza, Tezpur Main Rd,Kacharigaon,Mahabhairab, Sonitpur, Assam, India",784001,Sonitpur,Assam,084473 18368,https://restaurants.pizzahut.co.in/pizza-hut-ph-krc-plaza-tezpur-pizzerias-mahabhairab-sonitpur-127862/Home
40,"Pizza Hut - Devipukhri Road, Tinsukia","S No G167, Ground Floor, Prithvi Tower, Devi Pokhari Road, Opposite MB's Sweet & Snacks, Tinsukia, Assam, India",786125,Tinsukia,Assam,084470 84217,https://restaurants.pizzahut.co.in/pizza-hut-ph-tinsukhia-assam-pizza-restaurant-devi-pokhari-road-tinsukia-132999/Home
41,"Pizza Hut - Tikamajhi, Bhagalpur","Rajbir Tower, RBSS Road, Tilkamanjhi Chowk, Bhagalpur, Bihar, India",812001,Bhagalpur,Bihar,099992 95027,https://restaurants.pizzahut.co.in/pizza-hut-bhagalpur-pizza-restaurant-bhagalpur-bhagalpur-1304/Home
42,"Pizza Hut - Icon Plaza Mall, Muzaffarpur","Icon Plaza Mall, Shop No GF-17, Nh-28, near Ideal Petrol Pump, Shrirampuri, Bhagwanpur, Muzaffarpur, Bihar, India",842001,"Bhagwanpur, Muzaffarpur",Bihar,078350 47255,https://restaurants.pizzahut.co.in/pizza-hut-icon-plaza-mall-muzaffarpur-in-bihar-muzaffarpur-bhagwanpur-58849/Home
43,"Pizza Hut - Patel Nagar, Bhaisasur",,803101,Bihar Sharif,Bihar,,https://restaurants.pizzahut.co.in/pizza-hut-patel-nagar-bhaisasur-in-bihar-bihar-sharif-bhaisasur-42698/Home
44,"Pizza Hut - Mithanpur Chowk, Muzaffarpur","Ground Floor, Yamuna Complex, Mithanpura Chowk, New Colony, Near Mithanpura Chowk, Muzaffarpur, Bihar, India",842001,Muzaffarpur,Bihar,085279 77551,https://restaurants.pizzahut.co.in/pizza-hut-new-colony-pizza-restaurant-new-colony-muzaffarpur-1306/Home
45,"Pizza Hut - Ambuja Mall, Patna","3rd Flr, Ambuja City Centre Mall, Christian Colony, Chajju Bagh, Patna, Bihar, India",800001,Patna,Bihar,085279 77664,https://restaurants.pizzahut.co.in/pizza-hut-ph-ambuja-city-centre-mall-patna-pizza-restaurant-chajju-bagh-patna-172141/Home
46,"Pizza Hut - Anishabad, Patna","Basement, Mausam Vibhag, Bhartiya Cplx, Mitramandal Colony Rd, Anishabad, Opposite Metrological Department, Patna, Bihar, India",800002,Patna,Bihar,089290 34473,https://restaurants.pizzahut.co.in/pizza-hut-anishabad-patna-pizza-restaurant-anishabad-patna-301876/Home
47,"Pizza Hut - Gola Road, Patna","Belle Matrix Saloon, Bailey Road, Gola Road, Danapur, Opposite Ratan Sharda Complex, Patna, Bihar, India",801503,Patna,Bihar,070650 13143,https://restaurants.pizzahut.co.in/pizza-hut-ph-gola-road-patna-pizza-restaurant-danapur-patna-139621/Home
48,"Pizza Hut - Kankarbagh, Patna","No A209, PC Colony, RBI Flats Colony, Kankarbagh, Opposite Medanta Hospital, Patna, Bihar, India",800020,Patna,Bihar,089290 33959,https://restaurants.pizzahut.co.in/pizza-hut-ph-kankarbagh-patna-pizzerias-kankarbagh-patna-274306/Home
49,"Pizza Hut - Rajinder Nagar, Patna","Sri Ram Enclave, Arya Kumar Road,Block B,Rajinder Nagar, Next to HDFC Bank, Patna, Bihar, India",800016,Patna,Bihar,089290 25061,https://restaurants.pizzahut.co.in/pizza-hut-rajinder-nagar-pizza-restaurant-rajinder-nagar-patna-1307/Home
50,"Pizza Hut - Sahdeo Mahto Marg, Patna","No B8, Children's Park Road, Sri Krishna Puri, Patna, Bihar, India",800001,Patna,Bihar,070650 12900,https://restaurants.pizzahut.co.in/pizza-hut-ph-sri-krishna-puri-patna-pizza-restaurant-sri-krishna-puri-patna-130402/Home
51,"Pizza Hut - Navratan Hata, Purnia","Ford Company Chowk, NH 31, Navratan Hata, Near City Kart Mall, Purnia, Bihar, India",854302,Purnia,Bihar,089290 37579,https://restaurants.pizzahut.co.in/pizza-hut-ph-navratan-hata-purnia-pizza-restaurant-navratan-hata-purnia-123738/Home
52,"Pizza Hut - Sector 26, Chandigarh","SCO 41, Ground Floor, Madhya Marg, Sector 26, Chandigarh, Chandigarh, India",160019,Chandigarh,Chandigarh,084473 17397,https://restaurants.pizzahut.co.in/pizza-hut-ph-sector-26-chandigarh-pizza-restaurant-sector-26-chandigarh-129371/Home
53,"Pizza Hut - Sector 35, Chandigarh","SCO 459 & 460, Sector 35C, Chandigarh, Chandigarh, India",160022,Chandigarh,Chandigarh,098993 09323,https://restaurants.pizzahut.co.in/pizza-hut-ph-sector-35c-chandigarh-pizza-restaurant-sector-35c-chandigarh-299195/Home
54,"Pizza Hut - Sector 40, Chandigarh","SCO 86, Basement & Ground Floor, Sector 40C, Chandigarh, Chandigarh, India",160036,Chandigarh,Chandigarh,099992 95172,https://restaurants.pizzahut.co.in/pizza-hut-sector-40c-pizza-restaurant-sector-40c-chandigarh-105724/Home
55,"Pizza Hut - Surya Treasure Island Mall, Bhilai","UGF, Surya Treasure Island, Surya Vihar, Bhilai, Chhattisgarh, India",490020,Bhilai,Chhattisgarh,0788 490 0200,https://restaurants.pizzahut.co.in/pizza-hut-surya-vihar-pizza-restaurant-surya-vihar-bhilai-1287/Home
56,"Pizza Hut - Magento Mall, Bilaspur","2nd Floor, Food Court, Rama Magneto Mall, Talapara, Bilaspur, Chhattisgarh, India",495004,Bilaspur,Chhattisgarh,077524 20225,https://restaurants.pizzahut.co.in/pizza-hut-talapara-pizza-delivery-talapara-bilaspur-1288/Home
57,"Pizza Hut - Phase 2, Bilaspur",,495001,Bilaspur,Chhattisgarh,,https://restaurants.pizzahut.co.in/pizza-hut-phase-2-bilaspur-in-chhattisgarh-bilaspur-phase-2-28710/Home
58,"Pizza Hut - Adarsh Nagar, Durg","Khasra No 139/27, Omisha's Sanctum, Main Road, Adarsh Nagar, Near Maharaja Chowk, Durg, Chhattisgarh, India",491001,Durg,Chhattisgarh,086556 15994,https://restaurants.pizzahut.co.in/pizza-hut-ph-durg-pizzerias-adarsh-nagar-durg-184670/Home
59,"Pizza Hut - Ambhuja Mall, Raipur","C132/133, 1st Floor, Ambuja City Centre, Main Vidhan Sabha Road, Mowa, Raipur, Chhattisgarh, India",492007,Raipur,Chhattisgarh,098731 44318,https://restaurants.pizzahut.co.in/pizza-hut-ph-ambuja-city-center-raipur-pizza-restaurant-mowa-raipur-135515/Home
60,"Pizza Hut - City Centre Mall, Raipur","Counter No 3 & 4, City Centre Mall, Pandri, Devendra Nagar, Near Mahalakshmi Market, Raipur, Chhattisgarh, India",492001,Raipur,Chhattisgarh,089291 04451,https://restaurants.pizzahut.co.in/pizza-hut-ph-city-center-mall-raipur-pizza-restaurant-devendra-nagar-raipur-305341/Home
61,"Pizza Hut - GE Road, Raipur","Plot No 27, Ground Floor, GE Road, Raipur, Chhattisgarh, India",492010,Raipur,Chhattisgarh,086556 15993,https://restaurants.pizzahut.co.in/pizza-hut-ph-ge-road-pizza-restaurant-ge-road-raipur-129366/Home
62,"Pizza Hut - Jivan Vihar, Raipur","Shop No S2, 2nd Floor, Magento Mall, Jivan Vihar, Raipur, Chhattisgarh, India",492001,Raipur,Chhattisgarh,086552 32807,https://restaurants.pizzahut.co.in/pizza-hut-ph-magneto-pizzerias-jivan-vihar-raipur-269252/Home
63,"Pizza Hut - Telibanda, Raipur","Jal Vihar Colony, Marine Drive, Lake Front, Telibanda, Infront of Maruti Driving School, Raipur, Chhattisgarh, India",492001,Raipur,Chhattisgarh,086556 15995,https://restaurants.pizzahut.co.in/pizza-hut-ph-lake-front-pizzerias-telibanda-raipur-187510/Home
64,"Pizza Hut - Dilip Nagar, Daman","Ground Floor, Dilip Nagar, Teen Batti, Nani Daman, Daman, Dadra And Nagar Haveli And Daman And Diu, India",396210,Daman,Dadra and Nagar Haveli and Daman and Diu,089290 31604,https://restaurants.pizzahut.co.in/pizza-hut-ph-dilip-nagar-daman-pizza-restaurant-nani-daman-daman-305343/Home
65,"Pizza Hut - Adarsh Nagar, Delhi","No B 45, Rajan Babu Road, Adarsh Nagar, New Delhi, Delhi, India",110033,New Delhi,Delhi,070422 54430,https://restaurants.pizzahut.co.in/pizza-hut-ph-adarsh-nagar-delhi-pizza-restaurant-adarsh-nagar-new-delhi-146777/Home
66,"Pizza Hut - Aerocity, Delhi","No 11, 2nd Floor, Food Court, Aerocity, World Mark 1, IGI Airport, New Delhi, Delhi, India",110037,New Delhi,Delhi,011 4605 7807,https://restaurants.pizzahut.co.in/pizza-hut-igi-airport-pizza-restaurant-igi-airport-new-delhi-4088/Home
67,"Pizza Hut - CR Park, Delhi","L 15, CR Park Main Road, Kalkaji, New Delhi, Delhi, India",110019,New Delhi,Delhi,085888 04167,https://restaurants.pizzahut.co.in/pizza-hut-kalkaji-pizza-delivery-kalkaji-new-delhi-23936/Home
68,"Pizza Hut - Cargo Hub Delhi Airport, Delhi","Shop No 7, Public Amenities Complex, International Cargo Airport T2 Road, Near Gate No 5, New Delhi, Delhi, India",110037,New Delhi,Delhi,089290 34371,https://restaurants.pizzahut.co.in/pizza-hut-ph-t2-cargo-airport-delhi-pizza-restaurant-international-cargo-airport-t2-road-new-delhi-305354/Home
69,"Pizza Hut - Cross River Mall, Delhi","Unit No G09, Cross River Mall, Vishwas Nagar Extension, Shahdara, New Delhi, Delhi, India",110032,New Delhi,Delhi,098996 13932,https://restaurants.pizzahut.co.in/pizza-hut-ph-cross-river-mall-shahdara-pizza-restaurant-shahdara-new-delhi-136287/Home
70,"Pizza Hut - D Mall Rohini, Delhi","G 9, 10, 1/B5, D Mall, District Centre, Rohini, Sector 10, New Delhi, Delhi, India",110085,New Delhi,Delhi,070650 00985,https://restaurants.pizzahut.co.in/pizza-hut-rohini-sector-10-pizza-restaurant-rohini-sector-10-new-delhi-24824/Home
71,"Pizza Hut - DLF South Square Mall Sarojini Nagar, Delhi","S No 39, Gr Flr, DLF South Square Mall, Lane H, Block G, Sarojini Nagar, New Delhi, Delhi, India",110023,New Delhi,Delhi,089290 33948,https://restaurants.pizzahut.co.in/pizza-hut-ph-south-square-mall-sn-market-pizzerias-sarojini-nagar-new-delhi-289474/Home
72,"Pizza Hut - Devika Sadar Bazar, Delhi","Old Tanga Stand, Devika Sadar Bazar, New Delhi, Delhi, India",110006,New Delhi,Delhi,098993 02573,https://restaurants.pizzahut.co.in/pizza-hut-ph-devika-sadar-bazar-delhi-pizza-restaurant-devika-sadar-bazar-new-delhi-304310/Home
73,"Pizza Hut - Devli Road, Delhi","No D139, Devli Road, Krishna Nagar, New Delhi, Delhi, India",110044,New Delhi,Delhi,097116 09267,https://restaurants.pizzahut.co.in/pizza-hut-ph-devli-road-new-delhi-pizzerias-krishna-nagar-new-delhi-189477/Home
74,"Pizza Hut - Durgapuri, Delhi","No C543, Main 100 Feet Rd, Chhajjupur, Babarpur, Durgapuri, Shahadra, New Delhi, Delhi, India",110032,New Delhi,Delhi,085888 72014,https://restaurants.pizzahut.co.in/pizza-hut-ph-durgapuri-shahdara-pizza-restaurant-shahadra-new-delhi-178188/Home
75,"Pizza Hut - Dwarka Mor, Delhi","Mohan Bhagwati Complex, Plot No 6 & 7, Uttam Nagar, New Delhi, Delhi, India",110059,New Delhi,Delhi,098993 19671,https://restaurants.pizzahut.co.in/pizza-hut-uttam-nagar-pizza-restaurant-uttam-nagar-new-delhi-1421/Home
76,"Pizza Hut - Dwarka Sector 21, New Delhi","SH/2F/14, 2nd Floor, Pacific D21 Mall, Sector 21, Dwarka, New Delhi, Delhi, India",110077,New Delhi,Delhi,076694 00323,https://restaurants.pizzahut.co.in/pizza-hut-dwarka-sector-21-new-delhi-in-delhi-new-delhi-dwarka-94838/Home
77,Pizza Hut - Epicah Mall,,110015,New Delhi,Delhi,,https://restaurants.pizzahut.co.in/pizza-hut-kirti-nagar-new-delhi-in-delhi-new-delhi-kirti-nagar-33367/Home
78,"Pizza Hut - Fun City Mall Rohini, New Delhi","G 19 & 20, Ground Floor, Fun City Mall, Prashant Vihar, Rohini, Sector 14, New Delhi, Delhi, India",110085,New Delhi,Delhi,098994 26507,https://restaurants.pizzahut.co.in/pizza-hut-rohini-sector-14-pizza-restaurant-rohini-sector-14-new-delhi-1413/Home
79,"Pizza Hut - GTB Nagar Kingsway Camp, Delhi","GF 2012, Ground Floor, Kingsway Camp, GTB Nagar, Outram Line, Dr Mukherjee Nagar, New Delhi, Delhi, India",110009,New Delhi,Delhi,070650 12199,https://restaurants.pizzahut.co.in/pizza-hut-dr-mukherjee-nagar-pizza-restaurant-dr-mukherjee-nagar-new-delhi-104911/Home
80,"Pizza Hut - Geeta Colony, Delhi","No 30A ground floor, Patparganj Road, Krishna Nagar, New Delhi, Delhi, India",110051,New Delhi,Delhi,089290 38441,https://restaurants.pizzahut.co.in/pizza-hut-ph-geeta-colony-new-delhi-pizza-restaurant-geeta-colony-new-delhi-125367/Home
81,"Pizza Hut - IGI Airport, Delhi","Terminal 2, IGI Airport, New Delhi, Delhi, India",110037,New Delhi,Delhi,1800 202 2022,https://restaurants.pizzahut.co.in/pizza-hut-igi-airport-pizza-restaurant-igi-airport-new-delhi-23569/Home
82,"Pizza Hut - Jail Road, Delhi","No 16 & 4, Prem Nagar, Near Tilak Nagar Metro Gate No 4, New Delhi, Delhi, India",110058,New Delhi,Delhi,089290 31058,https://restaurants.pizzahut.co.in/pizza-hut-prem-nagar-pizza-restaurant-prem-nagar-new-delhi-1427/Home
83,"Pizza Hut - Janakpuri C1, Delhi","Janakpuri Market, Block C1, Janakpuri, New Delhi, Delhi, India",110058,New Delhi,Delhi,098990 63748,https://restaurants.pizzahut.co.in/pizza-hut-ph-c1-janakpuri-new-delhi-pizzerias-janakpuri-new-delhi-275650/Home
84,"Pizza Hut - Janpath, Delhi","No 58, Atul Grove Road,Janpath,Connaught Place, New Delhi, Delhi, India",110001,New Delhi,Delhi,098993 85107,https://restaurants.pizzahut.co.in/pizza-hut-ph-janpath-new-delhi-pizzerias-connaught-place-new-delhi-259252/Home
85,"Pizza Hut - Jasola, New Delhi","Unit No 15B, 16 Splendor Forum, District Centre,Jasola, New Delhi, Delhi, India",110025,New Delhi,Delhi,089290 32775,https://restaurants.pizzahut.co.in/pizza-hut-jasola-pizza-delivery-jasola-new-delhi-1239/Home
86,"Pizza Hut - Karkardooma Metro Station, Delhi","Shop No G2, BHC Marg, Karkarduma, Arya Nagar, Anand Vihar, New Delhi, Delhi, India",110092,New Delhi,Delhi,089290 34875,https://restaurants.pizzahut.co.in/pizza-hut-ph-karkardooma-metro-station-pizza-restaurant-arya-nagar-new-delhi-305349/Home
87,"Pizza Hut - Lajpat Nagar, New Delhi","K95, Veer Savarkar Marg, Lajpat Nagar 2, New Delhi, Delhi, India",110024,New Delhi,Delhi,089290 32782,https://restaurants.pizzahut.co.in/pizza-hut-lajpat-nagar-2-pizza-delivery-lajpat-nagar-2-new-delhi-1234/Home
88,"Pizza Hut - Mahavir Enclave, Delhi","Shop No 4 & 5, Dabri - Palam Road, RZ A1, Mahavir Enclave, New Delhi, Delhi, India",110045,New Delhi,Delhi,089292 48973,https://restaurants.pizzahut.co.in/pizza-hut-mahavir-enclave-pizza-restaurant-mahavir-enclave-new-delhi-23551/Home
89,"Pizza Hut - Mayur Vihar, Delhi","No P37/38, Phase 1, Pandav Nagar, Mayur Vihar, New Delhi, Delhi, India",110091,New Delhi,Delhi,098995 70921,https://restaurants.pizzahut.co.in/pizza-hut-ph-pandav-nagar-mayur-vihar-pizzerias-mayur-vihar-new-delhi-180141/Home
90,"Pizza Hut - NFC, Delhi","Shop No 9, C Block, DDA Market, New Friends Colony, New Delhi, Delhi, India",110065,New Delhi,Delhi,070650 13331,https://restaurants.pizzahut.co.in/pizza-hut-ph-new-friends-colony-pizza-restaurant-new-friends-colony-new-delhi-119579/Home
91,"Pizza Hut - Najafgarh, Delhi","Plot No 25, Khasra No 503, Ground Floor, Block B, Najafgarh, Old Roshanpura Extention, New Delhi, Delhi, India",110045,New Delhi,Delhi,070650 11662,https://restaurants.pizzahut.co.in/pizza-hut-najafgarh-pizza-restaurant-najafgarh-new-delhi-36113/Home
92,"Pizza Hut - Nangia Park, Delhi","No 29/6, Nangia Park Chowk, Shakti Nagar, New Delhi, Delhi, India",110007,New Delhi,Delhi,098997 06923,https://restaurants.pizzahut.co.in/pizza-hut-ph-nangia-park-delhi-pizzerias-shakti-nagar-new-delhi-184668/Home
93,"Pizza Hut - Naraina, Delhi","Shop No 1 to 4, Plot No 6, Naraina Vihar Industrial Area, New Delhi, Delhi, India",110028,New Delhi,Delhi,089290 31265,https://restaurants.pizzahut.co.in/pizza-hut-ph-naraina-vihar-new-delhi-pizza-restaurant-naraina-vihar-industrial-area-new-delhi-305340/Home
94,"Pizza Hut - Narela, Delhi","No 43/1, Arya Samaj Road, Rajeev Colony, Narela, Punjabi Bagh, New Delhi, Delhi, India",110040,New Delhi,Delhi,098990 67401,https://restaurants.pizzahut.co.in/pizza-hut-ph-narela-new-delhi-pizzerias-punjabi-bagh-new-delhi-275647/Home
95,"Pizza Hut - Nehru Place, Delhi","Shop No 8 & 9, Satyam Cinema, Nehru Place, New Delhi, Delhi, India",110019,New Delhi,Delhi,098993 23183,https://restaurants.pizzahut.co.in/pizza-hut-nehru-place-pizza-restaurant-nehru-place-new-delhi-1422/Home
96,"Pizza Hut - Omaxe Chandni Chowk, Delhi","Shop No 157 & 158, 2nd Floor, Omaxe Chowk, Chandni Chowk, New Delhi, Delhi, India",110006,New Delhi,Delhi,089290 36913,https://restaurants.pizzahut.co.in/pizza-hut-ph-omaxe-chandni-chowk-delhi-pizza-restaurant-chandni-chowk-new-delhi-307532/Home
97,"Pizza Hut - Palam, Delhi","Plot No 68, Raj Nagar Extension, Khasra No 69/7, Palam Colony, New Delhi, Delhi, India",110045,New Delhi,Delhi,089290 34401,https://restaurants.pizzahut.co.in/pizza-hut-ph-palam-colony-new-delhi-pizza-restaurant-palam-colony-new-delhi-304309/Home
98,"Pizza Hut - Paschim Vihar, Delhi","Plot No 1, UGF, Shubham Enclave, Block A, Paschim Vihar, New Delhi, Delhi, India",110063,New Delhi,Delhi,098733 10117,https://restaurants.pizzahut.co.in/pizza-hut-ph-paschim-vihar-delhi-pizzerias-paschim-vihar-new-delhi-264499/Home
99,"Pizza Hut - Puri City Center Ranibagh, Delhi","No 08, Ground Floor, PP City Centre, Pitampura, Rani Bagh, New Delhi, Delhi, India",110034,New Delhi,Delhi,072900 67641,https://restaurants.pizzahut.co.in/pizza-hut-rani-bagh-pizza-restaurant-rani-bagh-new-delhi-81403/Home
100,"Pizza Hut - RK Asram, Delhi","Ground Floor, Food Court, Food Forum, RK Ashram Metro Station, Line 3, Paharganj, New Delhi, Delhi, India",110055,New Delhi,Delhi,098990 80281,https://restaurants.pizzahut.co.in/pizza-hut-ph-food-forum-rk-asram-marg-pizzerias-paharganj-new-delhi-271945/Home
101,"Pizza Hut - Ramphal Chowk Dwarka, Delhi","No E561B, Palam Extension, Ramphal Chowk, Dwarka, Sector 7, New Delhi, Delhi, India",110077,New Delhi,Delhi,089290 39481,https://restaurants.pizzahut.co.in/pizza-hut-ph-ramphal-chowk-dwarka-pizza-restaurant-dwarka-sector-7-new-delhi-130399/Home
102,"Pizza Hut - Rohini Sector 11, Delhi","Unit No 1 & 1B, Garg Trade Centre, Plot No 6, Rohini, Sector 11, New Delhi, Delhi, India",110085,New Delhi,Delhi,011 4553 6484,https://restaurants.pizzahut.co.in/pizza-hut-ph-sector-11-rohini-pizza-restaurant-rohini-sector-11-new-delhi-175406/Home
103,"Pizza Hut - Saket, Delhi","No 29, Community Centre, Saket, New Delhi, Delhi, India",110017,New Delhi,Delhi,098118 73898,https://restaurants.pizzahut.co.in/pizza-hut-saket-pizza-restaurant-saket-new-delhi-22558/Home
104,"Pizza Hut - Satya Niketan, Delhi","Shop No 123 & 124, Satya Niketan, Opposite Sri Venkateswara College, New Delhi, Delhi, India",110021,New Delhi,Delhi,085888 12624,https://restaurants.pizzahut.co.in/pizza-hut-ph-satya-niketan-delhi-pizzerias-satya-niketan-new-delhi-180265/Home
105,"Pizza Hut - Sector 12, Dwarka","No G22 & 51, PN 5, Hashtag Food Court, Pocket 8, Block B, Dwarka, Sector 12, Near Metro Station, New Delhi, Delhi, India",110077,New Delhi,Delhi,070650 11977,https://restaurants.pizzahut.co.in/pizza-hut-ph-city-centre-mall-sec-12-dwarka-pizza-restaurant-dwarka-sector-12-new-delhi-121520/Home
106,"Pizza Hut - Subhash Nagar, New Delhi","2nd Floor, Pacific Mall, Food Court, Subhash Nagar, Near Subhash Nagar Metro Station, New Delhi, Delhi, India",110027,New Delhi,Delhi,011 4513 6991,https://restaurants.pizzahut.co.in/pizza-hut-subhash-nagar-pizza-takeaway-subhash-nagar-new-delhi-1435/Home
107,"Pizza Hut - Tank Road Karol Bagh, Delhi","No 17A & 54, Ajmal Khan Road, Block 10, WEA Tank Road, Karol Bagh, New Delhi, Delhi, India",110005,New Delhi,Delhi,098992 72578,https://restaurants.pizzahut.co.in/pizza-hut-ph-wea-tank-road-karol-bagh-pizza-restaurant-karol-bagh-new-delhi-130397/Home
108,Pizza Hut - Tuglakabad Metro Station,,110044,New Delhi,Delhi,,https://restaurants.pizzahut.co.in/pizza-hut-badarpur-new-delhi-in-delhi-new-dellhi-badarpur-13874/Home
109,"Pizza Hut - Uttam Nagar, Delhi","No 35, Bal Udhyan Road, Prem Nagar, Block E, F Block, Uttam Nagar, New Delhi, Delhi, India",110059,New Delhi,Delhi,089290 41246,https://restaurants.pizzahut.co.in/pizza-hut-ph-uttam-nagar-new-delhi-pizzerias-uttam-nagar-new-delhi-294178/Home
110,"Pizza Hut - Vasant Square Mall, Delhi","Shop No 15, I, Vasant Square Mall, Vasant Kunj, New Delhi, Delhi, India",110070,New Delhi,Delhi,074285 00439,https://restaurants.pizzahut.co.in/pizza-hut-vasant-kunj-pizza-delivery-vasant-kunj-new-delhi-24823/Home
111,"Pizza Hut - Vegas Mall, Delhi","Plot No 06, T 301, Vegas Mall, Pocket 1, Dwarka, Sector 14, New Delhi, Delhi, India",110078,New Delhi,Delhi,070650 11699,https://restaurants.pizzahut.co.in/pizza-hut-dwarka-sector-14-pizza-restaurant-dwarka-sector-14-new-delhi-81400/Home
112,"Pizza Hut - Vikas Puri, Delhi","G8, Sonia Theatres, Community Centre,Vikaspuri, New Delhi, Delhi, India",110019,New Delhi,Delhi,089290 98835,https://restaurants.pizzahut.co.in/pizza-hut-vikaspuri-pizza-restaurant-vikaspuri-new-delhi-1431/Home
113,"Pizza Hut - Vivek Vihar, New Delhi","Shop No 101, 1st Floor, Jhilmil Industrial Area, Vivek Vihar, Near Dilshad Garden Metro Station, New Delhi, Delhi, India",110085,New Delhi,Delhi,076694 00260,https://restaurants.pizzahut.co.in/pizza-hut-vivek-vihar-new-delhi-in-delhi-new-delhi-near-dilshad-garden-metro-station-61813/Home
114,"Pizza Hut - Yamuna Vihar, Delhi","No C3/59A, Ground Floor, Service Ln, Blk C, Yamuna Vihar, Shahdara, New Delhi, Delhi, India",110053,New Delhi,Delhi,098997 08307,https://restaurants.pizzahut.co.in/pizza-hut-ph-yamuna-vihar-delhi-pizza-restaurant-shahdara-new-delhi-129853/Home
115,"Pizza Hut - Aquem, Goa","GF, Kayji Palladium, 8 & 9, S No 3 to 5, A Block, Gogol Housing Board, Madgaon, Goa, India",403601,Madgaon,Goa,098990 75025,https://restaurants.pizzahut.co.in/pizza-hut-ph-kayji-palladium-madgaon-pizzerias-margao-margao-275542/Home
116,"Pizza Hut - Fatorda, Goa","Arc E Wing, Osia Commercial, SGPDA Market Complex, E1 to E4, E13 to E16, Madgaon, Goa, India",403601,Madgaon,Goa,086556 89171,https://restaurants.pizzahut.co.in/pizza-hut-fatorda-pizza-restaurant-sgpda-market-complex-margao-1451/Home
117,"Pizza Hut - Mapusa, Goa","Shop No S1 & S2, Morod, Mapusa, Opposite Norberts Fitness, North Goa, Goa, India",403507,North Goa,Goa,098990 71942,https://restaurants.pizzahut.co.in/pizza-hut-ph-morod-mapusa-goa-pizzerias-mapusa-north-goa-271850/Home
118,"Pizza Hut - Patto Colony, Panaji","Predio Abilio Coelho Pereira, Avenida Dom João de Castro, Patto Colony, Near Head Post Office, Panaji, Goa, India",403001,Panaji,Goa,086556 89215,https://restaurants.pizzahut.co.in/pizza-hut-patto-colony-panaji-in-goa-panaji-near-head-post-office-43755/Home
119,"Pizza Hut - Taleigao, Panaji",,403206,Panaji,Goa,,https://restaurants.pizzahut.co.in/pizza-hut-taleigao-panaji-in-goa-panaji-taleigao-83369/Home
120,"Pizza Hut - Porvorim, Goa","House No 250B, NH 66,Alto Porvorim, Opposite O'Coquiero, Porvorim, Goa, India",403521,Porvorim,Goa,089768 83074,https://restaurants.pizzahut.co.in/pizza-hut-alto-porvorim-pizza-restaurant-alto-porvorim-porvorim-36110/Home
121,"Pizza Hut - Porvorim, Goa","No TF4, 3rd Floor, Nova Cidade Complex, Sy No 73/1, Bardez, Alto- Betim Porvorim, Porvorim, Goa, India",403521,Porvorim,Goa,1800 202 2022,https://restaurants.pizzahut.co.in/pizza-hut-porvorim-goa-in-goa-porvorim-alto-betim-porvorim-25416/Home
122,"Pizza Hut - Mormugao, South Goa","Shop No 38 & 40, No 8/1, Umiya Quatro, Plot No C, Commercial Block, Mormugao, Near Airport Dabolim, South Goa, Goa, India",403801,South Goa,Goa,086556 89190,https://restaurants.pizzahut.co.in/pizza-hut-debolim-goa-pizzerias-mormugao-south-goa-275676/Home
123,"Pizza Hut - Dabolim - Cavelossim Rd, Vaneli",,403708,Vaneli,Goa,,https://restaurants.pizzahut.co.in/pizza-hut-dabolim-cavelossim-rd-vaneli-in-goa-vaneli-dabolim-cavelossim-rd-63026/Home
124,"Pizza Hut - Vasco Da Gama, Goa",,403802,Vasco Da Gama,Goa,,https://restaurants.pizzahut.co.in/pizza-hut-vasco-da-gama-goa-in-goa-vasco-da-gama-vaddem-22288/Home
125,"Pizza Hut - Ashram Road, Ahmedabad","No 956, Grnd Flr, City Gold Multiplex, Ashram Road, Next to McDonalds, Navrangpura, Ahmedabad, Gujarat, India",380009,Ahmedabad,Gujarat,098993 22702,https://restaurants.pizzahut.co.in/pizza-hut-ashram-road-pizza-delivery-ashram-road-ahmedabad-1199/Home
126,"Pizza Hut - Bapunagar, Ahmedabad","Shop No 28/29, Shakti Dhara Complex, Bapunagar, Opposite Kakadia Hospital, Ahmedabad, Gujarat, India",380024,Ahmedabad,Gujarat,073049 69147,https://restaurants.pizzahut.co.in/pizza-hut-bapunagar-ahmedabad-in-gujarat-ahmedabad-opposite-kakadia-hospital-24725/Home
127,"Pizza Hut - Char Rasta, Ahmedabad","Shop No 10 to 12, Gr Flr, Hilltown Plaza, Nikol Ring Road, Char Rasta, Nikol, Near Amarjawan Circle, Ahmedabad, Gujarat, India",382350,Ahmedabad,Gujarat,086554 72381,https://restaurants.pizzahut.co.in/pizza-hut-nikol-pizzerias-nikol-ahmedabad-287988/Home
128,"Pizza Hut - Maninagar, Ahmedabad","SN 1, Gr Flr, Rajdeep Dream Building, Pushpakunj, Maninagar, Beside IDBI Bank, Ahmedabad, Gujarat, India",380008,Ahmedabad,Gujarat,086556 89165,https://restaurants.pizzahut.co.in/pizza-hut-ph-maninagar-pizza-restaurant-maninagar-ahmedabad-132663/Home
129,"Pizza Hut - Prahlad Nagar, Ahmedabad","Ground Floor, TOWER-A, A 8, Prahlad Nagar, Ahmedabad, Gujarat, India",380015,Ahmedabad,Gujarat,089768 83075,https://restaurants.pizzahut.co.in/pizza-hut-prahlad-nagar-pizza-restaurant-prahlad-nagar-ahmedabad-23034/Home
130,"Pizza Hut - SG Highway, Ahmedabad","Unit No FH 7, 5th Floor, Palladium, SG Highway, Thaltej, Ahmedabad, Gujarat, India",380054,Ahmedabad,Gujarat,086556 89200,https://restaurants.pizzahut.co.in/pizza-hut-ph-phoenix-mall-pizzerias-thaltej-ahmedabad-264892/Home
131,"Pizza Hut - Sardar Vallabhbhai Patel Int Airport, Ahmedabad","Sardar Vallabhbhai Patel Intnl Airport, Arrival, Hansol, Ahmedabad, Gujarat, India",380003,Ahmedabad,Gujarat,095490 83170,https://restaurants.pizzahut.co.in/pizza-hut-sardar-vallabhbhai-patel-int-airport-ahmedabad-in-gujarat-ahmedabad-hansol-41308/Home
132,"Pizza Hut - Science City, Ahmedabad","Shop/Unit No 2B, Gr Flr, The Obelisk, Science City Sola Road, Sola, Near Science City Cross Road, Ahmedabad, Gujarat, India",380060,Ahmedabad,Gujarat,089760 83455,https://restaurants.pizzahut.co.in/pizza-hut-pizza-hut-science-city-pizza-restaurant-sola-ahmedabad-118013/Home
133,"Pizza Hut - South Bopal, Ahmedabad","Amrapali Axiom, SP Ring Road, Ahmedabad, Gujarat, India",380058,Ahmedabad,Gujarat,079 4032 9758,https://restaurants.pizzahut.co.in/pizza-hut-sp-ring-road-pizza-delivery-sp-ring-road-ahmedabad-34354/Home
134,"Pizza Hut - Tapovan Circle, Ahmedabad","No 2, Ground Floor, Atishay Prism, Tapovan Circle, Visat Koba Rd, Chandkheda, Ahmedabad, Gujarat, India",382424,Ahmedabad,Gujarat,089760 75163,https://restaurants.pizzahut.co.in/pizza-hut-chandkheda-pizza-restaurant-chandkheda-ahmedabad-92396/Home
135,"Pizza Hut - Vandemataram Road, Ahmedabad","No G2, Savvy Swaraaj Sports Club, Vandemataram, Godrej Garden City Rd, Gota, Ahmedabad, Gujarat, India",382481,Ahmedabad,Gujarat,079 4100 6889,https://restaurants.pizzahut.co.in/pizza-hut-vande-matram-pizza-restaurant-gota-ahmedabad-128601/Home
136,"Pizza Hut - Vastrapur, Ahmedabad","3rd Flr, Nexus Ahmedabad One Mall TP, 216, Lake, near Vastrapur, Scheme 01, Vastrapur, Ahmedabad, Gujarat, India",380054,Ahmedabad,Gujarat,086558 41200,https://restaurants.pizzahut.co.in/pizza-hut-nexus-ahmedabad-one-mall-pizza-restaurant-vastrapur-ahmedabad-297438/Home
137,"Pizza Hut - Vitthal Udyognagar, Anand","Shop No 25/26, GF, Maruti Solaris Mall, Sujitra Road, Near Madhubhan Resort, Anand, Gujarat, India",388001,Anand,Gujarat,086558 41226,https://restaurants.pizzahut.co.in/pizza-hut-sujitra-road-pizza-restaurant-sujitra-road-anand-44207/Home
138,"Pizza Hut - Callista Mall, Bardoli","Callista The Mall, Baben, Near Vidhyabharati College, Bardoli, Gujarat, India",394601,Bardoli,Gujarat,081408 64374,https://restaurants.pizzahut.co.in/pizza-hut-ph-bardoli-pizza-restaurant-baben-bardoli-129248/Home
139,"Pizza Hut - Aerodrome Road, Gandhidham","Unit No 1 & 2, Gr Flr, Aura Building, PN 23, Ward 6 Commercial, Airport Road, Besides Om Cineplex, Gandhidham, Gujarat, India",370201,Gandhidham,Gujarat,089768 84868,https://restaurants.pizzahut.co.in/pizza-hut-ph-gandhidham-pizza-restaurant-airport-road-gandhidham-167662/Home
140,"Pizza Hut - Gandhinagar, Ahmedabad","GF, Pramukh Mastana Arcade, UN 1 to 6, Gandhinagar - Kudasan Road, Urja Ngr, Kudasan, Gandhinagar, Gujarat, India",382421,Gandhinagar,Gujarat,089768 83073,https://restaurants.pizzahut.co.in/pizza-hut-gandhi-ngr-pizza-restaurant-gandhi-ngr-gandhinagar-93175/Home
141,"Pizza Hut - PN Marg, Jamnagar","Shop No 1, Ground Floor, HB Empire, PN Marg, Jamnagar, Opposite Dhanvantri Ground, Jamnagar, Gujarat, India",361008,Jamnagar,Gujarat,098993 19183,https://restaurants.pizzahut.co.in/pizza-hut-ph-hb-empire-jamnagar-pizza-restaurant-jamnagar-jamnagar-125852/Home
142,"Pizza Hut - Shree Hari Complex, Nadiad","Unit No 2, Shree Hari Complex, Uttar Sanda Road, Opposite Kokran Temple, Nadiad, Gujarat, India",387001,Nadiad,Gujarat,086556 89196,https://restaurants.pizzahut.co.in/pizza-hut-pizza-hut-nadiad-pizza-restaurant-uttar-sanda-road-nadiad-175142/Home
143,"Pizza Hut - Naval Nagar, Rajkot","Ground Floor, R World Inox, Kasturba Road, Naval Nagar, Rajkot, Gujarat, India",360001,Rajkot,Gujarat,089760 83765,https://restaurants.pizzahut.co.in/pizza-hut-naval-nagar-rajkot-in-gujarat-rajkot-naval-nagar-11737/Home
144,"Pizza Hut - Raiya Chowk, Rajkot","No 13 & 14, Gr Flr, Westgate 1 Building, 150 Feet Ring Road, Raiya Chowk, Rajkot, Gujarat, India",360007,Rajkot,Gujarat,089760 83328,https://restaurants.pizzahut.co.in/pizza-hut-ph-rajkot-pizzerias-raiya-chowk-rajkot-274999/Home
145,"Pizza Hut - Edifice Mall, Silvassa","No 185P, Edifice The Mal, Gujarat State Hwy, Prithviraj Chauhan Marg, Silvassa, Gujarat, India",396230,Silvassa,Gujarat,098993 05604,https://restaurants.pizzahut.co.in/pizza-hut-edifice-mall-silvassa-pizza-restaurant-prithviraj-chauhan-marg-silvassa-301874/Home
146,"Pizza Hut - Atlanta Mall, Surat","Shop No 40, 41 & 43, Atlanta Mall, Mota Varacha, Surat, Gujarat, India",394101,Surat,Gujarat,086558 41198,https://restaurants.pizzahut.co.in/pizza-hut-ph-mota-varacha-pizzerias-mota-varacha-surat-297997/Home
147,"Pizza Hut - Parvatpatiya, Surat","S No G21, G22 & B1, Gr Flr, The Palace, Godadara Road, Parvat Patia, Opposite Capital Square, Surat, Gujarat, India",395010,Surat,Gujarat,086556 89169,https://restaurants.pizzahut.co.in/pizza-hut-ph-parvatpatia-surat-pizza-restaurant-parvat-patia-surat-175141/Home
148,"Pizza Hut - Piplod, Surat","No 1C, Ground Floor, Rahul Raj Mall, Dumbas Road, Piplod, Surat, Gujarat, India",395007,Surat,Gujarat,086556 89252,https://restaurants.pizzahut.co.in/pizza-hut-ph-rr-mall-pizza-restaurant-piplod-surat-305593/Home
149,"Pizza Hut - Tribhuvan, Surat","OB/1, Tribhuvan Complex, Ghod Dod Road, Next to Baskin Robbins, Surat, Gujarat, India",395007,Surat,Gujarat,095126 42270,https://restaurants.pizzahut.co.in/pizza-hut-ghod-dod-road-pizza-restaurant-ghod-dod-road-surat-1132/Home
150,"Pizza Hut - Vesu, Surat","Ground floor, Shop no. 32 & 33, Palladium, VIP road, Vesu, Surat, Gujarat, India",395007,Surat,Gujarat,089760 75561,https://restaurants.pizzahut.co.in/pizza-hut-vesu-surat-in-gujarat-surat-vesu-31435/Home
151,Pizza Hut - Adajan Gam LP Savani,,380050,"Umra Bridge, Adajan Gam",Gujarat,,https://restaurants.pizzahut.co.in/pizza-hut-in-gujarat-umra-bridge-adajan-gam-adajan-gam-36844/Home
152,"Pizza Hut - Akota, Vadodara","FP 2B, TP1, Ground Floor, Pushti Complex, Old Padra Road, Akota, Vadodara, Gujarat, India",390020,Vadodara,Gujarat,086554 72382,https://restaurants.pizzahut.co.in/pizza-hut-op-road-pizzerias-akota-vadodara-287989/Home
153,"Pizza Hut - Akota, Vadodara","Shop No 24, Ground Floor, Crossway Mall, Shanadevi Marg, Dandia Bazar Rd, Akota, Vadodara, Gujarat, India",390001,Vadodara,Gujarat,086558 41197,https://restaurants.pizzahut.co.in/pizza-hut-ph-akota-pizza-restaurant-akota-vadodara-167661/Home
154,"Pizza Hut - Eva Mall, Vadodara","SN TF 11, 3rd Floor, Eva Mall, Manjalpur, Near Saraswati Cplx, Vadodara, Gujarat, India",390011,Vadodara,Gujarat,089768 83072,https://restaurants.pizzahut.co.in/pizza-hut-manjalpur-pizza-restaurant-manjalpur-vadodara-22450/Home
155,"Pizza Hut - Inorbit Mall, Vadodara","Unit no kiosk 9 Inorbt Mall, Alembic Rd, Gorwa, Vadodara, Gujarat, India",390023,Vadodara,Gujarat,097277 59092,https://restaurants.pizzahut.co.in/pizza-hut-gorwa-pizza-restaurant-gorwa-vadodara-44218/Home
156,"Pizza Hut - Nilamber Triumph Mall, Vadodara","Shop No 7 & 8, Gr Flr, Nilamber Triumph, Vasna Gotri Road, Nilamber Circle, Vadodara, Gujarat, India",390007,Vadodara,Gujarat,086556 89216,https://restaurants.pizzahut.co.in/pizza-hut-nilamber-circle-pizza-restaurant-nilamber-circle-vadodara-93174/Home
157,"Pizza Hut - Racecourse, Vadodara","Shop No 31A & 31B, GF, Trivia Complex, Natubhai Circle, Racecourse, Vadodara, Gujarat, India",390007,Vadodara,Gujarat,089768 84951,https://restaurants.pizzahut.co.in/pizza-hut-ph-trivia-mall-pizzerias-racecourse-vadodara-273311/Home
158,"Pizza Hut - Sama Savli Road, Vadodara","Shop No 1, 2, 101 & 102 Lotus Aura 2, Sama Savli Road, Opposite Lilleria Party Plot, Vadodara, Gujarat, India",390024,Vadodara,Gujarat,086558 41215,https://restaurants.pizzahut.co.in/pizza-hut-ph-sama-salvi-vadodara-pizza-restaurant-sama-savli-road-vadodara-167660/Home
159,"Pizza Hut - Uma Chaar Rasta Waghodia Rd, Vadodra","No 2 Ground Floor, Gajanand Society, Uma Cross Road, Waghodia Road, Near Shrinathji Society, Vadodara, Gujarat, India",390019,Vadodara,Gujarat,081413 42164,https://restaurants.pizzahut.co.in/pizza-hut-ph-uma-charrasta-pizza-restaurant-waghodia-road-vadodara-129247/Home
160,"Pizza Hut - Sai Leela Mall, Valsad","Shop No 06 to 08, Sai Leela Mall, Sonanagar, Abrama, Valsad, Gujarat, India",396001,Valsad,Gujarat,086556 89168,https://restaurants.pizzahut.co.in/pizza-hut-pizza-hut-fcd-pizza-restaurant-sonanagar-abrama-valsad-124673/Home
161,"Pizza Hut - Galaxy, Vapi","Hotel Fortune Galaxy, GIDC, NH 8, Vapi, Gujarat, India",396195,Vapi,Gujarat,1800 202 2022,https://restaurants.pizzahut.co.in/pizza-hut-nh-8-pizza-restaurant-nh-8-vapi-1159/Home
162,"Pizza Hut - Cantt, Ambala","S No 9 & 180/1 to 3, Minerva Cinema Cplx, Rai Market Road, Ambala Cantt, Opposite Indira Park, Ambala, Haryana, India",133001,Ambala,Haryana,089292 42081,https://restaurants.pizzahut.co.in/pizza-hut-ph-rai-market-ambala-cantt-pizza-restaurant-ambala-cantt-ambala-130401/Home
163,"Pizza Hut - Sector 10, Ambala","Shop No 5, 9 & 23, Vatika City Central, Dividing Road, Sector 10, Ambala, Haryana, India",134003,Ambala,Haryana,078350 47266,https://restaurants.pizzahut.co.in/pizza-hut-sector-10-ambala-in-haryana-ambala-sector-10-83910/Home
164,Pizza Hut - Triple Metroplex Bahadurgarh,"SN 5, Kh No 433/1, Triple Metroplex, Kh No 433/1, Main Rohtak Rd, Opposite Metro Pillar no 888, Bahadurgarh, Haryana, India",124507,Bahadurgarh,Haryana,070650 11388,https://restaurants.pizzahut.co.in/pizza-hut-main-rohtak-rd-pizzerias-main-rohtak-rd-bahadurgarh-25918/Home
165,"Pizza Hut - Crown Interior Mall, Faridabad","Shop No 19 & 20, Crown Interiorz Mall, Mathura Rd, Faridabad, Haryana, India",121003,Faridabad,Haryana,089290 26537,https://restaurants.pizzahut.co.in/pizza-hut-mathura-rd-pizza-restaurant-mathura-rd-faridabad-1437/Home
166,"Pizza Hut - Crown Plaza, Faridabad","Shop No LG2, 27/5, Crown Plaza Mall, NH-19, Azad Colony, Sector 15A, Faridabad, Haryana, India",121007,Faridabad,Haryana,089290 36016,https://restaurants.pizzahut.co.in/pizza-hut-ph-crown-plaza-faridabad-pizzerias-sector-15a-faridabad-185309/Home
167,"Pizza Hut - HBH Colony, Sector 28",,121008,Faridabad,Haryana,,https://restaurants.pizzahut.co.in/pizza-hut-hbh-colony-sector-28-in-haryana-faridabad-sector-28-47195/Home
168,"Pizza Hut - Omaxe World Sector 79, Faridabad","SCO 48, Ground & 1st Floor, Omaxe World Street, Sector 79, Faridabad, Haryana, India",121006,Faridabad,Haryana,070650 11668,https://restaurants.pizzahut.co.in/pizza-hut-sector-79-pizza-restaurant-sector-79-faridabad-107791/Home
169,"Pizza Hut - Pacific Mall, Faridabad","SN 6, 4th Flr, Food Court, Pacific Mall, New Industrial Township, Krishna Nagar, Faridabad, Haryana, India",121001,Faridabad,Haryana,1800 202 2022,https://restaurants.pizzahut.co.in/pizza-hut-pacific-mall-faridabad-pizzerias-krishna-nagar-faridabad-294565/Home
170,"Pizza Hut - Piyush Mall, Faridabad","Piyush Mahendra Metropolitian Mall, No 28 & 29,G27,New Industrial Town, Opposite Dushahara Ground, Faridabad, Haryana, India",121001,Faridabad,Haryana,098995 59795,https://restaurants.pizzahut.co.in/pizza-hut-new-industrial-town-pizza-restaurant-new-industrial-town-faridabad-36118/Home
171,"Pizza Hut - Sector 15, Faridabad","SCF No 42, Sector 15, Faridabad, Haryana, India",121007,Faridabad,Haryana,089290 31674,https://restaurants.pizzahut.co.in/pizza-hut-ph-sector-15-faridabad-pizza-restaurant-sector-15-faridabad-305344/Home
172,"Pizza Hut - Sector 85, Faridabad",,121002,Faridabad,Haryana,,https://restaurants.pizzahut.co.in/pizza-hut-sector-85-faridabad-in-haryana-faridabad-sector-85-52086/Home
173,"Pizza Hut - Ambience Mall, Gurugram","R1, 3rd Floor, Ambience Mall, Ambience Island, NH 8, Gurugram, Haryana, India",122002,Gurugram,Haryana,0124 466 5377,https://restaurants.pizzahut.co.in/pizza-hut-ambience-island-nh-8-pizza-restaurant-ambience-island-nh-8-gurugram-1408/Home
174,"Pizza Hut - Ansal Plaza Mall, Gurugram","Ground Floor, Ansal Plaza Mall, SN 1 & 2, Palam Vihar, Sector 23A, Gurugram, Haryana, India",122017,Gurugram,Haryana,089760 82591,https://restaurants.pizzahut.co.in/pizza-hut-ansal-plaza-palam-vihar-pizza-restaurant-palam-vihar-sector-23a-gurugram-1098/Home
175,"Pizza Hut - Baani Square, Gurgaon","F 58, 1st Floor, Baani Square, Sector 50, Gurugram, Haryana, India",122002,Gurugram,Haryana,0124 472 9292,https://restaurants.pizzahut.co.in/pizza-hut-sector-50-pizza-delivery-sector-50-gurugram-22563/Home
176,Pizza Hut - Central Plaza Mall,"Shop No 7, Gr Flr, Golf Course Road, Sector 53, Gurugram, Haryana, India",122011,Gurugram,Haryana,089760 82961,https://restaurants.pizzahut.co.in/pizza-hut-sector-53-pizza-restaurant-sector-53-gurugram-2377/Home
177,"Pizza Hut - Cyber Greens, Gurgaon","No A2, Cyber Greens, Cyber City, DLF Phase 3, Near ICICI bank, Gurugram, Haryana, India",122001,Gurugram,Haryana,089760 82886,https://restaurants.pizzahut.co.in/pizza-hut-cyber-greens-pizza-takeaway-dlf-phase-3-gurugram-1094/Home
178,"Pizza Hut - Huda Market, Gurugram","SCO 24, Ground Floor, Old Delhi Road,Sector 14, Gurugram, Haryana, India",122001,Gurugram,Haryana,089290 32490,https://restaurants.pizzahut.co.in/pizza-hut-sector-14-pizza-restaurant-sector-14-gurugram-1248/Home
179,"Pizza Hut - ILD Trade Centre, Gurgaon","Ground Floor, ILD Trade Centre, D1 Block, Badshahpur Sohna Hwy, Malibu Town, Sec 47, Gurugram, Haryana, India",122018,Gurugram,Haryana,098730 68865,https://restaurants.pizzahut.co.in/pizza-hut-ph-ild-trade-center-gurugram-pizzerias-malibu-town-sec-47-gurugram-259079/Home
180,"Pizza Hut - IRIS Broadway Sector 85, Gurgaon","Shop No G145, 146 & G147, Ground Floor, IRIS Broadway, Sector 85, Gurugram, Haryana, India",122004,Gurugram,Haryana,070650 11533,https://restaurants.pizzahut.co.in/pizza-hut-sector-85-pizza-restaurant-sector-85-gurugram-81395/Home
181,"Pizza Hut - M3M Broadway, Gurgaon","Ground Floor, M3M Broadway, Golf Course Ext Road, Sector 71, Gurugram, Haryana, India",122004,Gurugram,Haryana,085888 69430,https://restaurants.pizzahut.co.in/pizza-hut-ph-m3m-broadway-gurugram-pizza-restaurant-sector-71-gurugram-178190/Home
182,"Pizza Hut - M3M Urbana, Gurgaon","M3M Urbana, Golf Course Extention Road,Sector 67, Gurugram, Haryana, India",122002,Gurugram,Haryana,070650 11244,https://restaurants.pizzahut.co.in/pizza-hut-sector-67-pizza-restaurant-sector-67-gurugram-58295/Home
183,"Pizza Hut - MGF Metropoliton Mall, Gurgaon",,122002,Gurugram,Haryana,,https://restaurants.pizzahut.co.in/pizza-hut-ph-mgf-mall-gurugram-pizza-restaurant-sector-25-gurugram-305356/Home
184,"Pizza Hut - Manesar, Gurgaon","No D/12, HSIIDC Market, IMT, Manesar, Sector 1, Gurugram, Haryana, India",122051,Gurugram,Haryana,097118 72822,https://restaurants.pizzahut.co.in/pizza-hut-ph-hsiidc-market-manesar-pizzerias-manesar-sector-1-gurugram-197662/Home
185,"Pizza Hut - Medicity, Gurgaon","Medanta Medicity Ratings, No 1/2/14977, Sector 38, Gurugram, Haryana, India",122001,Gurugram,Haryana,1800 202 2022,https://restaurants.pizzahut.co.in/pizza-hut-sector-38-pizza-restaurant-sector-38-gurugram-6139/Home
186,"Pizza Hut - New Town Square, Gurgaon","SN SH/G/039, Gr Flr, Newtown Square, Sector 95A, Gurugram, Haryana, India",122505,Gurugram,Haryana,089290 36148,https://restaurants.pizzahut.co.in/pizza-hut-ph-new-town-square-gurugram-pizzerias-sector-95a-gurugram-185506/Home
187,"Pizza Hut - Ocus Medley Sector 99, Gurgaon","No G99, Ground Floor, Ocus Medley, Dwarka Expressway, Sector 99, Gurugram, Haryana, India",122001,Gurugram,Haryana,085060 05452,https://restaurants.pizzahut.co.in/pizza-hut-ph-ocus-medley-gurugram-pizzerias-sector-99-gurugram-235144/Home
188,"Pizza Hut - Sadar Bazar, Gurgaon","Sco No 34, Huda complex, Sohna Chowk, Sector 11, Gurugram, Haryana, India",122001,Gurugram,Haryana,089291 18240,https://restaurants.pizzahut.co.in/pizza-hut-ph-sadar-bazar-gurgaon-pizza-restaurant-sector-11-gurugram-307977/Home
189,"Pizza Hut - Sector 106, Gurugram",,122017,Gurugram,Haryana,,https://restaurants.pizzahut.co.in/pizza-hut-sector-106-gurugram-in-haryana-gurugram-dwarka-expressway-78369/Home
190,"Pizza Hut - Sector 23A, Gurugram","SCO 63, Ground Floor, Huda Market,Palam Vihar,Sector 23A, Opposite HP Petrol Pump, Gurugram, Haryana, India",122015,Gurugram,Haryana,089760 82817,https://restaurants.pizzahut.co.in/pizza-hut-palam-vihar-sector-23a-pizza-delivery-palam-vihar-sector-23a-gurugram-1095/Home
191,"Pizza Hut - Sector 31 Huda Market, Gurgaon","Sco No 06, 1st Floor, Huda Market, Sector 31, Gurugram, Haryana, India",122003,Gurugram,Haryana,089290 31668,https://restaurants.pizzahut.co.in/pizza-hut-sector-31-huda-market-pizza-restaurant-sector-31-gurugram-315627/Home
192,"Pizza Hut - Sector 4, Gurgaon","SCF 37, Dhanwapur Road, Huda Market, Sector 4, Gurugram, Haryana, India",122006,Gurugram,Haryana,098995 53992,https://restaurants.pizzahut.co.in/pizza-hut-sector-4-pizza-restaurant-sector-4-gurugram-1445/Home
193,"Pizza Hut - Sector 57, Gurugram","Shop No 13/14, Hong Kong Bazaar,Sector 57, Gurugram, Haryana, India",122003,Gurugram,Haryana,089760 83031,https://restaurants.pizzahut.co.in/pizza-hut-sector-57-pizza-restaurant-sector-57-gurugram-35793/Home
194,"Pizza Hut - Sector 58, Gurgugram",,122102,Gurugram,Haryana,,https://restaurants.pizzahut.co.in/pizza-hut-sector-58-gurgugram-in-haryana-gurugram-sector-58-91827/Home
195,"Pizza Hut - Sector-10, Gurgaon","Plot No 19, SCO 3, Urban Estate, Sector 10 A, Gurugram, Haryana, India",122001,Gurugram,Haryana,0124 400 8716,https://restaurants.pizzahut.co.in/pizza-hut-sector-10-a-pizza-restaurant-sector-10-a-gurugram-1444/Home
196,"Pizza Hut - Supermart 1, Gurgaon","Shop No B139 & B141, Supermart 1, DLF Phase 4,Sushant Lok, Gurugram, Haryana, India",122002,Gurugram,Haryana,070650 00248,https://restaurants.pizzahut.co.in/pizza-hut-sushant-lok-pizza-restaurant-sushant-lok-gurugram-23565/Home
197,"Pizza Hut - Unitech Cyber Park, Gurugram","Grnd Flr, UNITECH CYBER PARK, Sector 39, Gurugram, Haryana, India",122003,Gurugram,Haryana,089290 32734,https://restaurants.pizzahut.co.in/pizza-hut-sector-39-pizza-restaurant-sector-39-gurugram-1443/Home
198,"Pizza Hut - Neelkanth, Karnal","Neelkanth Star, NH 1, Karnal, Haryana, India",132001,Karnal,Haryana,098997 06491,https://restaurants.pizzahut.co.in/pizza-hut-nh-1-pizza-restaurant-nh-1-karnal-98965/Home
199,"Pizza Hut - Elan Mercado, Gurgaon","No 24, 25, 40 & 41, GF, Elan Mercado, Sector 80, Manesar, Haryana, India",122050,Manesar,Haryana,089296 08122,https://restaurants.pizzahut.co.in/pizza-hut-elan-mercado-gurgaon-pizzerias-sector-80-manesar-285253/Home
200,"Pizza Hut - Mansadevi, Panchkula","Shop No 137, MDC Complex, Sector 5, Panchkula, Haryana, India",134108,Panchkula,Haryana,0172 513 9468,https://restaurants.pizzahut.co.in/pizza-hut-sector-5-pizza-restaurant-sector-5-panchkula-1269/Home
201,"Pizza Hut - Fun City Mall, Panipat","Ground Floor, FunCity Mall, Grand Trunk Road,Preet Vihar,Sector 6, Panipat, Haryana, India",132103,Panipat,Haryana,089290 25895,https://restaurants.pizzahut.co.in/pizza-hut-sector-6-pizza-restaurant-sector-6-panipat-1381/Home
202,"Pizza Hut - Fatehpur, Pundri",,136020,Pundri,Haryana,,https://restaurants.pizzahut.co.in/pizza-hut-fatehpur-pundri-in-haryana-pundri-fatehpur-98393/Home
203,"Pizza Hut - Civil Lines, Rohtak","No 190, Delhi Road,Civil Lines, Rohtak, Haryana, India",124001,Rohtak,Haryana,098996 30272,https://restaurants.pizzahut.co.in/pizza-hut-civil-lines-pizza-restaurant-civil-lines-rohtak-1407/Home
204,"Pizza Hut - Hissar Highway, Sirsa","OHM Complex, NH9, Sirsa Fatehabad Road, Kasan Khera, Sirsa, Haryana, India",125055,Sirsa,Haryana,098995 26936,https://restaurants.pizzahut.co.in/pizza-hut-ph-ohm-sirsa-pizza-restaurant-kasan-khera-sirsa-170304/Home
205,"Pizza Hut - MG Mall, Sonipat","Shop No 7 to 9, Ground Floor, MG Malll, Sector 14, Sonipat, Haryana, India",131001,Sonipat,Haryana,098992 48083,https://restaurants.pizzahut.co.in/pizza-hut-sector-14-pizza-restaurant-sector-14-sonipat-55203/Home
206,"Pizza Hut - Tejpur, Faridabad","33, LHS, Delhi - Mumbai Expressway, Tajpur, Haryana, India",121103,Tajpur,Haryana,1800 202 2022,https://restaurants.pizzahut.co.in/pizza-hut-tejpur-faridabad-in-haryana-faridabad-tejpur-57153/Home
207,"Pizza Hut - Brijpuri Colony, Yamuna Nagar","No 27, Professor Colony, Krishna Colony, Model Town, Yamuna Nagar, Haryana, India",135001,Yamuna Nagar,Haryana,098991 86670,https://restaurants.pizzahut.co.in/pizza-hut-ph-brijpuri-colony-yamuna-nagar-pizza-restaurant-model-town-yamuna-nagar-137240/Home
208,"Pizza Hut - Birta, Kangra","47CP+HQC, Shimla-Kangra Road, Bhawan, Birta, Himachal Pradesh, India",176001,"Bhawan, Birta",Himachal Pradesh,1800 202 2022,https://restaurants.pizzahut.co.in/pizza-hut-birta-kangra-in-himachal-pradesh-kangra-birta-35558/Home
209,"Pizza Hut - Maximus Mall, Dharamshala","Maximus mall, Kangra, Kotwali Bazar, Near Mann Filling Station, Dharamshala, Himachal Pradesh, India",176215,Dharamshala,Himachal Pradesh,070650 11778,https://restaurants.pizzahut.co.in/pizza-hut-kotwali-bazar-pizza-restaurant-kotwali-bazar-dharamshala-64001/Home
210,"Pizza Hut - Hotel Maple Retreat, Manali","Food Court, Hotel Maple Retreat, NH 21, Kullu, Rangri, Manali, Himachal Pradesh, India",175131,Manali,Himachal Pradesh,089290 35875,https://restaurants.pizzahut.co.in/pizza-hut-ph-hotel-maple-retreat-kullu-manali-pizzerias-rangri-manali-197657/Home
211,"Pizza Hut - Bhuntar, Nagwain","No 107/124 & 108, 125, No 1667, 1227/796/2, Bhuntar, Nagwain, Himachal Pradesh, India",175121,Nagwain,Himachal Pradesh,089290 31686,https://restaurants.pizzahut.co.in/pizza-hut-bhuntar-nagwain-in-himachal-pradesh-bhuntar-nagwain-aut-35391/Home
212,"Pizza Hut - Mall Road, Shimla","Ground Floor, Food Court, Town Hall, Mall Road, The Mall, Shimla, Himachal Pradesh, India",171001,Shimla,Himachal Pradesh,089290 33828,https://restaurants.pizzahut.co.in/pizza-hut-mall-road-shimla-in-himachal-pradesh-shimla-town-hall-28480/Home
213,"Pizza Hut - Amolak Towers, Solan","Amolak Towers, Saproon, Bypass Solan to Chambaghat,Lawi Khurd, Near Vishkarma Furniture, Solan, Himachal Pradesh, India",173211,Solan,Himachal Pradesh,076693 14690,https://restaurants.pizzahut.co.in/pizza-hut-ph-solan-highway-pizza-restaurant-lawi-khurd-solan-129834/Home
214,"Pizza Hut - Gulmohar Grand, Una","Food Court, The Gulmohar Grand, Una Chandigarh Rd, 8 Miles Stone, Behdala, Una, Himachal Pradesh, India",174306,Una,Himachal Pradesh,1800 202 2022,https://restaurants.pizzahut.co.in/pizza-hut-ph-the-gulmohar-grand-una-pizzerias-behdala-una-184667/Home
215,"Pizza Hut - Dal Lake, Srinagar","1st Floor, Boulevard Road, Oppsite Ghat 11, Srinagar, Jammu And Kashmir, India",190001,Srinagar,Jammu And Kashmir,098993 06237,https://restaurants.pizzahut.co.in/pizza-hut-ph-dal-lake-sri-nagar-pizzerias-boulevard-road-srinagar-294177/Home
216,"Pizza Hut - Main Bemina Road, Srinagar","Ground Floor, Main Bemina Road, Opposite Bemina Degree College, Srinagar, Jammu And Kashmir, India",190018,Srinagar,Jammu And Kashmir,085279 77110,https://restaurants.pizzahut.co.in/pizza-hut-ph-bemina-srinagar-pizza-restaurant-main-bemina-road-srinagar-172140/Home
217,"Pizza Hut - Wave Mall, Jammu","2nd Floor, Wave Mall, Katra B, Opposite Bathindi Road, Jammu, Jammu And Kashmir, India",180015,Jammu,Jammu and Kashmir,089290 25335,https://restaurants.pizzahut.co.in/pizza-hut-katra-b-pizza-restaurant-katra-b-jammu-1372/Home
218,"Pizza Hut - City Walk Mall, Srinagar","SN 302, 3rd Flr, City Walk Shopping Mall, Mouza Kothi Bagh, MA Road, Opposite Catholic Church, Srinagar, Jammu And Kashmir, India",190001,Srinagar,Jammu and Kashmir,089295 93712,https://restaurants.pizzahut.co.in/pizza-hut-ma-road-pizza-restaurant-ma-road-srinagar-98967/Home
219,"Pizza Hut - Bokaro Mall, Jharkhand","Bokaro Mall, IG Marg,Sector 3C, Opposite Sai Hospital, Bokaro, Jharkhand, India",827003,Bokaro,Jharkhand,070650 00732,https://restaurants.pizzahut.co.in/pizza-hut-sector-3c-pizza-restaurant-sector-3c-bokaro-1303/Home
220,"Pizza Hut - Govindpur Road, Dhanbad","Shop No 13, Ground Floor, Govindpur Road, Saraidhela, Near I Ball Restaurant, Dhanbad, Jharkhand, India",828127,Dhanbad,Jharkhand,089290 39124,https://restaurants.pizzahut.co.in/pizza-hut-govindpur-road-dhanbad-in-jharkhand-dhanbad-near-i-ball-restaurant-90593/Home
221,"Pizza Hut - Mango, Jamshedpur","Shop No 2, 16 & 17, Asfia Jamal Gold, Azad Ngr Rd No 1, Mango, East Singhbhum, Jharkhand, India",832110,East Singhbhum,Jharkhand,089292 69956,https://restaurants.pizzahut.co.in/pizza-hut-ph-mango-jamshedpur-pizza-restaurant-mango-east-singhbhum-305345/Home
222,"Pizza Hut - P&M Hitech City Centre, Jamshedpur","Unit Number, RT 11, Mall, P&M Hi Tech, Centre, Bistupur, Jamshedpur, Jharkhand, India",831001,Jamshedpur,Jharkhand,0657 232 1106,https://restaurants.pizzahut.co.in/pizza-hut-bistupur-pizza-restaurant-bistupur-jamshedpur-23479/Home
223,"Pizza Hut - Sakchi, Jamshedpur","H No 300, Line No 10, New Kalimati Road, Kasidih, Jamshedpur, Jharkhand, India",831001,Jamshedpur,Jharkhand,098731 44713,https://restaurants.pizzahut.co.in/pizza-hut-ph-sakchi-jamshedpur-pizza-restaurant-kasidih-jamshedpur-130403/Home
224,"Pizza Hut - Bariatu, Ranchi","No 61, Booty Road, Bariatu, Ranchi, Jharkhand, India",834009,Ranchi,Jharkhand,098990 71058,https://restaurants.pizzahut.co.in/pizza-hut-ph-bariatu-ranchi-pizzerias-bariatu-ranchi-275547/Home
225,"Pizza Hut - Hazaribagh Road, Ranchi","Shop No 12, Ground Floor, Hormah Tower, Old HB Rd, Siromtoli Chowk, Hazaribagh Rd, Ranchi, Jharkhand, India",834001,Ranchi,Jharkhand,089290 37551,https://restaurants.pizzahut.co.in/pizza-hut-ph-hazaribagh-road-ranchi-pizza-restaurant-hazaribagh-rd-ranchi-121590/Home
226,"Pizza Hut - Mall Of Ranchi, Ranchi","Unit No 1, 4th Floor, Mall of Ranchi, Kumhartoli, Ranchi, Jharkhand, India",834001,Ranchi,Jharkhand,097110 77036,https://restaurants.pizzahut.co.in/pizza-hut-mall-of-ranchi-pizzerias-kumhartoli-ranchi-285257/Home
227,"Pizza Hut - Nucleus Mall Circular Road, Ranchi","Shop No 1, Food Court, Circular Road, Lalpur, Ranchi, Jharkhand, India",834001,Ranchi,Jharkhand,083769 05235,https://restaurants.pizzahut.co.in/pizza-hut-lalpur-pizza-restaurant-lalpur-ranchi-22508/Home
228,"Pizza Hut - Old HB Road, Spring City, Ranchi","Shop No 101, Gr Flr, Spring City Mall, Hinoo, Beside Eylex Cinema, Ranchi, Jharkhand, India",834002,Ranchi,Jharkhand,082350 99919,https://restaurants.pizzahut.co.in/pizza-hut-hinoo-pizza-restaurant-hinoo-ranchi-1272/Home
229,"Pizza Hut - JNMC Campus, Belgaum","Unit No 1, Gr Flr, Convention Center, JNMC Campus,Nehru Nagar, Belagavi, Karnataka, India",590001,Belagavi,Karnataka,070650 12128,https://restaurants.pizzahut.co.in/pizza-hut-ph-jnmc-campus-belgaum-pizza-delivery-nehru-nagar-belagavi-107077/Home
230,"Pizza Hut - Tilakwadi, Belgaum","No 198/16/17, RPD College Road, Tilakwadi, Opposite Lakshmi Tower, Belgaum, Karnataka, India",590006,Belgaum,Karnataka,089768 84943,https://restaurants.pizzahut.co.in/pizza-hut-pizza-hut-belgaum-pizza-restaurant-tilakwadi-belgaum-129847/Home
231,"Pizza Hut - Parvathi Nagar, Bellary","No 12/12A/85, CTS WN 16 & 18, Blk No 03, Parvathi Ngr Main Rd,KBH Colony,Devi Ngr, Bellary, Karnataka, India",583101,Bellary,Karnataka,095820 90194,https://restaurants.pizzahut.co.in/pizza-hut-devi-ngr-pizza-restaurant-devi-ngr-bellary-107788/Home
232,"Pizza Hut - AECS Layout, Bangalore",,560037,Bengaluru,Karnataka,,https://restaurants.pizzahut.co.in/pizza-hut-aecs-layout-bangalore-in-karnataka-bangalore-aecs-layout-94776/Home
233,"Pizza Hut - Adugodi, Bengaluru","No 13/1, Chiklakshmaiah Layout, Marigowda Road, Adugodi, Bengaluru, Karnataka, India",560029,Bengaluru,Karnataka,1800 202 2022,https://restaurants.pizzahut.co.in/pizza-hut-adugodi-bengaluru-in-karnataka-bengaluru-adugodi-13127/Home
234,"Pizza Hut - Airport Road, Bangalore","Surya Chambers, HAL Old Airport Road, Bengaluru, Karnataka, India",560017,Bengaluru,Karnataka,089768 84913,https://restaurants.pizzahut.co.in/pizza-hut-airport-road-pizza-restaurant-airport-road-bengaluru-1134/Home
235,"Pizza Hut - Arakere Gate, Bangalore","CMC Khata No 1377, Sy No 148/1 & 148/2, Bannerghatta Main Rd, Sundaram Shetty Ngr, Arakere Gate, Bengaluru, Karnataka, India",560076,Bengaluru,Karnataka,098992 09192,https://restaurants.pizzahut.co.in/pizza-hut-sundaram-shetty-ngr-pizza-restaurant-sundaram-shetty-ngr-bengaluru-104908/Home
236,"Pizza Hut - Ascendas Park Square Mall, Bangalore","LG/02, L Bsmt, Ascendas Park Sq Mall, Main Road,Whitefield, Bengaluru, Karnataka, India",560066,Bengaluru,Karnataka,080 6122 4796,https://restaurants.pizzahut.co.in/pizza-hut-whitefield-pizza-restaurant-whitefield-bengaluru-1182/Home
237,"Pizza Hut - Ashwath Nagar, Bengaluru","No 352, Samrudhi Nilaya, Ashwath Nagar, Thanisandra Main Road, Near Anjaneya Temple, Bengaluru, Karnataka, India",560077,Bengaluru,Karnataka,086554 72410,https://restaurants.pizzahut.co.in/pizza-hut-ashwath-thanisandra-pizza-restaurant-thanisandra-main-road-bengaluru-300163/Home
238,"Pizza Hut - Ayyappa Nagar, Bengaluru","Site No 2, GF, Siva Serinity Building, Kodigehalli Main Rd, Ayyappa Ngr, KR Puram, Next to Reliance Smart, Next to Reliance Smart, Bengaluru, Karnataka, India",560036,Bengaluru,Karnataka,086556 89193,https://restaurants.pizzahut.co.in/pizza-hut-devasandra-ph-pizzerias-kr-puram-bengaluru-281041/Home
239,"Pizza Hut - BTM Layout, Bangalore",,560076,Bengaluru,Karnataka,,https://restaurants.pizzahut.co.in/pizza-hut-btm-layout-bangalore-in-karnataka-bangalore-btm-layout-63916/Home
240,"Pizza Hut - BTM Layout, Bengaluru","Plot No 38, Madivala Dollars Scheme, BTM Layout, 1st Stage, 1stPhz, Marathalli, Bengaluru, Karnataka, India",560076,Bengaluru,Karnataka,076691 68442,https://restaurants.pizzahut.co.in/pizza-hut-marathalli-pizza-restaurant-marathalli-bengaluru-44209/Home
241,"Pizza Hut - Bagulur, Bangalore","Ground Floor, 2nd Cross, Bagalur, Kattigenahalli, Vinayak Nagar, Bengaluru, Karnataka, India",560064,Bengaluru,Karnataka,086556 16072,https://restaurants.pizzahut.co.in/pizza-hut-pizza-hut-bagalur-pizza-restaurant-vinayak-nagar-bengaluru-108913/Home
242,"Pizza Hut - Banashankari 5th Block, Bengaluru","No 10, Sumukha Tower, GF, 100 Ft Ring Rd, 3rd Phz, 3rd Stage, 5th Blk, Banashankari, Bengaluru, Karnataka, India",560085,Bengaluru,Karnataka,089768 84918,https://restaurants.pizzahut.co.in/pizza-hut-ph-banashankari-pizzerias-banashankari-bengaluru-289859/Home
243,"Pizza Hut - Banashankari 5th Stage, Bangalore","No 410, Uttarahalli, Kengari Main Road, 5th stage, Banashankari, Opposite Manthri Alpine, Bengaluru, Karnataka, India",560061,Bengaluru,Karnataka,092896 11331,https://restaurants.pizzahut.co.in/pizza-hut-ph-banashankari-5th-stage-bangalore-pizza-restaurant-banashankari-bengaluru-129855/Home
244,"Pizza Hut - Banashankari 6th Stage, Bangalore","No 3 & 4, Survey No 7, Kanakapura Road, BSK 6 Stage, 4th B Block, Ganigarapalya, Bengaluru, Karnataka, India",560062,Bengaluru,Karnataka,086556 16076,https://restaurants.pizzahut.co.in/pizza-hut-ph-bsk-6-pizza-restaurant-ganigarapalya-bengaluru-170305/Home
245,"Pizza Hut - Banashankari, Bangalore","2469/2470, 21st Main Road, 24th Cross Road, Marenahalli, Banashankari Stage II, J. P. Nagar, Bengaluru, Karnataka, India",560070,Bengaluru,Karnataka,086556 16052,https://restaurants.pizzahut.co.in/pizza-hut-banashankari-2nd-stage-pizza-restaurant-banashankari-2nd-stage-bengaluru-1152/Home
246,"Pizza Hut - Bannerghatta, Bangalore","931, Bhavani Sadana, VijayaBank Colony, 4th Stage,Vijaya Bank Colony ,BTM,Sec 1, Bengaluru, Karnataka, India",560076,Bengaluru,Karnataka,098991 90173,https://restaurants.pizzahut.co.in/pizza-hut-btm-sec-1-pizza-restaurant-btm-sec-1-bengaluru-23937/Home
247,"Pizza Hut - Basaveshwar Nagar, Bangalore","No 87, Bhima Jyothi LIC Colony, Chord Road,Basveshwar Nagar, Bengaluru, Karnataka, India",560079,Bengaluru,Karnataka,086556 16051,https://restaurants.pizzahut.co.in/pizza-hut-basveshwar-nagar-pizza-restaurant-basveshwar-nagar-bengaluru-1153/Home
248,"Pizza Hut - Begur Hobli, Bengaluru","No 35, Khata No 105, Doddathogur Road, Begur Hobli, Bengaluru, Karnataka, India",560100,Bengaluru,Karnataka,086556 89188,https://restaurants.pizzahut.co.in/pizza-hut-neeladri-road-ph-pizzerias-begur-hobli-bengaluru-269517/Home
249,"Pizza Hut - Begur, Bengaluru","Khata No 10, Begur Koppa Road, Suraksha Nagar, Yelenahalli, Begur, Bengaluru, Karnataka, India",560068,Bengaluru,Karnataka,086554 72411,https://restaurants.pizzahut.co.in/pizza-hut-ph-begur-koppa-road-pizza-restaurant-begur-bengaluru-306973/Home
250,"Pizza Hut - Bellandur, Bengaluru","No 8A, The Bay Building, RMZ Eco World, Doddakannelli Road,Bellandur, Bengaluru, Karnataka, India",560103,Bengaluru,Karnataka,1800 202 2022,https://restaurants.pizzahut.co.in/pizza-hut-bellandur-pizza-restaurant-bellandur-bengaluru-44217/Home
251,"Pizza Hut - Bhartiya City Centre, Bangalore","1st Floor, Bhartiya City, UN 07F, Mall, near Chokkanahali, Jayadev Vihar, Bengaluru, Karnataka, India",560064,Bengaluru,Karnataka,076691 68450,https://restaurants.pizzahut.co.in/pizza-hut-ph-bhartiya-city-centre-mall-bangalore-pizza-restaurant-jayadev-vihar-bengaluru-125364/Home
252,"Pizza Hut - Bomanahalli, Bangalore","New Khata No 2004/606/601/284/6/56/13, Ward No 190,Garvebhavipalya,Begur, Bengaluru, Karnataka, India",560068,Bengaluru,Karnataka,070650 11800,https://restaurants.pizzahut.co.in/pizza-hut-begur-pizza-restaurant-begur-bengaluru-81401/Home
253,"Pizza Hut - Bomasandra, Bangalore",,560099,Bengaluru,Karnataka,,https://restaurants.pizzahut.co.in/pizza-hut-electronic-city-pizza-restaurant-electronic-city-bengaluru-1207/Home
254,"Pizza Hut - C V Raman Nagar, Bangalore","Versova Layout, Kaggadasapura Main Road, C V Raman Nagar, Bengaluru, Karnataka, India",560093,Bengaluru,Karnataka,089290 33140,https://restaurants.pizzahut.co.in/pizza-hut-cv-raman-nagar-pizza-restaurant-cv-raman-nagar-bengaluru-1219/Home
255,"Pizza Hut - CMH Road, Bangalore","No 1/1A, CMH Road, Indiranagar, Bengaluru, Karnataka, India",560038,Bengaluru,Karnataka,089760 83455,https://restaurants.pizzahut.co.in/pizza-hut-indiranagar-pizza-restaurant-indiranagar-bengaluru-1140/Home
256,"Pizza Hut - Cental 3 Mall, Bangalore","SN 5/78/7, Bellandur Vill, Sarjapura Road, Varthur Hobli, Bengaluru, Karnataka, India",560103,Bengaluru,Karnataka,089768 84926,https://restaurants.pizzahut.co.in/pizza-hut-varthur-hobli-pizza-restaurant-varthur-hobli-bengaluru-1172/Home
257,"Pizza Hut - Chandapura, Bangalore","Site No, 483 to 486, Chandapura - Anekal Road, near Surya City, Suryanagar Phase I, Chandapura, Iggalur, Bengaluru, Karnataka, India",560081,Bengaluru,Karnataka,098732 61913,https://restaurants.pizzahut.co.in/pizza-hut-ph-chandapura-bangalore-pizzerias-chandapura-bengaluru-259071/Home
258,Pizza Hut - Coles Road,"Coles Road, Pulikeshi Nagar, Bengaluru, Karnataka, India",560005,Bengaluru,Karnataka,,https://restaurants.pizzahut.co.in/pizza-hut-frazer-town-pizza-restaurant-frazer-town-bengaluru-1167/Home
259,"Pizza Hut - Devanhalli, Bengaluru","NH Service Road, NH7 Bypass, Devanhalli, Bengaluru, Karnataka, India",562110,Bengaluru,Karnataka,089290 34864,https://restaurants.pizzahut.co.in/pizza-hut-devanhalli-bengaluru-in-karnataka-bengaluru-devanhalli-26474/Home
260,"Pizza Hut - Deverachikkana Halli, Bangalore","Ground Floor Begur, No 11 & 12, Hobli Road, Kodickickannahalli, Bengaluru, Karnataka, India",560114,Bengaluru,Karnataka,089290 35912,https://restaurants.pizzahut.co.in/pizza-hut-ph-dever-chikkanahalli-bangalore-pizzerias-kodickickannahalli-bengaluru-185502/Home
261,"Pizza Hut - Dommasandra, Bangalore","183/4, No 6 to 8, K Manjunath Reddy Cplx, Sarjapura Main Road, Dommasandra, Opposite Silver Oak School, Bengaluru, Karnataka, India",562125,Bengaluru,Karnataka,086556 16080,https://restaurants.pizzahut.co.in/pizza-hut-dommasandra-bangalore-pizzerias-dommasandra-bengaluru-192838/Home
262,"Pizza Hut - Electronic City 3rd Cross Road, Bengaluru",,560100,Bengaluru,Karnataka,,https://restaurants.pizzahut.co.in/pizza-hut-electronic-city-pizza-restaurant-electronic-city-bengaluru-1283/Home
263,Pizza Hut - Embassy Tech Village,,560103,Bengaluru,Karnataka,,https://restaurants.pizzahut.co.in/pizza-hut-embassy-tech-village-in-karnataka-bengaluru-devarabisanahalli-11275/Home
264,"Pizza Hut - GT Mall, Bangalore","GT World Mall, Magadi Main Road, Cholourpalya, Bengaluru, Karnataka, India",560023,Bengaluru,Karnataka,097116 34462,https://restaurants.pizzahut.co.in/pizza-hut-ph-gt-world-mall-bangalore-pizza-restaurant-cholourpalya-bengaluru-197658/Home
265,"Pizza Hut - Gandhi Bazzar Basavangudi, Bangalore","79/1, GF, Aishwarya Sampurna, BBMP South, Vani Vilas Rd, Gandhi Bazzar, Basavanagudi, Bengaluru, Karnataka, India",560004,Bengaluru,Karnataka,098994 97294,https://restaurants.pizzahut.co.in/pizza-hut-basavanagudi-pizza-restaurant-basavanagudi-bengaluru-1208/Home
266,"Pizza Hut - Giddenahalli, Bangalore","Survey No 746 Thirumagondanahali, Service Rd, next to Adyar, Anand Bhawan, Giddenahali, Bengaluru, Karnataka, India",562107,Bengaluru,Karnataka,089290 97042,https://restaurants.pizzahut.co.in/pizza-hut-ph-attebelle-giddenahalli-pizzerias-giddenahali-bengaluru-180268/Home
267,"Pizza Hut - Global Mall Salarpuria, Banaglore","Shopping Mall, Sattva Divinity Residential, Pantarapalya, Nayanda Halli, Bengaluru, Karnataka, India",560026,Bengaluru,Karnataka,076691 59181,https://restaurants.pizzahut.co.in/pizza-hut-ph-global-malls-nayandra-hall-pizzerias-nayanda-halli-bengaluru-235136/Home
268,"Pizza Hut - Gottigere, Bangalore","No 2, VP Katha No 301, Uttarahalli Hobli, Gottigere, Bengaluru, Karnataka, India",560083,Bengaluru,Karnataka,086556 16077,https://restaurants.pizzahut.co.in/pizza-hut-ph-gottigere-pizzerias-gottigere-bengaluru-182923/Home
269,"Pizza Hut - HMT Layout, Bengaluru",,560054,Bengaluru,Karnataka,,https://restaurants.pizzahut.co.in/pizza-hut-hmt-layout-bengaluru-in-karnataka-bengaluru-mathikere-54927/Home
270,"Pizza Hut - HSR Layout, Bangalore","No 3, Ground Floor, HSR Layout, Sector 4, Opposite BDA Complex, Bengaluru, Karnataka, India",560102,Bengaluru,Karnataka,086556 16071,https://restaurants.pizzahut.co.in/pizza-hut-hsr-layout-pizza-restaurant-hsr-layout-sector-4-bengaluru-1450/Home
271,"Pizza Hut - Hesarghatta Main Rd, Bangalore","No 751, Geleyara Balaga Layout, Hesarghatta Main Road, Jalahalli West, Bengaluru, Karnataka, India",560090,Bengaluru,Karnataka,084472 03213,https://restaurants.pizzahut.co.in/pizza-hut-ph-hesarghatta-main-rd-jalahalli-west-pizza-restaurant-jalahalli-west-bengaluru-127528/Home
272,"Pizza Hut - Hoodi Metro Station, Bengaluru","No 408/1, Unit No 1, New No 437, Hoodi Graphite Road, Opposite Hoodi Metro Station, Bengaluru, Karnataka, India",560048,Bengaluru,Karnataka,086556 89192,https://restaurants.pizzahut.co.in/pizza-hut-hoodi-ph-pizzerias-hoodi-graphite-road-bengaluru-275546/Home
273,"Pizza Hut - Horamavu, Bangalore","No 19, Ground Floor, Sheshadri Plaza, 3rd Main Road, Horamavu, Bengaluru, Karnataka, India",560043,Bengaluru,Karnataka,098995 52532,https://restaurants.pizzahut.co.in/pizza-hut-horamavu-bangalore-pizzerias-horamavu-bengaluru-285254/Home
274,"Pizza Hut - Hosa Road, Bangalore","Main Road, Kasavanahalli, Bengaluru, Karnataka, India",560035,Bengaluru,Karnataka,085888 32485,https://restaurants.pizzahut.co.in/pizza-hut-ph-kasavanahalli-hosa-road-pizzerias-kasavanahalli-bengaluru-250619/Home
275,"Pizza Hut - Hoskote, Bangalore","VM Icon Om Road, National Highway 75, opposite Reliance Petrol Pump, Hoskote, Bengaluru, Karnataka, India",562114,Bengaluru,Karnataka,089768 84945,https://restaurants.pizzahut.co.in/pizza-hut-pizza-hut-hoskote-pizza-restaurant-hoskote-bengaluru-132489/Home
276,"Pizza Hut - JP Nagar 4th Phase, Bangalore","Site No 2, Ground Floor, 4th Phase, 100 Feet Road, JP Nagar, Bengaluru, Karnataka, India",560078,Bengaluru,Karnataka,1800 202 2022,https://restaurants.pizzahut.co.in/pizza-hut-ph-jp-nagar-bangalore-new-pizza-restaurant-jp-nagar-bengaluru-313295/Home
277,"Pizza Hut - JP Nagar, Bangalore","UN 76, RBI East Layout, 7th Phase, Puttenahalli Road, JP Nagar, Bengaluru, Karnataka, India",560078,Bengaluru,Karnataka,089768 84914,https://restaurants.pizzahut.co.in/pizza-hut-jp-nagar-pizza-restaurant-jp-nagar-bengaluru-21761/Home
278,"Pizza Hut - K R Puram, Bengaluru","No 19/3, Plot No 6, K R Puram, Banaswadi Dhakle,Hobli,Rammurthy Nagar, Opposite BPCL Petrol Pump, Bengaluru, Karnataka, India",560016,Bengaluru,Karnataka,076691 59187,https://restaurants.pizzahut.co.in/pizza-hut-rammurthy-nagar-pizza-restaurant-rammurthy-nagar-bengaluru-1216/Home
279,"Pizza Hut - Kamanhalli, Bangalore","No 12, CMR Road,2nd Block,Kalyan Nagar, Bengaluru, Karnataka, India",560043,Bengaluru,Karnataka,086556 16075,https://restaurants.pizzahut.co.in/pizza-hut-pizza-hut-kalyan-nagar-pizza-restaurant-kalyan-nagar-bengaluru-125218/Home
280,"Pizza Hut - Kanaka Nagar, Bengaluru","No 95/74/40/1, KHB Road, Adarsha Nagar, Kavalbyrasandra, Bengaluru, Karnataka, India",560032,Bengaluru,Karnataka,1800 202 2022,https://restaurants.pizzahut.co.in/pizza-hut-kanakanagar-pizza-restaurant-kavalbyrasandra-bengaluru-300083/Home
281,"Pizza Hut - Kasaba Hobli, Bengaluru","K6, 132/1A, 132/1B, 133/2, 133/1 & 134/1, Nagvara, Thanisandra Main Rd, Kasaba Hobli, Bengaluru, Karnataka, India",560077,Bengaluru,Karnataka,084315 38079,https://restaurants.pizzahut.co.in/pizza-hut-msr-regaliaa-elements-mall-pizza-restaurant-kasaba-hobli-bengaluru-305351/Home
282,"Pizza Hut - Kengeri, Bangalore","BDA Site No 1106, Khatha No 476/1106/416, BBMP, Ward No 159, Kengeri Satellite Town, Bengaluru, Karnataka, India",560060,Bengaluru,Karnataka,095820 88091,https://restaurants.pizzahut.co.in/pizza-hut-ph-kengeri-satellite-town-pizza-restaurant-kengeri-satellite-town-bengaluru-110314/Home
283,"Pizza Hut - Konanakunte, Bengaluru","Ground Floor, Forum Mall Rd,Konanakunte, Bengaluru, Karnataka, India",560062,Bengaluru,Karnataka,086556 16081,https://restaurants.pizzahut.co.in/pizza-hut-ph-falcon-forum-mall-pizza-restaurant-konanakunte-bengaluru-305350/Home
284,"Pizza Hut - Koramangla, Bangalore","No 487, 80 Feet Road,6th Block,Koramangala, Opposite to BATA Shoes, Bengaluru, Karnataka, India",560095,Bengaluru,Karnataka,086556 16055,https://restaurants.pizzahut.co.in/pizza-hut-koramangala-pizza-restaurant-koramangala-bengaluru-1160/Home
285,Pizza Hut - Kumarswamy,,560078,Bengaluru,Karnataka,,https://restaurants.pizzahut.co.in/pizza-hut-kumarswamy-in-karnataka-bengaluru-kumaraswamy-layout-2nd-stage-18615/Home
286,"Pizza Hut - Lotus Mall Magadi Road, Bangalore","No 6/1A3, Kishan Enterprises, Srigandhada Kaval, Sunkadakatte, Hoysala Nagar, Bengaluru, Karnataka, India",560091,Bengaluru,Karnataka,086556 16079,https://restaurants.pizzahut.co.in/pizza-hut-pizza-hut-magadi-road-pizza-restaurant-sunkadakatte-bengaluru-137198/Home
287,"Pizza Hut - Lulu Mall, Bangalore","Lulu India Shopping Mall, Gopalapura, Binnipete, Bengaluru, Karnataka, India",560036,Bengaluru,Karnataka,086556 16070,https://restaurants.pizzahut.co.in/pizza-hut-pizza-hut-lulu-mall-pizza-restaurant-binnipete-bengaluru-129370/Home
288,Pizza Hut - M5 Mall,"FS 06, Level 4, Veersandra Indl Area, Electronic City, Near Mahindra 5ivepillars LLP, Bengaluru, Karnataka, India",560100,Bengaluru,Karnataka,1800 202 2022,https://restaurants.pizzahut.co.in/pizza-hut-electronic-city-bengaluru-in-karnataka-bengaluru-near-mahindra-5ivepillars-llp-48310/Home
289,"Pizza Hut - Madiwala, Bengaluru","No 18, Old No 1, 1st A, Main Road, Maruti Nagar, Madiwala, Bengaluru, Karnataka, India",560068,Bengaluru,Karnataka,086554 72409,https://restaurants.pizzahut.co.in/pizza-hut-maruthi-nagar-ph-pizzerias-madiwala-bengaluru-292598/Home
290,Pizza Hut - Mantri Junction Bangalore,,560078,Bengaluru,Karnataka,,https://restaurants.pizzahut.co.in/pizza-hut-ksrtc-layout-bangalore-in-karnataka-bangalore-j-p-nagar-91091/Home
291,"Pizza Hut - Menu Square, JP Nagar",,560076,Bengaluru,Karnataka,,https://restaurants.pizzahut.co.in/pizza-hut-in-karnataka-bengaluru-bannerughatta-27629/Home
292,Pizza Hut - Nagarbhavi,,560072,Bengaluru,Karnataka,,https://restaurants.pizzahut.co.in/pizza-hut-nagarbhavi-in-karnataka-bengaluru-papareddy-palya-44779/Home
293,"Pizza Hut - Nagarbhavi, Bangalore","No 21, Ara Viji Trade Square, Main Rd, Jnana Bharathi, Nagarbhavi Circle, Bengaluru, Karnataka, India",560072,Bengaluru,Karnataka,089768 84934,https://restaurants.pizzahut.co.in/pizza-hut-nagarbhavi-circle-pizza-restaurant-nagarbhavi-circle-bengaluru-36117/Home
294,"Pizza Hut - Nandidurga Road, Bengaluru","No 30, Nandidurga Road, Bengaluru, Karnataka, India",560046,Bengaluru,Karnataka,081231 17769,https://restaurants.pizzahut.co.in/pizza-hut-nandidurga-road-bengaluru-in-karnataka-bengaluru-nandidurga-road-31212/Home
295,"Pizza Hut - Nature Walk, Sarjapura","24 & 25, 124, Gr & 1st Flr, Natura Walk, No 43/2, Yamare, Sarjapur, Hobli, Anekal, Bengaluru, Karnataka, India",562125,Bengaluru,Karnataka,085060 92527,https://restaurants.pizzahut.co.in/pizza-hut-ph-natura-walk-sarjapur-pizzerias-anekal-bengaluru-243334/Home
296,"Pizza Hut - Orion Uptown Mall, Bangalore","No 50, UG 03, LGF, Orion Mall, Bangalore East, Huskur, Bidarahalli Hobli, Bengaluru, Karnataka, India",560049,Bengaluru,Karnataka,086556 16068,https://restaurants.pizzahut.co.in/pizza-hut-orion-mall-pizzerias-bidarahalli-hobli-bengaluru-185921/Home
297,"Pizza Hut - Panathur, Bangalore","No 11, Muni Reddy Layout, Sanjeev Sadhan, Mariyappa Layout, Kadubesanahali, Panathur, Near Munireddy Layout, Bengaluru, Karnataka, India",560103,Bengaluru,Karnataka,097110 26763,https://restaurants.pizzahut.co.in/pizza-hut-panathur-bangalore-pizzerias-panathur-bengaluru-286633/Home
298,"Pizza Hut - RT Nagar, Bangalore","No 18, HMT Layout, 80 Feet Road,WN 20,RT Nagar, Bengaluru, Karnataka, India",560032,Bengaluru,Karnataka,086556 16057,https://restaurants.pizzahut.co.in/pizza-hut-rt-nagar-pizza-restaurant-rt-nagar-bengaluru-6145/Home
299,"Pizza Hut - Rajaji Nagar, Bangalore","Shop No 97, JP Icon,1st Main, Dr Rajakumar Road, 2 Block, Rajajinagar, Bengaluru, Karnataka, India",560021,Bengaluru,Karnataka,089290 34383,https://restaurants.pizzahut.co.in/pizza-hut-ph-rajaji-nagar-bangalore-pizza-restaurant-rajajinagar-bengaluru-299196/Home
300,"Pizza Hut - Ramamurthy Nagar, Bangalore","No 129, Raghavendra Circle, Ramamurthy Nagar Extn, Beside Sri Chaitanya School, Bengaluru, Karnataka, India",560016,Bengaluru,Karnataka,084472 01935,https://restaurants.pizzahut.co.in/pizza-hut-ph-ramamurthy-nagar-pizza-restaurant-ramamurthy-nagar-extn-bengaluru-128810/Home
301,"Pizza Hut - Rockline Mall, Jalahalli","No 8, Rockline Mall, Jalahalli Cross, Chokkasandra, T. Dasarahalli, Bengaluru, Karnataka, India",560053,Bengaluru,Karnataka,076691 68449,https://restaurants.pizzahut.co.in/pizza-hut-t-dasarahalli-pizza-restaurant-t-dasarahalli-bengaluru-98973/Home
302,"Pizza Hut - Sahakara Nagar, Bangalore","SN 6 & 7, Sahakarnagar Main Road, Sahakar Nagar, Bengaluru, Karnataka, India",560092,Bengaluru,Karnataka,076690 68634,https://restaurants.pizzahut.co.in/pizza-hut-sahakar-nagar-pizza-restaurant-sahakar-nagar-bengaluru-1211/Home
303,"Pizza Hut - Seegehalli Main Road, Bangalore","Apple City, Chaitanya Ananya, Krishnarajapura, SH 35, Seegehalli, Bengaluru, Karnataka, India",560067,Bengaluru,Karnataka,076691 68446,https://restaurants.pizzahut.co.in/pizza-hut-ph-apple-city-seegehalli-pizzerias-seegehalli-bengaluru-247992/Home
304,"Pizza Hut - Shanti Nagar, Bangalore","No 4/1, & 3 Shangnessy Road, Langford Town, Shanthi Nagar, Bengaluru, Karnataka, India",560025,Bengaluru,Karnataka,086556 16061,https://restaurants.pizzahut.co.in/pizza-hut-shanti-nagar-bangalore-karnataka-bengaluru-shanthi-nagar-50364/Home
305,"Pizza Hut - Singasandra, Bangalore","No 26, Sri Lakshmi Venkateshwara Towers, Kuvempu badavane, Parappana Agrahara, Bengaluru, Karnataka, India",560100,Bengaluru,Karnataka,089290 31350,https://restaurants.pizzahut.co.in/pizza-hut-ph-singasandara-bangalore-pizza-restaurant-parappana-agrahara-bengaluru-305346/Home
306,"Pizza Hut - TC Palya Battarahalli, Bangalore","Sri Rama Corner Bldg, Anandpura Circle Rd, opposite Reliance Fresh Sannathammana Halli, TC Palya, Krishnarajapuram, Bengaluru, Karnataka, India",560036,Bengaluru,Karnataka,089768 84941,https://restaurants.pizzahut.co.in/pizza-hut-fcd-tc-palya-pizza-restaurant-kr-puram-bengaluru-123390/Home
307,"Pizza Hut - Ullal, Bangalore","No 6, Ullal Main Road, Muneswara Nagar, Near Mangalore PU College, Bengaluru, Karnataka, India",560056,Bengaluru,Karnataka,098731 44675,https://restaurants.pizzahut.co.in/pizza-hut-ph-muneswara-nagar-ullal-pizza-restaurant-muneswara-nagar-bengaluru-130361/Home
308,"Pizza Hut - Uttarahalli Hobli, Bengaluru","1/151/0/58/113/58/44/9, Mallige Complex, 31, Chikkalasandra Main Road, KSRTC Layout, Uttarahalli Hobli, Bengaluru, Karnataka, India",560061,Bengaluru,Karnataka,1800 202 2022,https://restaurants.pizzahut.co.in/pizza-hut-fcduttarahalli-pizzerias-uttarahalli-hobli-bengaluru-286637/Home
309,"Pizza Hut - Varthur, Bangalore","Shop No 168/2, Ground Floor, Varthur Main Road, Gunjur, Bengaluru, Karnataka, India",560087,Bengaluru,Karnataka,076690 65377,https://restaurants.pizzahut.co.in/pizza-hut-ph-varthur-main-road-gunjur-pizza-restaurant-gunjur-bengaluru-121522/Home
310,"Pizza Hut - Vidyaranyapura, Bangalore","No G 572, 5th Block, Main Road, HMT Layout, Vidyaranyapura, Bengaluru, Karnataka, India",560097,Bengaluru,Karnataka,070650 13030,https://restaurants.pizzahut.co.in/pizza-hut-vidyaranyapura-pizza-restaurant-vidyaranyapura-bengaluru-109103/Home
311,"Pizza Hut - Vignan Nagar, Bangalore","Khatha No 14/161, Krishnarajapuram, Hobli, Vibhuthipura, Bengaluru, Karnataka, India",560037,Bengaluru,Karnataka,089296 45227,https://restaurants.pizzahut.co.in/pizza-hut-vibhuthipura-pizza-restaurant-vibhuthipura-bengaluru-105239/Home
312,"Pizza Hut - Vijay Nagar, Bangalore","No 16, 17th Cross, 21st Main Road,Vijaynagar, Bengaluru, Karnataka, India",560040,Bengaluru,Karnataka,086556 16063,https://restaurants.pizzahut.co.in/pizza-hut-vijaynagar-pizza-restaurant-vijaynagar-bengaluru-1166/Home
313,"Pizza Hut - Whitefield, Bangalore","Shop No 2, 001, Varthur Main Road, Varthur Kodi, Palm Meadows, Ramagondanahalli, Whitefield, Bengaluru, Karnataka, India",560066,Bengaluru,Karnataka,089768 84938,https://restaurants.pizzahut.co.in/pizza-hut-fcd-whitefield-pizza-restaurant-whitefield-bengaluru-119170/Home
314,"Pizza Hut - Yelahanka, Bengaluru","No 9, Ground Floor, Sy No 58, Singanayakanahalli, Yelahanka, Bengaluru, Karnataka, India",560064,Bengaluru,Karnataka,086556 89187,https://restaurants.pizzahut.co.in/pizza-hut-kar-rajankunte-ph-pizza-restaurant-yelahanka-bengaluru-263411/Home
315,"Pizza Hut - Yelahanka, Bengaluru","239/240, 4th Flr, Phoenix Mall of Asia, Bellary Road, Byatarayanapura, Yelahanka, Bengaluru, Karnataka, India",560092,Bengaluru,Karnataka,086556 89191,https://restaurants.pizzahut.co.in/pizza-hut-ph-mall-of-asia-pizzerias-yelahanka-bengaluru-294653/Home
316,"Pizza Hut - Solapur Road, Bijapur","MS Complex, Banjara Cross, Solapur Road, Opposite Old Mugolkhod Math, Bijapur, Karnataka, India",586103,Bijapur,Karnataka,089768 84920,https://restaurants.pizzahut.co.in/pizza-hut-bijapur-pizza-restaurant-solapur-road-bijapur-163191/Home
317,"Pizza Hut - Hennur, Bangalore","Ground Floor, No 22, 1st Main Road, next to BYG Brewsky, Hennur Gardens, Byrathi Village, Bengaluru, Karnataka, India",560077,"Byrathi Village, Bengaluru",Karnataka,076690 61120,https://restaurants.pizzahut.co.in/pizza-hut-ph-hennur-main-road-pizza-restaurant-hennur-bengaluru-146781/Home
318,"Pizza Hut - Crimson Layout, Channasandra",,560067,Channasandra,Karnataka,,https://restaurants.pizzahut.co.in/pizza-hut-crimson-layout-channasandra-in-karnataka-channasandra-3g-homes-crimson-layout-49139/Home
319,Pizza Hut - Davanagere,,577005,Davanagere,Karnataka,,https://restaurants.pizzahut.co.in/pizza-hut-davanagere-in-karnataka-davanagere-shivakumara-swamy-nagara-63044/Home
320,"Pizza Hut - Medical College Road, Davangere","No 3436/1 to 3, Gr Flr, Darshan Arcade, MCC B Block, Dental College Road, Davanagere, Karnataka, India",577004,Davanagere,Karnataka,086556 16086,https://restaurants.pizzahut.co.in/pizza-hut-pizza-hut-davangere-pizza-restaurant-dental-college-road-davanagere-126605/Home
321,"Pizza Hut - Shivanand Nagar, Dharwad","No CS/050420 1st Main Road, Shivanand Nagar, opposite BRTS Bus Stop, Dharwad, Karnataka, India",580001,Dharwad,Karnataka,089768 84944,https://restaurants.pizzahut.co.in/pizza-hut-dharwad-in-karnataka-dharwad-opposite-brts-bus-stop-21318/Home
322,"Pizza Hut - Airport Road, Dharward","Unit G8, Ground Floor, Gokul, Airport Road, Dharward, Karnataka, India",580030,Dharward,Karnataka,086556 89184,https://restaurants.pizzahut.co.in/pizza-hut-hubli-pizzerias-airport-road-dharward-258567/Home
323,"Pizza Hut - Gulbarga, Kalburgi","2/910/71/2, GF, Lahoti Business Centre, Sy No 71/2, Sedam Road, Ring Road, Badepur, Near Kharge Petrol Pump, Gulbarga, Karnataka, India",585105,Gulbarga,Karnataka,086556 16083,https://restaurants.pizzahut.co.in/pizza-hut-pizza-hut-kalaburagi-pizza-restaurant-badepur-gulbarga-129849/Home
324,"Pizza Hut - BM Road, Hassan","No 91, BM Road, Shankaripuram, Hassan, Karnataka, India",573201,Hassan,Karnataka,1800 202 2022,https://restaurants.pizzahut.co.in/pizza-hut-ph-bm-road-shankaripuram-pizza-restaurant-shankaripuram-hassan-172443/Home
325,"Pizza Hut - College Road, Hospet","Survey No 17, Khan Building, 2nd Cross, Basaveshwara Rd, College Rd, Hosapete, Hosapete, Karnataka, India",583201,Hosapete,Karnataka,086556 16084,https://restaurants.pizzahut.co.in/pizza-hut-ph-hosapete-pizza-restaurant-hosapete-hosapete-170306/Home
326,"Pizza Hut - Stellar Mall, Hubli","Shop No 11, RS No 12B/1B/2A, Gr Flr, Ward 3,Khatha No 34B/361,Vidyanagar, Hubli, Karnataka, India",580021,Hubli,Karnataka,076691 63498,https://restaurants.pizzahut.co.in/pizza-hut-ph-steller-mall-hubli-pizza-restaurant-vidyanagar-hubli-110318/Home
327,"Pizza Hut - Javergi Road, Gulbarga","No 4, AY Patil Pride, New Jevargi Road, Bhagyavanti Nagar, Near Santosh Colony, Kalaburagi, Karnataka, India",585102,Kalaburagi,Karnataka,098991 89357,https://restaurants.pizzahut.co.in/pizza-hut-ph-new-jevargi-road-gulbarga-pizza-restaurant-bhagyavanti-nagar-kalaburagi-136667/Home
328,Pizza Hut - Orchid Mall Gulbarga,,585105,Kalaburagi,Karnataka,,https://restaurants.pizzahut.co.in/pizza-hut-in-karnataka-kalaburagi-brhampur-98734/Home
329,"Pizza Hut - Viraj Junction, Koganoli","Ground Floor, Food Court, No 3777/1 to 4, Viraj Junction, near Toll Plaza, Koganoli, Belagavi, Karnataka, India",591229,"Koganoli, Belagavi",Karnataka,098991 89476,https://restaurants.pizzahut.co.in/pizza-hut-ph-viraj-junction-koganoli-pizzerias-koganoli-belgaum-258786/Home
330,"Pizza Hut - Coorg Centre, Madikeri","Shop No UG1 to 3, 14 to 16, 39 to 41, The Coorg Centre, Madikeri, Near Old Service Bus Stand, Madikeri, Karnataka, India",571201,Madikeri,Karnataka,089290 36574,https://restaurants.pizzahut.co.in/pizza-hut-ph-coorg-centre-madikeri-pizzerias-madikeri-madikeri-294176/Home
331,"Pizza Hut - Bandi Gowda, Mandya","Bangalore Mysore Road, MC Road, Bandi Gowda, Next to KFC, Mandya, Karnataka, India",571401,Mandya,Karnataka,086556 16087,https://restaurants.pizzahut.co.in/pizza-hut-kar-blr-mandya-ph-pizzerias-bandi-gowda-mandya-265250/Home
332,"Pizza Hut - City Central Mall, Mangalore","4th Floor, City Center Mall, KS Rao Road, Opposite to CCD, Mangaluru, Karnataka, India",575001,Mangaluru,Karnataka,089768 84927,https://restaurants.pizzahut.co.in/pizza-hut-ks-rao-road-pizza-restaurant-ks-rao-road-mangaluru-1173/Home
333,"Pizza Hut - Forum Mall, Mangalore","No 06, Forum Mall, Food court, Pandeshwar Road,Attavara Vill Cantt Ward, Mangaluru, Karnataka, India",575001,Mangaluru,Karnataka,0824 249 8160,https://restaurants.pizzahut.co.in/pizza-hut-attavara-vill-cantt-ward-pizza-restaurant-attavara-vill-cantt-ward-mangaluru-1279/Home
334,"Pizza Hut - Kadri, Mangalore","D No 15/13/707/4/1, Time Square Complex, Shiv Bagh, Kadri, Mangaluru, Karnataka, India",575002,Mangaluru,Karnataka,089760 84218,https://restaurants.pizzahut.co.in/pizza-hut-kadri-mangalore-pizza-restaurant-kadri-mangaluru-166189/Home
335,"Pizza Hut - Padavinangady, Mangaluru",,575008,Mangaluru,Karnataka,,https://restaurants.pizzahut.co.in/pizza-hut-padavinangady-mangaluru-in-karnataka-mangaluru-junction-97756/Home
336,Pizza Hut - Udupi Manipal Highway,"76/41, 11th Main, 14th Cross, Padmanabhanagar, Bidarahalli, Banashankari II Stage, Manipal, Karnataka, India",576104,Manipal,Karnataka,076694 18971,https://restaurants.pizzahut.co.in/pizza-hut-in-karnataka-manipal-banashankari-ii-stage-78412/Home
337,"Pizza Hut - Jayalakshmipuram, Mysore","No 3, Gokulam Main Road, Jayalakshmipuram, Mysuru, Karnataka, India",570012,Mysuru,Karnataka,089768 84919,https://restaurants.pizzahut.co.in/pizza-hut-jayalakshmipuram-mysore-in-karnataka-mysore-jayalakshmipuram-44728/Home
338,"Pizza Hut - Jayanagar, Bangalore","No 653/67, 11th Main Road, 4th Block, Jayanagar, Mysuru, Karnataka, India",560011,Mysuru,Karnataka,086556 16074,https://restaurants.pizzahut.co.in/pizza-hut-fcd-jayanagar-pizzerias-jayanagar-mysore-123891/Home
339,"Pizza Hut - Kuvempu Nagar, Mysore","No 12th, Ground Floor, Adichunhangiri Rd, K Block,1st Stage,Kuvempu Nagar, Mysuru, Karnataka, India",570023,Mysuru,Karnataka,089768 84939,https://restaurants.pizzahut.co.in/pizza-hut-kuvempu-nagar-pizza-restaurant-kuvempu-nagar-mysore-121887/Home
340,"Pizza Hut - Mall of Mysore, Mysore","No 8 & 9, 3rd Floor, Mall of Mysore, No C1, MG Road, Nazarbad, Indira Nagar, Mysuru, Karnataka, India",570010,Mysuru,Karnataka,095820 34074,https://restaurants.pizzahut.co.in/pizza-hut-indira-nagar-pizza-restaurant-indira-nagar-mysore-105238/Home
341,"Pizza Hut - Sathgali Extension, Mysore",,570011,Mysuru,Karnataka,,https://restaurants.pizzahut.co.in/pizza-hut-sathgali-extension-mysore-in-karnataka-mysore-dr-rajkumar-road-16170/Home
342,"Pizza Hut - Vijayanagara, Mysore","No 5490, 2nd Stage, HM Ambareesh Road, Vijayanagara, Next to ICICI Bank, Mysuru, Karnataka, India",570017,Mysuru,Karnataka,086556 89189,https://restaurants.pizzahut.co.in/pizza-hut-kar-mysore-vijay-nagar-ph-pizzerias-vijayanagara-mysore-269380/Home
343,"Pizza Hut - Durgigudi, Shivamogga","Site 129/129/228, Sri Shylaja Jyoti Cplx, Ward No 5, Balraj URS Rd, Tilak Nagar, Shimoga, Karnataka, India",577201,Shimoga,Karnataka,098995 74236,https://restaurants.pizzahut.co.in/pizza-hut-ph-shimoga-pizza-restaurant-tilak-nagar-shimoga-110473/Home
344,"Pizza Hut - Shankar Mall Tumkur, Bangalore","SN 22, SF 01, 2nd Floor, Shankar Mall, Sira Gate Road, TUDA Layout, Shanti Nagar, Beside Maruti Suzuki Showroom, Tumkur, Karnataka, India",572106,Tumkur,Karnataka,098997 06746,https://restaurants.pizzahut.co.in/pizza-hut-ph-shankar-mall-tumkur-pizza-restaurant-shanti-nagar-tumkur-110313/Home
345,"Pizza Hut - Canara Mall, Manipal","FF12, 1st Floor, Canara Mall, Manipal Main Road,Eshwar Nagar, Udupi, Karnataka, India",576104,Udupi,Karnataka,089768 84930,https://restaurants.pizzahut.co.in/pizza-hut-eshwar-nagar-pizza-restaurant-eshwar-nagar-udupi-98974/Home
346,"Pizza Hut - Times square Mall MG road, Udupi","GF, Mandavi Times Square Mall, Thenkpete, Udupi Manipal Hwy, Kunjibettu, Udupi, Karnataka, India",576102,Udupi,Karnataka,089290 36825,https://restaurants.pizzahut.co.in/pizza-hut-ph-time-square-mall-udupi-pizzerias-kunjibettu-udupi-249766/Home
347,"Pizza Hut - Lulu Mall, Calicut","Unit No S03, Lulu Mall, Mankavu, Calicut, Kerala, India",673007,Calicut,Kerala,1800 202 2022,https://restaurants.pizzahut.co.in/pizza-hut-lulu-mall-calicut-in-kerala-calicut-mankavu-76480/Home
348,"Pizza Hut - Ramanattukara, Kerala","Fathima Tower, Feroke, KozhikodeNilmburGudallur Rd, Ramanattukara, Calicut, Kerala, India",673631,Calicut,Kerala,085888 50982,https://restaurants.pizzahut.co.in/pizza-hut-ph-fathima-tower-ramanattukara-pizzerias-ramanattukara-calicut-180270/Home
349,"Pizza Hut - ITI Junction, Chengannur","Pazhayidathu, JJ Complex, ITI Junction, Chengannur, Kerala, India",689122,Chengannur,Kerala,078350 47296,https://restaurants.pizzahut.co.in/pizza-hut-iti-junction-chengannur-in-kerala-chengannur-iti-junction-29361/Home
350,"Pizza Hut - A M Road, Perumbavoor","Mullapilly Building, AM Road, Perumbavoor, Ernakulam, Kerala, India",683542,Ernakulam,Kerala,089290 34926,https://restaurants.pizzahut.co.in/pizza-hut-ph-am-road-perumbavoor-pizzerias-perumbavoor-ernakulam-172088/Home
351,"Pizza Hut - Aluva, Cochin","UN 1, Gr Flr, Radhani Developers, Asarikadan Road,Akkat,Aluva, Ernakulam, Kerala, India",683101,Ernakulam,Kerala,086556 16093,https://restaurants.pizzahut.co.in/pizza-hut-aluva-pizza-restaurant-aluva-ernakulam-36112/Home
352,"Pizza Hut - Edachira Road Kakkanad, Ernakulam","Grand Mall, Edachira Road, Near Info Park, Ernakulam, Kerala, India",682030,Ernakulam,Kerala,086556 16095,https://restaurants.pizzahut.co.in/pizza-hut-pizza-hut-kakanad-pizza-restaurant-edachira-road-ernakulam-167628/Home
353,"Pizza Hut - Fort Kochi, Cochin","Unit No 1, Survey No 18, Ground Floor, Fort, Ernakulam, Kerala, India",682001,Ernakulam,Kerala,086556 16094,https://restaurants.pizzahut.co.in/pizza-hut-fort-pizza-restaurant-fort-ernakulam-81325/Home
354,"Pizza Hut - Forum Mall, Kochi","S No 217, 2nd Floor, Prestige Forum Mall, Bund Rd, Kundannoor, Maradu, Ernakulam, Kerala, India",682304,Ernakulam,Kerala,089290 33545,https://restaurants.pizzahut.co.in/pizza-hut-forum-mall-kochi-pizzerias-maradu-ernakulam-285252/Home
355,"Pizza Hut - Kalamassery, Kochi","No 32/637T, Cusat Junction, NH 47, South Kalamassery, Ernakulam, Kerala, India",682033,Ernakulam,Kerala,076691 68436,https://restaurants.pizzahut.co.in/pizza-hut-ph-kalamserry-kochi-pizza-restaurant-south-kalamassery-ernakulam-136665/Home
356,"Pizza Hut - MG Road, Cochin","Shop No 39/4153 & 39, Vally Aracde, Survey No 1335/5,MG Road,Ravipuram, Ernakulam, Kerala, India",682016,Ernakulam,Kerala,086556 16091,https://restaurants.pizzahut.co.in/pizza-hut-ravipuram-pizza-restaurant-ravipuram-ernakulam-34267/Home
357,"Pizza Hut - Pallarivattom, Kochi","Ground Floor, Pipeline Jn, Civil Line Road, Ernakulam, Kerala, India",682025,Ernakulam,Kerala,086556 16090,https://restaurants.pizzahut.co.in/pizza-hut-pizza-hut-palarivattam-pizzerias-civil-line-road-ernakulam-192837/Home
358,"Pizza Hut - Thottumkalpeedika, Muvattupuzha","Mullappilly Building, SH 1, MC Road, PO Jn, Thottumkalpeedika, Ernakulam, Kerala, India",686661,Ernakulam,Kerala,098994 87956,https://restaurants.pizzahut.co.in/pizza-hut-ph-mc-road-muvattupuzha-pizza-restaurant-thottumkalpeedika-ernakulam-172087/Home
359,"Pizza Hut - Thrippunithura, Kochi","Ground Floor, Vadakkekotta, SH15, Thrippunithura, Ernakulam, Kerala, India",682306,Ernakulam,Kerala,076691 68445,https://restaurants.pizzahut.co.in/pizza-hut-ph-thrippunithura-ernakulam-pizza-restaurant-thrippunithura-ernakulam-136202/Home
360,"Pizza Hut - Seaport Airport Road Kakkanad, Kochi","No 17/2249 & 17/2250, Seaport - Airport Road, CSEZ, PO, Kakkanad, Kochi, Kerala, India",682037,"Kakkanad, Kochi",Kerala,089290 41323,https://restaurants.pizzahut.co.in/pizza-hut-ph-seaport-airport-road-kakkanad-pizza-restaurant-kakkanad-ernakulam-135813/Home
361,"Pizza Hut - Magnum Mall Payyanur, Kannur","Magnum Mall, Main Road,Payyannur, Near Taxi Stand, Kannur, Kerala, India",670307,Kannur,Kerala,086556 16099,https://restaurants.pizzahut.co.in/pizza-hut-pizza-hut-payyanur-pizzerias-payyannur-kannur-167627/Home
362,"Pizza Hut - Secura Mall, Kannur","G01, UGF, Secura Mall Secura Center, Chovva Mambaram Road, Elayavoor, Kannur, Kerala, India",670018,Kannur,Kerala,098732 41828,https://restaurants.pizzahut.co.in/pizza-hut-ph-secura-mall-kannur-pizzerias-elayavoor-kannur-258689/Home
363,"Pizza Hut - Thana Square Mall, Kannur","Opposite Kottachery Petrol Pump, No 8 to 10, Gr Flr, Thana Square Mall, Edapally - Panvel Highway, Thana, Kannur, Kerala, India",670002,Kannur,Kerala,086556 16109,https://restaurants.pizzahut.co.in/pizza-hut-thana-mall-kannur-pizzerias-thana-kannur-283581/Home
364,"Pizza Hut - Centre Square, Kochi","Centre Square Mall, 5th Floor, food court, Mahatma Gandhi Road, Rajaji Rd, Kochi, Kerala, India",682035,Kochi,Kerala,086556 16088,https://restaurants.pizzahut.co.in/pizza-hut-mg-road-pizza-restaurant-mg-road-cochin-6150/Home
365,"Pizza Hut - Lulu Mall, Kochi","No 34/1089, 34/1090, 3rd Flr, Lulu Mall, Edapally, Kochi, Kerala, India",682024,Kochi,Kerala,086556 89219,https://restaurants.pizzahut.co.in/pizza-hut-edapally-pizzerias-edapally-kochi-12540/Home
366,"Pizza Hut - Chinakada, Kollam","Hotel VAIDYA Residency, Residency Road, Chinnakada, Kollam, Kerala, India",691001,Kollam,Kerala,086556 16105,https://restaurants.pizzahut.co.in/pizza-hut-pizzahut-kollam-pizzerias-chinnakada-kollam-192836/Home
367,"Pizza Hut - Kottarakkara, Kollam","Kalluvilakathu Bulding, Kollam Tenkasi Road, Kottarakkara, Near Railway Station, Kottarakara, Kerala, India",691506,Kottarakara,Kerala,089290 37236,https://restaurants.pizzahut.co.in/pizza-hut-ph-kottarakara-kollam-pizzerias-kottarakkara-kottarakara-261098/Home
368,"Pizza Hut - Chingavanam, Kottayam","Ground Floor, Mullamuttil Mathew Arcade, Chingavanam, Kottayam, Kerala, India",686531,Kottayam,Kerala,098990 65947,https://restaurants.pizzahut.co.in/pizza-hut-ph-chingavanam-kottayam-pizzerias-chingavanam-kottayam-275548/Home
369,"Pizza Hut - Ettumanoor, Kottayam","Shop No 1 & 2, Athan Arcade, MC Rd, Ettumanoor, Thellakom, Near Alencheril House, Kottayam, Kerala, India",686630,Kottayam,Kerala,098730 19793,https://restaurants.pizzahut.co.in/pizza-hut-ph-mc-road-ettumanoor-pizza-restaurant-thellakom-kottayam-169714/Home
370,"Pizza Hut - Sasthri Road, Kottayam","Ground Floor, The Business Centre, Sasthri Road, Kottayam, Kerala, India",686001,Kottayam,Kerala,073565 04715,https://restaurants.pizzahut.co.in/pizza-hut-ph-kottayam-pizza-restaurant-sasthri-road-kottayam-123954/Home
371,"Pizza Hut - Corporation Road, Kozhikode","No 389/A5, 1st Floor, Coxswain 23,Corporation Road, Kozhikode, Kerala, India",673032,Kozhikode,Kerala,089760 76564,https://restaurants.pizzahut.co.in/pizza-hut-calicut-beach-road-ph-pizzerias-corporation-road-kozhikode-286636/Home
372,"Pizza Hut - Hi-Lite Mall, Calicut","T1, G1003, 3rd Floor, NH 17, Hilite City, GA College, Food Court, Kozhikode Bypass, Kozhikode, Kerala, India",673014,Kozhikode,Kerala,076690 68649,https://restaurants.pizzahut.co.in/pizza-hut-kozhikode-bypass-pizza-restaurant-kozhikode-bypass-kozhikode-104903/Home
373,"Pizza Hut - Mavoor Road, Calicut","Ground Floor, Noble Building, Indira Gandhi Road, Near Tanishq Showroom, Kozhikode, Kerala, India",673004,Kozhikode,Kerala,086556 16110,https://restaurants.pizzahut.co.in/pizza-hut-pizza-hut-calicut-pizza-restaurant-indira-gandhi-road-kozhikode-108914/Home
374,"Pizza Hut - Chakuvetty, Kottakkal","AM Complex, Chakuvetty, Kottakkal, Opposite Tip Top Furniture, Malappuram, Kerala, India",676501,Malappuram,Kerala,086556 16100,https://restaurants.pizzahut.co.in/pizza-hut-kottakkal-chakuvetty-pizzerias-kottakkal-malappuram-283576/Home
375,"Pizza Hut - Forum Mall, Edappal","Shop No 2, GF, Survey No 110/4 & 110/5, Ponnani, Eddapal Kara, Venginikkara, Malappuram, Kerala, India",679576,Malappuram,Kerala,098993 10390,https://restaurants.pizzahut.co.in/pizza-hut-ph-forum-center-mall-edappal-pizza-restaurant-venginikkara-malappuram-304306/Home
376,Pizza Hut - Manjeri,"Ground Floor, Sofa Emporium, CH Bypass, Pandikad Road Junction, Malappuram, Kerala, India",676123,Malappuram,Kerala,086556 89185,https://restaurants.pizzahut.co.in/pizza-hut-manjeri-sofa-emporium-pizzerias-pandikad-road-junction-malappuram-283577/Home
377,"Pizza Hut - Ottapalam, Kerala","No 1 to 6, Bldg No 24/348, Q9CV+8VP Keviz Arcade, East Ottappalam, Ottapalam, Kerala, India",679103,Ottapalam,Kerala,1800 202 2022,https://restaurants.pizzahut.co.in/pizza-hut-ottapalam-keviz-arcade-east-pizzerias-ottapalam-palakkad-283575/Home
378,"Pizza Hut - Kottaramattom, Pala","MKP Square, Pala, Thulavila, Kottaramattom, Pala, Kerala, India",686575,Pala,Kerala,072900 67516,https://restaurants.pizzahut.co.in/pizza-hut-ph-kottaramattom-pala-pizzerias-kottaramattom-pala-189042/Home
379,"Pizza Hut - Stadium Road, Palakkad","23/513/16, Sy No 3155/2, 1st Flr, Kajas, Ward No 5, Block No 53, Stadium Road, Opposite Noor Jehan Grill, Palakkad, Kerala, India",678001,Palakkad,Kerala,076691 68451,https://restaurants.pizzahut.co.in/pizza-hut-stadium-road-pizza-restaurant-stadium-road-palakkad-105237/Home
380,"Pizza Hut - Kannamkode, Adoor","Ground Floor, J & J Building, Kayamkulam Pathanapuram Rd, Pathanamthitta, Kerala, India",691523,Pathanamthitta,Kerala,097118 43995,https://restaurants.pizzahut.co.in/pizza-hut-ph-pathanapuram-rd-adoor-pizzerias-kayamkulam-pathanapuram-rd-pathanamthitta-185501/Home
381,"Pizza Hut - Punalur, Kerala","33/1378/6, 1st flr, D Mall, Chowk Road, Punalur, Punalur, Kerala, India",691305,Punalur,Kerala,086556 89183,https://restaurants.pizzahut.co.in/pizza-hut-d-mall-punalur-pizzerias-punalur-punalur-259360/Home
382,"Pizza Hut - Hala Mall Puthanathani, Malappuram","National Highway 66, Puthanathani, Kerala, India",676552,Puthanathani,Kerala,085068 40858,https://restaurants.pizzahut.co.in/pizza-hut-ph-hala-mall-puthanathani-pizzerias-puthanathani-puthanathani-236671/Home
383,"Pizza Hut - Thiruvalla, Kerala","Sy No 203/8/4, Gr Flr, Pothericans Bldg, Thiruvalla, Near Ksrtc Bus Stand, Thiruvalla, Kerala, India",689101,Thiruvalla,Kerala,084471 04410,https://restaurants.pizzahut.co.in/pizza-hut-ph-thiruvalla-kerala-pizza-restaurant-thiruvalla-thiruvalla-130359/Home
384,"Pizza Hut - Karamana, Thiruvananthapuram","CTO Colony, Pappanamcode, Thiruvananthapuram, Kerala, India",695018,Thiruvananthapuram,Kerala,085068 60121,https://restaurants.pizzahut.co.in/pizza-hut-ph-karamana-pappanamcode-pizzerias-pappanamcode-thiruvananthapuram-235133/Home
385,"Pizza Hut - Kazhakuttom, Thiruvananthapuram","Anjali Arcade, Attinkuzhy Road, Arappuravilakam, Thiruvananthapuram, Kerala, India",695582,Thiruvananthapuram,Kerala,1800 202 2022,https://restaurants.pizzahut.co.in/pizza-hut-ph-kazhakkoottam-thiruvananthapuram-pizza-restaurant-kazhakuttom-thiruvananthapuram-172026/Home
386,"Pizza Hut - Lulu Mall, Trivandrum","Unit No 121, Lulu Mall, Akkulam, Anayara, Thiruvananthapuram, Kerala, India",695029,Thiruvananthapuram,Kerala,086556 16098,https://restaurants.pizzahut.co.in/pizza-hut-pizza-hut-lulu-mall-pizza-restaurant-anayara-thiruvananthapuram-130357/Home
387,"Pizza Hut - MG Road Pilimoode, Trivandrum","No TC 25/205/1 & 25/206/1, SHA Towers, MG Road, Pulimoodu Junction, Thiruvananthapuram, Kerala, India",695001,Thiruvananthapuram,Kerala,089768 84948,https://restaurants.pizzahut.co.in/pizza-hut-pizza-hut-mg-road-pizza-restaurant-pulimoodu-junction-thiruvananthapuram-129850/Home
388,"Pizza Hut - Mall of Travancore, Trivandrum","SF 25, 2nd Floor, Mall Of Travancore, Chakai Enchakkal Bypass Road,Chakkai, Thiruvananthapuram, Kerala, India",695024,Thiruvananthapuram,Kerala,086556 16108,https://restaurants.pizzahut.co.in/pizza-hut-chakkai-pizza-delivery-chakkai-thiruvananthapuram-44220/Home
389,"Pizza Hut - Pattom, Trivandrum","TC 2/361 /1, Oban Square, Pattom, Near Ulloor Bridge, Thiruvananthapuram, Kerala, India",695004,Thiruvananthapuram,Kerala,086556 89251,https://restaurants.pizzahut.co.in/pizza-hut-pattom-pizza-restaurant-pattom-thiruvananthapuram-66017/Home
390,"Pizza Hut - Salih Square, Thiruvananthapuram","Salih Square, Pothencode, Thiruvananthapuram, Kerala, India",695584,Thiruvananthapuram,Kerala,089290 34332,https://restaurants.pizzahut.co.in/pizza-hut-salih-square-thiruvananthapuram-in-kerala-thiruvananthapuram-pothencode-94369/Home
391,"Pizza Hut - Sashthamangalam, Trivandrum","Ground Floor, Jawahar Nagar, Sasthamangalam, Thiruvananthapuram, Kerala, India",695010,Thiruvananthapuram,Kerala,086556 16097,https://restaurants.pizzahut.co.in/pizza-hut-ph-sasthamangalam-pizza-restaurant-sasthamangalam-thiruvananthapuram-123955/Home
392,"Pizza Hut - Ashwini Junction, Thrissur","TBPL, Akshay Arcade, Aswini Hospital Junction, Tuda Road, Thrissur, Kerala, India",680020,Thrissur,Kerala,073562 31670,https://restaurants.pizzahut.co.in/pizza-hut-pizza-hut-aswini-junction-pizza-restaurant-tuda-road-thrissur-132490/Home
393,"Pizza Hut - Kuttanellur, Thrissur",,680014,Thrissur,Kerala,,https://restaurants.pizzahut.co.in/pizza-hut-kuttanellur-thrissur-in-kerala-thrissur-kuttanellur-90403/Home
394,"Pizza Hut - Sobha City Mall, Thrissur","2nd Floor, Sobha City Mall, Trissur Guruvayur Road,Puzhakkal, Thrissur, Kerala, India",680553,Thrissur,Kerala,086556 16111,https://restaurants.pizzahut.co.in/pizza-hut-puzhakkal-pizza-restaurant-puzhakkal-thrissur-22559/Home
395,"Pizza Hut - West Fort Sree Nagar, Thrissur","Puthenpurackal Towers, Civil Lane Road, West Fort, Thrissur, Kerala, India",680011,Thrissur,Kerala,086556 16104,https://restaurants.pizzahut.co.in/pizza-hut-pizza-hut-west-fort-pizzerias-west-fort-thrissur-192835/Home
396,"Pizza Hut - Hoshangabad Road, Bhopal","Plot No 6, Hoshangabad Road,Vidyanagar,Sector C, Opposite Baghsavenia Thana, Bhopal, Madhya Pradesh, India",462026,Bhopal,Madhya Pradesh,086556 15992,https://restaurants.pizzahut.co.in/pizza-hut-hoshangabad-road-bhopal-in-madhya-pradesh-bhopal-opposite-baghsavenia-thana-46168/Home
397,"Pizza Hut - Indrapuri, Bhopal","Unit No 2B/1, Indrapuri, Opposite BHEL Jublie Gate, Bhopal, Madhya Pradesh, India",462021,Bhopal,Madhya Pradesh,070650 11227,https://restaurants.pizzahut.co.in/pizza-hut-indrapuri-pizza-delivery-indrapuri-bhopal-35792/Home
398,"Pizza Hut - Kohefiza, Bhopal","No A6, Main Road, Housing Board Colony, Kohefiza, Bhopal, Madhya Pradesh, India",462001,Bhopal,Madhya Pradesh,086556 89197,https://restaurants.pizzahut.co.in/pizza-hut-ph-kohefiza-pizzerias-kohefiza-bhopal-275366/Home
399,"Pizza Hut - Kolar Road, Bhopal","No 03, Mandakini Housing Society, Kolar Road, Bhopal, Madhya Pradesh, India",462042,Bhopal,Madhya Pradesh,070650 11168,https://restaurants.pizzahut.co.in/pizza-hut-kolar-road-pizza-delivery-kolar-road-bhopal-1292/Home
400,"Pizza Hut - MP Nagar, Bhopal","T 14 & T 15, 3rd Floor, DB City Mall, Arera Hills, MP Nagar, Bhopal, Madhya Pradesh, India",462011,Bhopal,Madhya Pradesh,0755 664 4187,https://restaurants.pizzahut.co.in/pizza-hut-pizza-hut-db-city-pizza-restaurant-mp-nagar-bhopal-146779/Home
401,"Pizza Hut - TT Nagar, Bhopal","PH G05, Multi Level Parking, New Market, TT Nagar, Bhopal, Madhya Pradesh, India",462003,Bhopal,Madhya Pradesh,086552 90499,https://restaurants.pizzahut.co.in/pizza-hut-tt-nagar-bhopal-in-madhya-pradesh-bhopal-tt-nagar-46638/Home
402,"Pizza Hut - Parasia Road, Chhindwara","Ground Floor, City Pride Building, Parasia Road, Chhindwara, Madhya Pradesh, India",480001,Chhindwara,Madhya Pradesh,1800 202 2022,https://restaurants.pizzahut.co.in/pizza-hut-parasia-road-chhindwara-in-madhya-pradesh-chhindwara-parasia-road-14615/Home
403,"Pizza Hut - AB Road, Dewas","AB Road, Kalani Bagh, Gomti Nagar, Dewas, Madhya Pradesh, India",455001,Dewas,Madhya Pradesh,076694 00331,https://restaurants.pizzahut.co.in/pizza-hut-dewas-in-madhya-pradesh-dewas-gomti-nagar-13714/Home
404,"Pizza Hut - City Centre, Gwalior","Shop No 186 & 187, City Centre, Patel Nagar, Tulsi Vihar Colony, Gwalior, Madhya Pradesh, India",474011,Gwalior,Madhya Pradesh,097111 25547,https://restaurants.pizzahut.co.in/pizza-hut-ph-city-centre-gwalior-pizza-restaurant-tulsi-vihar-colony-gwalior-292650/Home
405,"Pizza Hut - D B Mall, Gwalior","Stall No 12 & 13, 3rd Floor, DB Mall, H No 12, WN 22,Zone 10, Race Course Road, Opposite Gwalior Railway Station, Gwalior, Madhya Pradesh, India",474002,Gwalior,Madhya Pradesh,070650 03032,https://restaurants.pizzahut.co.in/pizza-hut-race-course-road-pizza-delivery-race-course-road-gwalior-44214/Home
406,"Pizza Hut - Phool Bagh Lashkar, Gwalior","Gurudwara Gate, MLB Road,Phool Bagh Lashkar, Near DD Mall, Gwalior, Madhya Pradesh, India",474001,Gwalior,Madhya Pradesh,076693 14680,https://restaurants.pizzahut.co.in/pizza-hut-phool-bagh-lashkar-pizza-restaurant-phool-bagh-lashkar-gwalior-1293/Home
407,"Pizza Hut - Airport Road, Indore","Plot No 623, Mahavir Kripa Avenue, Main Airport Road, Kalani Nagar, Indore, Madhya Pradesh, India",452006,Indore,Madhya Pradesh,089290 35852,https://restaurants.pizzahut.co.in/pizza-hut-ph-airport-road-indore-pizza-restaurant-kalani-nagar-indore-174828/Home
408,"Pizza Hut - Annapurna, Indore","No 992, Ground Floor, Surya Bhawan, Ranjit Hanuman Road, Sudama Nagar, Indore, Madhya Pradesh, India",452009,Indore,Madhya Pradesh,086556 15997,https://restaurants.pizzahut.co.in/pizza-hut-ph-annapurna-indore-pizza-delivery-sudama-nagar-indore-121332/Home
409,"Pizza Hut - Khajrana, Indore","F48 & 49, 1st Floor, Phoenix Citadel, 242/4, 243/1 & 2, 244/1 & 2, 245, Khajrana, Indore, Madhya Pradesh, India",452016,Indore,Madhya Pradesh,086556 89209,https://restaurants.pizzahut.co.in/pizza-hut-ph-phoenix-citadel-pizzerias-khajrana-indore-271847/Home
410,"Pizza Hut - Malhar Mall, Indore","Anchor No 1, 2nd Floor, Malhar Mega Mall, AB Road,Vijay Nagar, Indore, Madhya Pradesh, India",452010,Indore,Madhya Pradesh,086556 15996,https://restaurants.pizzahut.co.in/pizza-hut-vijay-nagar-pizza-restaurant-vijay-nagar-indore-1185/Home
411,"Pizza Hut - Rajendra Nagar, Indore","Ishawari Westend, No 12 & 13, Ab Road, Rajendra Nagar, Hukma Khedi, Indore, Madhya Pradesh, India",452012,Indore,Madhya Pradesh,086552 17479,https://restaurants.pizzahut.co.in/pizza-hut-rajendra-nagar-indore-pizza-restaurant-hukmakhedi-indore-315628/Home
412,"Pizza Hut - Saket, Indore","Shop No LG 7, Greater Kailash Road, Near Saket Square, Old Palasia, Indore, Madhya Pradesh, India",452018,Indore,Madhya Pradesh,089290 34874,https://restaurants.pizzahut.co.in/pizza-hut-saket-square-pizza-delivery-old-palasia-indore-1296/Home
413,"Pizza Hut - Sapna Sangeeta, indore","UG 01, 1st Flr, Orange Business Park, No 1618, Bhawarkua Main Road, Indore, Madhya Pradesh, India",452014,Indore,Madhya Pradesh,085888 04529,https://restaurants.pizzahut.co.in/pizza-hut-bhawarkua-main-rd-pizza-restaurant-bhawarkua-main-rd-indore-104907/Home
414,"Pizza Hut - Savindnagar, Indore",,452018,Indore,Madhya Pradesh,,https://restaurants.pizzahut.co.in/pizza-hut-savindnagar-indore-in-madhya-pradesh-indore-tilak-nagar-43649/Home
415,"Pizza Hut - Treasure Island Mall, Indore","No F13, 13A & 11, Treasure Island Mall, Mahatma Gandhi Road, South Tukoganj, Indore, Madhya Pradesh, India",452001,Indore,Madhya Pradesh,085888 04203,https://restaurants.pizzahut.co.in/pizza-hut-ph-treasure-island-mall-indore-pizza-restaurant-south-tukoganj-indore-129608/Home
416,"Pizza Hut - Vijay Nagar, Indore","Plot No 3, Ground Floor, Part 2, 78 Scheme, Vijay Nagar, Indore, Madhya Pradesh, India",452010,Indore,Madhya Pradesh,086556 15998,https://restaurants.pizzahut.co.in/pizza-hut-ph-78-scheme-pizza-restaurant-vijay-nagar-indore-129367/Home
417,"Pizza Hut - Narmada Road, Jabalpur","South Avenue Mall, Jabalpur Entertainment Cplx, Narmada Road, Jabalpur, Madhya Pradesh, India",482008,Jabalpur,Madhya Pradesh,086550 72050,https://restaurants.pizzahut.co.in/pizza-hut-ph-sam-jabalpur-pizzerias-narmada-road-jabalpur-294654/Home
418,"Pizza Hut - Russel Chowk, Jabalpur","No 361 & 361A, Russel Chowk, Anand Talkies Road,Napier Town, Beside Jabalpur Hospital, Jabalpur, Madhya Pradesh, India",482001,Jabalpur,Madhya Pradesh,070650 10199,https://restaurants.pizzahut.co.in/pizza-hut-napier-town-pizza-delivery-napier-town-jabalpur-1298/Home
419,"Pizza Hut - Vijay Nagar, Jabalpur","Plot No 635, Scheme No 5, Vijay Nagar, Laxmipur, Near HDFC Bank, Jabalpur, Madhya Pradesh, India",482002,Jabalpur,Madhya Pradesh,086556 16006,https://restaurants.pizzahut.co.in/pizza-hut-ph-jabalpur-pizzerias-laxmipur-jabalpur-199342/Home
420,"Pizza Hut - City Mall, Katni","Unit No 1, Ground Floor, City Mall, Barhi Road, Near Main Railway Station, Katni, Madhya Pradesh, India",483501,Katni,Madhya Pradesh,086556 89208,https://restaurants.pizzahut.co.in/pizza-hut-ph-katani-pizzerias-barhi-road-katni-271846/Home
421,"Pizza Hut - Urahat Allahabad Road, Rewa",,486001,Rewa,Madhya Pradesh,,https://restaurants.pizzahut.co.in/pizza-hut-urahat-allahabad-road-rewa-in-madhya-pradesh-rewa-urahat-allahabad-road-87592/Home
422,"Pizza Hut - Cosmos Mall, Ujjain","G 26A, 27, 28, Gr Flr, Cosmos Mall, D/9 Dhanvantri Chikitsa Yojna,Nanakheda, Opposite Barista, Ujjain, Madhya Pradesh, India",456010,Ujjain,Madhya Pradesh,089290 76936,https://restaurants.pizzahut.co.in/pizza-hut-nanakheda-pizza-delivery-nanakheda-ujjain-1294/Home
423,"Pizza Hut - Savedi, Ahmednagar","Shop No 03, Plot No 2/2B & 3, Nagar Manmad Road, Savedi, Near Parichay Hotel, Ahmednagar, Maharashtra, India",414003,Ahmednagar,Maharashtra,089760 73576,https://restaurants.pizzahut.co.in/pizza-hut-savedi-ahmednagar-in-maharashtra-ahmednagar-near-parichay-hotel-40016/Home
424,"Pizza Hut - Gorakshan Road, Akola","Chamber No 3A, Gr Flr, Yamuna Arcade, Gorakshan Road, Infront of Kotak Hospital, Akola, Maharashtra, India",444001,Akola,Maharashtra,089760 76967,https://restaurants.pizzahut.co.in/pizza-hut-ph-akola-pizzerias-gorakshan-road-akola-193270/Home
425,"Pizza Hut - GNP Galaxy Ambarnath, Mumbai","Unit No 43A & 42/43, GNP Galaxy, PN F4/1 & F4/2, Kalyan Badlapur Rd, Kansai, Opposite Ordnance Factory Lane, Ambernath, Maharashtra, India",421501,Ambernath,Maharashtra,0251 299 0036,https://restaurants.pizzahut.co.in/pizza-hut-ph-gnp-galaxy-ambernath-pizza-restaurant-kansai-ambernath-110477/Home
426,"Pizza Hut - Tapadia City Centre, Amravati","Food Court, Tapadia City Centre Mall, Survey No 15/2, Gopal Nagar, Saturna, Amravati, Maharashtra, India",444607,Amravati,Maharashtra,089291 03051,https://restaurants.pizzahut.co.in/pizza-hut-ph-tapadia-city-centre-mall-amravati-pizza-restaurant-saturna-amravati-166839/Home
427,"Pizza Hut - Badlapur, Mumbai","Shop No 1 to 8, Pranali Park, Belavli, Badlapur, Near Old Indian Petrol Pump, Badlapur, Maharashtra, India",421503,Badlapur,Maharashtra,089768 84853,https://restaurants.pizzahut.co.in/pizza-hut-pizza-hut-fcd-pizza-restaurant-badlapur-badlapur-125717/Home
428,"Pizza Hut - Jalochi, Baramati","7 & 8, Baramati Sahakari Audyogik Office, Baramati Bhigwan Road, Jalochi, Near Kanchan Nagar, Baramati, Maharashtra, India",413102,Baramati,Maharashtra,089760 73643,https://restaurants.pizzahut.co.in/pizza-hut-ph-baramati-pizzerias-jalochi-baramati-271848/Home
429,"Pizza Hut - NH4, Bhor",,412205,Bhor,Maharashtra,,https://restaurants.pizzahut.co.in/pizza-hut-nh4-bhor-in-maharashtra-bhor-nh-4-60577/Home
430,"Pizza Hut - Amarpreet Chowk, Aurangabad","Shop No 1, Ground Floor, Oberori Chember CTS No 13168, Dudh Dairy Signal, Amarpreet Chowk, Jalna Road, Chhatrapati Sambhaji Nagar, Maharashtra, India",431001,Chhatrapati Sambhaji Nagar,Maharashtra,089760 73696,https://restaurants.pizzahut.co.in/pizza-hut-pizza-hut-fcd-aurangabad-pizza-restaurant-dudh-dairy-signal-aurangabad-122314/Home
431,"Pizza Hut - Waluj, Aurangabad","MBJ Tower, Plot No P28, MIDC, Maharana Pratap Chowk, Bajaj Nagar, Waluj, Chhatrapati Sambhaji Nagar, Maharashtra, India",431136,Chhatrapati Sambhaji Nagar,Maharashtra,089760 73697,https://restaurants.pizzahut.co.in/pizza-hut-ph-waluj-pizza-restaurant-waluj-aurangabad-132488/Home
432,"Pizza Hut - Shahnoorwadi, Aurangabad","Gr Flr, Survey No 22, Khatod Landmark, 107 & 108, Beed Bypass Road, opposite Bemde Hospital, Shahnoorwadi, Chhatrapati Sambhajinagar, Maharashtra, India",431009,Chhatrapati Sambhajinagar,Maharashtra,089760 76895,https://restaurants.pizzahut.co.in/pizza-hut-ph-beed-by-pass-pizzerias-shahnoorwadi-aurangabad-252949/Home
433,"Pizza Hut - Mangalwar Peth, Karad","Bearing Shop No 1 to 5,Cosmos Presidency, Mangalwar Peth, Near Karad Bus Stand, Karad, Maharashtra, India",415110,Karad,Maharashtra,089760 77483,https://restaurants.pizzahut.co.in/pizza-hut-mangalwar-peth-karad-in-maharashtra-karad-near-karad-bus-stand-98114/Home
434,"Pizza Hut - Janta Bazaar, Kolhapur","Janta Bazaar, Rajarampuri, Next to Pantaloons, Kolhapur, Maharashtra, India",416001,Kolhapur,Maharashtra,0231 252 7621,https://restaurants.pizzahut.co.in/pizza-hut-rajarampuri-pizza-delivery-rajarampuri-kolhapur-1353/Home
435,"Pizza Hut - Ambejoai Road, Latur","Ground Floor, Kayamkhani Estate, Ambejoai Road, Near Shivaji Chowk, Latur, Maharashtra, India",413531,Latur,Maharashtra,089760 76965,https://restaurants.pizzahut.co.in/pizza-hut-pizza-hut-fcd-pizza-restaurant-ambejoai-road-latur-125362/Home
436,"Pizza Hut - Andheri East, Mumbai","Shop No 1, Ground Floor, Tandon Mall, Andheri Kurla Rd, Andheri East, Chakala JB Nagar, Mumbai, Maharashtra, India",400093,Mumbai,Maharashtra,1800 202 2022,https://restaurants.pizzahut.co.in/pizza-hut-andheri-east-pizza-restaurant-andheri-east-mumbai-1139/Home
437,"Pizza Hut - Atria Mall, Mumbai","No C0, SN 27 to 29 & 34, GF, Atria Mall, Dr Annie Basant Road, Lotus Colony, Worli, Mumbai, Maharashtra, India",400018,Mumbai,Maharashtra,086558 41227,https://restaurants.pizzahut.co.in/pizza-hut-atria-mall-worli-pizzerias-worli-mumbai-294009/Home
438,"Pizza Hut - Azad Nagar Colaba, Mumbai","Ground Floor, Kismet Building, Shahid Bhagat Singh Rd, Azad Nagar, Colaba, Mumbai, Maharashtra, India",400005,Mumbai,Maharashtra,098731 44562,https://restaurants.pizzahut.co.in/pizza-hut-ph-azad-nagar-colaba-pizza-restaurant-colaba-mumbai-135516/Home
439,"Pizza Hut - Bandra East, Mumbai","Auto Care Centre, Bandra Kurla Complex, Bandra East, Near HPCL Petrol Pump, Mumbai, Maharashtra, India",400051,Mumbai,Maharashtra,1800 202 2022,https://restaurants.pizzahut.co.in/pizza-hut-ph-bkc-pizza-restaurant-bandra-east-mumbai-308809/Home
440,"Pizza Hut - CST, Mumbai",,400001,Mumbai,Maharashtra,,https://restaurants.pizzahut.co.in/pizza-hut-murzban-road-pizza-restaurant-murzban-road-mumbai-1143/Home
441,"Pizza Hut - Chandivali, Mumbai","Unit No 30 to 34, Sumer Life, Farm Road, Chandivali, Near Khairani Baug, Mumbai, Maharashtra, India",400072,Mumbai,Maharashtra,086558 41184,https://restaurants.pizzahut.co.in/pizza-hut-ph-chandivali-pizza-restaurant-chandivali-mumbai-297818/Home
442,"Pizza Hut - Charni Road Girgaum Chowpatty, Mumbai","No 121 & 119, Mantri Building, Church Jn, Jagannath Shankar Seth Road, Girgaon, Mumbai, Maharashtra, India",400004,Mumbai,Maharashtra,085888 12821,https://restaurants.pizzahut.co.in/pizza-hut-ph-girgaon-chowpatty-mumbai-pizzerias-girgaon-mumbai-180251/Home
443,"Pizza Hut - Chhatrapati Shivaji Domestic Airport, Mumbai","Chhatrapati Shivaji Domestic Airport, Western Suburbs, Vile Parle East, Mumbai, Maharashtra, India",400099,Mumbai,Maharashtra,1800 202 2022,https://restaurants.pizzahut.co.in/pizza-hut-vile-parle-east-pizza-restaurant-vile-parle-east-mumbai-1364/Home
444,"Pizza Hut - Chinchpada, Mumbai","Gr & 1st Flr, ORCHID APARTMENT WING-B, Star Plaza, No 16 & 17, Mahatma Gandhi Road, Chinchpada, Borivali East, Mumbai, Maharashtra, India",400066,Mumbai,Maharashtra,1800 202 2022,https://restaurants.pizzahut.co.in/pizza-hut-star-plaza-pizzerias-borivali-east-mumbai-286634/Home
445,"Pizza Hut - Dahisar West, Mumbai","Shop No 1 & 2, Sortee Somnath CHSL, New Link Rd, Kandarpada, Dahisar West, Mumbai, Maharashtra, India",400068,Mumbai,Maharashtra,097115 22052,https://restaurants.pizzahut.co.in/pizza-hut-ph-dahisar-west-mumbai-pizzerias-dahisar-west-mumbai-185943/Home
446,"Pizza Hut - Dombivli East, Mumbai",,421201,Mumbai,Maharashtra,,https://restaurants.pizzahut.co.in/pizza-hut-dombivli-east-mumbai-in-maharashtra-mumbai-dombivli-east-20296/Home
447,"Pizza Hut - Galleria Shopping Mall, Mumbai","Galleria Shopping Mall, SN 113 to 116, Hiranandani Gardens, Powai, Mumbai, Maharashtra, India",400076,Mumbai,Maharashtra,1800 202 2022,https://restaurants.pizzahut.co.in/pizza-hut-ph-galleria-powai-pizza-restaurant-powai-mumbai-324563/Home
448,"Pizza Hut - Ganapati Mandir Road, Mumbai",,400057,Mumbai,Maharashtra,,https://restaurants.pizzahut.co.in/pizza-hut-ganapati-mandir-road-mumbai-in-maharashtra-mumbai-east-28313/Home
449,"Pizza Hut - Gokuldham Colony Goregaon, Mumbai",,400063,Mumbai,Maharashtra,,https://restaurants.pizzahut.co.in/pizza-hut-ph-gokuldham-colony-goregaon-pizza-restaurant-goregaon-mumbai-178192/Home
450,"Pizza Hut - Highstreet Phoenix Lower Parel, Mumbai","East Zone, 2nd, Senapati Bapat Marg, Lower Parel, Mumbai, Maharashtra, India",400013,Mumbai,Maharashtra,1800 202 2022,https://restaurants.pizzahut.co.in/pizza-hut-ph-mumbai-lower-parel-pizza-restaurant-lower-parel-mumbai-175407/Home
451,"Pizza Hut - Infiniti Mall Malad, Mumbai","Unit No 307, 3rd Floor, Infiniti Mall, Malad West, Mumbai, Maharashtra, India",400064,Mumbai,Maharashtra,1800 202 2022,https://restaurants.pizzahut.co.in/pizza-hut-malad-west-pizza-restaurant-malad-west-mumbai-100406/Home
452,"Pizza Hut - Jogeshwari West, Mumbai","Shop No 1, Royal Garden Building, SV Rd, Saraswati Baug, Kevnipada, Jogeshwari West, Mumbai, Maharashtra, India",400102,Mumbai,Maharashtra,097116 18571,https://restaurants.pizzahut.co.in/pizza-hut-ph-sv-road-jogeshwari-west-pizzerias-jogeshwari-west-mumbai-184666/Home
453,"Pizza Hut - K Star Mall Chembur, Mumbai","Unit No 5 & 6, 3rd Floor, K Star Mall, Diamond Garden, Basant Garden, Chembur, Mumbai, Maharashtra, India",400071,Mumbai,Maharashtra,1800 202 2022,https://restaurants.pizzahut.co.in/pizza-hut-ph-kstar-mall-chembur-pizza-delivery-chembur-mumbai-110279/Home
454,"Pizza Hut - Kandivali East, Mumbai","SN 17, Thakur Cinema & Welfare Centre, Thakur Village, Kandivali East, Near Thakur College, Mumbai, Maharashtra, India",400101,Mumbai,Maharashtra,086556 15982,https://restaurants.pizzahut.co.in/pizza-hut-kandivali-east-pizza-restaurant-kandivali-east-mumbai-1137/Home
455,"Pizza Hut - Kandivili Profit Centre, Mumbai","SN G3 & F2, Profit Centre, 120 Feet Rd, Borsapada,Mahaveer Nagar,Kandivali West, Mumbai, Maharashtra, India",400067,Mumbai,Maharashtra,089768 84850,https://restaurants.pizzahut.co.in/pizza-hut-kandivali-west-pizza-restaurant-kandivali-west-mumbai-1158/Home
456,"Pizza Hut - Kohinoor Sqaure Dadar, Mumbai","1st Floor, Kohinoor Square, Shivaji Park, NC Kelkar Rd, RG Gadkari Chowk, Dadar West, Opposite Shiv Sena Bhavan, Mumbai, Maharashtra, India",400028,Mumbai,Maharashtra,089290 39180,https://restaurants.pizzahut.co.in/pizza-hut-ph-kohinoor-square-dadar-pizza-restaurant-dadar-west-mumbai-127530/Home
457,"Pizza Hut - Kurla East Point, Mumbai","Shop No 19 to 21, 3rd Floor, East Point, Jagruti Nagar, Police Colony, Kurla East, Mumbai, Maharashtra, India",400024,Mumbai,Maharashtra,098990 63625,https://restaurants.pizzahut.co.in/pizza-hut-ph-east-point-mall-kurla-pizzerias-kurla-east-mumbai-275646/Home
458,"Pizza Hut - Lokhandwala Road Kandivali East, Mumbai","No 58 & 59, Centrium Premises Coop Soc, Lokhandwala, Mumbai, Maharashtra, India",400101,Mumbai,Maharashtra,098993 05449,https://restaurants.pizzahut.co.in/pizza-hut-lokhandwala-road-kandivali-east-pizza-restaurant-lokhandwala-mumbai-301875/Home
459,"Pizza Hut - Mahim West, Mumbai","No 28, God Gift, Lady Jamshedji Road, Mahim West, Near St Michael's High School, Mumbai, Maharashtra, India",400016,Mumbai,Maharashtra,1800 202 2022,https://restaurants.pizzahut.co.in/pizza-hut-mahim-mumbai-pizzerias-mahim-west-mumbai-274231/Home
460,"Pizza Hut - Phoenix Market City Kurla, Mumbai","F27/80, 1st Floor, Phoenix Market City, LBS Marg, Kurla West, Mumbai, Maharashtra, India",400070,Mumbai,Maharashtra,089768 84865,https://restaurants.pizzahut.co.in/pizza-hut-kurla-west-pizza-restaurant-kurla-west-mumbai-1178/Home
461,"Pizza Hut - R City Ghatkopar, Mumbai","Shop No T 28/29, 3rd Floor, R City Mall, LBS Marg,Ghatkopar West, Near Kidzania, Mumbai, Maharashtra, India",400086,Mumbai,Maharashtra,1800 202 2022,https://restaurants.pizzahut.co.in/pizza-hut-ghatkopar-west-pizza-restaurant-ghatkopar-west-mumbai-27206/Home
462,"Pizza Hut - R Mall Mulund, Mumbai","3rd Floor, R Mall, LBS Marg, Kamgar Colony, Mulund West, Mumbai, Maharashtra, India",400080,Mumbai,Maharashtra,1800 202 2022,https://restaurants.pizzahut.co.in/pizza-hut-mulund-west-pizza-restaurant-mulund-west-mumbai-1135/Home
463,"Pizza Hut - SV Road Khar, Mumbai","CST F, 193, Swami Vivekananda Road, TPS III, Khar West, Mumbai, Maharashtra, India",400052,Mumbai,Maharashtra,1800 202 2022,https://restaurants.pizzahut.co.in/pizza-hut-mumbai-pizza-restaurant-khar-west-mumbai-174829/Home
464,"Pizza Hut - SV Road Malad West, Mumbai","Shop No 7, Unity Heights, Malad, Nadiyawala Col, Rd No 2, Malad West, Mumbai, Maharashtra, India",400064,Mumbai,Maharashtra,1800 202 2022,https://restaurants.pizzahut.co.in/pizza-hut-ph-sv-road-malad-west-mumbai-pizza-restaurant-malad-west-mumbai-304305/Home
465,"Pizza Hut - Sion, Mumbai","No 13/A1, New Sindhi Colony, Sion West, Near SIES College, Mumbai, Maharashtra, India",400068,Mumbai,Maharashtra,098994 12449,https://restaurants.pizzahut.co.in/pizza-hut-ph-sion-west-mumbai-pizza-restaurant-sion-west-mumbai-171183/Home
466,"Pizza Hut - T2 Food Court, Mumbai","W5 3028, Level 3, Domestic Food Court, T2,Mumbai Airport, Mumbai, Maharashtra, India",400059,Mumbai,Maharashtra,096533 52690,https://restaurants.pizzahut.co.in/pizza-hut-t2-mumbai-airport-pizza-restaurant-t2-mumbai-airport-mumbai-6142/Home
467,"Pizza Hut - The Hub Mall Goregaon, Mumbai","UN 15,16,12 & 17,Gr Flr, The Hub Mall, Western Express Highway, Goregaon East, Mumbai, Maharashtra, India",400063,Mumbai,Maharashtra,1800 202 2022,https://restaurants.pizzahut.co.in/pizza-hut-goregaon-east-pizza-restaurant-goregaon-east-mumbai-58294/Home
468,"Pizza Hut - Vicino Mall Andheri West, Mumbai","SN 8 & 106, Ground Floor, Vicino Mall, Oshiwara, Andheri West, Mumbai, Maharashtra, India",400102,Mumbai,Maharashtra,089768 84886,https://restaurants.pizzahut.co.in/pizza-hut-vicino-mall-andheri-west-pizza-restaurant-andheri-west-mumbai-174831/Home
469,"Pizza Hut - Vile Parle, Mumbai",,400057,Mumbai,Maharashtra,,https://restaurants.pizzahut.co.in/pizza-hut-vile-parle-mumbai-in-maharashtra-mumbai-vile-parle-21089/Home
470,"Pizza Hut - Hingna Road, Nagpur","Shop No 6A/2, 6B & 7, Ground Floor, Hingna Road, Nagpur, Maharashtra, India",440028,Nagpur,Maharashtra,089760 73671,https://restaurants.pizzahut.co.in/pizza-hut-pizzerias-hingna-road-nagpur-187343/Home
471,"Pizza Hut - Laxmi Nagar, Nagpur","Meghdoor Heights, No 1435, South Ambazari Road, Shraddhanandpeth Sq, Nagpur, Maharashtra, India",440010,Nagpur,Maharashtra,070650 00897,https://restaurants.pizzahut.co.in/pizza-hut-south-ambazari-rd-pizza-delivery-south-ambazari-rd-nagpur-1300/Home
472,"Pizza Hut - Poonam Towers, Nagpur","SN 5 to 7, Gr Flr, Poonam Chambers, Chawani, Nagpur, Maharashtra, India",440001,Nagpur,Maharashtra,089760 73670,https://restaurants.pizzahut.co.in/pizza-hut-ph-poonam-chamber-pizza-restaurant-chawani-nagpur-163313/Home
473,"Pizza Hut - Trilium Mall, Nagpur","No 2, Food Court, 3rd Flr, Trilium Mall, Rambagh Layout,Untkhana,Ayodhya Nagar, Nagpur, Maharashtra, India",440003,Nagpur,Maharashtra,089760 73579,https://restaurants.pizzahut.co.in/pizza-hut-trillium-mall-nagpur-pizza-restaurant-ayodhya-nagar-nagpur-92330/Home
474,"Pizza Hut - Wardhaman Nagar, Nagpur","PN 278, Ground Floor, Central Avenue, Wardhman Nagar, Nagpur, Maharashtra, India",440008,Nagpur,Maharashtra,089760 73632,https://restaurants.pizzahut.co.in/pizza-hut-ph-wardhaman-nagar-nagpur-pizza-restaurant-wardhman-nagar-nagpur-122313/Home
475,"Pizza Hut - Shivaji Nagar, Nanded","111C, GF, Cooperative Industrial Estate, Nanded Waghala, Vishnu Nagar, Nanded, Maharashtra, India",431602,Nanded,Maharashtra,089296 45635,https://restaurants.pizzahut.co.in/pizza-hut-ph-shivaji-nagar-nanded-pizza-restaurant-vishnu-nagar-nanded-121523/Home
476,"Pizza Hut - Ashoka Marg, Nashik","Shop No 3 & 4, Guru Om Building, Ashoka Marg, Nashik, Maharashtra, India",422214,Nashik,Maharashtra,076694 00319,https://restaurants.pizzahut.co.in/pizza-hut-ashoka-marg-nashik-in-maharashtra-nashik-ashoka-marg-51978/Home
477,"Pizza Hut - Deolali Road, Nashik",,422214,Nashik,Maharashtra,,https://restaurants.pizzahut.co.in/pizza-hut-deolali-road-nashik-in-maharashtra-nashik-nashik-road-38860/Home
478,"Pizza Hut - Lawate Nagar, Nashik","3rd Floor, City Centre Mall, Lawate Nagar, Untwadi, Nashik, Maharashtra, India",422002,Nashik,Maharashtra,1800 202 2022,https://restaurants.pizzahut.co.in/pizza-hut-ph-ccm-nashik-pizza-restaurant-untwadi-nashik-305156/Home
479,"Pizza Hut - Metro 99, Nashik","Plot No 456, Ground Floor, Metro 99, Off College Road, Thatte Nagar, Nashik, Maharashtra, India",422005,Nashik,Maharashtra,0253 355 4999,https://restaurants.pizzahut.co.in/pizza-hut-thatte-nagar-pizza-restaurant-thatte-nagar-nashik-92328/Home
480,"Pizza Hut - Prashant Nagar, Nashik","Dnyaneshwar Nagar Road, Prashant Nagar, Pathardi Phata, Nashik, Maharashtra, India",422010,Nashik,Maharashtra,1800 202 2022,https://restaurants.pizzahut.co.in/pizza-hut-prashant-nagar-nashik-in-maharashtra-nashik-pathardi-phata-22033/Home
481,"Pizza Hut - Airoli, Navi Mumbai","Green World CHS, Wing A1, Airoli Knowledge Park Road, Dighe, Airoli, Navi Mumbai, Maharashtra, India",400708,Navi Mumbai,Maharashtra,078350 47284,https://restaurants.pizzahut.co.in/pizza-hut-airoli-navi-mumbai-in-maharashtra-navi-mumbai-airoli-80250/Home
482,"Pizza Hut - Grand Central Mall Seawoods, Mumbai","1, PN R, 2nd Flr, Seawoods Grand Central, Seawoods Station Rd, Nerul East, Sector 40, Near Railway Station, Navi Mumbai, Maharashtra, India",400706,Navi Mumbai,Maharashtra,1800 202 2022,https://restaurants.pizzahut.co.in/pizza-hut-ph-seawoods-mall-navi-mumbai-pizza-restaurant-nerul-east-sector-40-navi-mumbai-172025/Home
483,"Pizza Hut - Inorbit Mall, Vashi , Mumbai","2nd Floor, Inorbit Mall, Vashi, Sector 30A, Near Vashi Railway Station, Navi Mumbai, Maharashtra, India",400705,Navi Mumbai,Maharashtra,1800 202 2022,https://restaurants.pizzahut.co.in/pizza-hut-vashi-pizza-restaurant-vashi-sector-30a-navi-mumbai-1465/Home
484,"Pizza Hut - Kamothe, Navi Mumbai","Shop No 9 & 10, Tharwani Residency, Kamothe,Sion Panvel Expy,Panvel,Sec 6A, Navi Mumbai, Maharashtra, India",410206,Navi Mumbai,Maharashtra,098997 07752,https://restaurants.pizzahut.co.in/pizza-hut-ph-kamothe-navi-mumbai-pizzerias-panvel-sec-6a-navi-mumbai-125846/Home
485,"Pizza Hut - Kopar Khairane Vashi, Mumbai","Shop No 3 & 4, Kailash Vaibhav Building, Plot No 21, Vashi Road, Kopar Khairane, Navi Mumbai, Maharashtra, India",400709,Navi Mumbai,Maharashtra,098990 79162,https://restaurants.pizzahut.co.in/pizza-hut-ph-koper-khairane-vashi-road-pizzerias-kopar-khairane-navi-mumbai-275648/Home
486,Pizza Hut - Mumbai,"S No 1 to 4, Gr Flr, Priyadarshini CHS, Plot No 99, Airoli, Sector 8A, Navi Mumbai, Maharashtra, India",400708,Navi Mumbai,Maharashtra,086551 89317,https://restaurants.pizzahut.co.in/pizza-hut-mumbai-in-maharashtra-navi-mumbai-sector-8a-66751/Home
487,"Pizza Hut - Nerul, Mumbai","5, Ground Floor, Ahilya Gokul Patil Road,Nerul,Sector 1, Next to KFC, Navi Mumbai, Maharashtra, India",400706,Navi Mumbai,Maharashtra,089290 77632,https://restaurants.pizzahut.co.in/pizza-hut-nerul-sector-1-pizza-delivery-nerul-sector-1-navi-mumbai-1360/Home
488,"Pizza Hut - Ulwe Navi, Mumbai","Shop No 16 to 18, Siddhivinayak Utopia, Plot No 191, Wahal,Ulwe, Sector 20, Navi Mumbai, Maharashtra, India",410206,Navi Mumbai,Maharashtra,1800 202 2022,https://restaurants.pizzahut.co.in/pizza-hut-ulwe-pizzerias-ulwe-sector-20-navi-mumbai-300960/Home
489,"Pizza Hut - Nalasopara East, Palghar","Shop No 1 to 5, Tulip Garden, Central Park,Nalasopara East, Palghar, Maharashtra, India",401209,Palghar,Maharashtra,1800 202 2022,https://restaurants.pizzahut.co.in/pizza-hut-tulip-garden-nalasopara-east-pizzerias-nalasopara-east-palghar-275476/Home
490,"Pizza Hut - Orion Mall Panvel, Mumbai","No K05, 2nd Flr, Food Court, Orion Mall, near ST Stand, Panvel, Panvel, Maharashtra, India",410206,Panvel,Maharashtra,1800 202 2022,https://restaurants.pizzahut.co.in/pizza-hut-ph-orion-mall-pizzerias-panvel-navi-mumbai-130471/Home
491,"Pizza Hut - Sai Miracle Sector 35 Kharghar, Mumbai","S No 9 & 10, Ground Floor, Sai Miracle, Plot No 16/17/19, Sector 35E, Kharghar, Panvel, Maharashtra, India",410210,Panvel,Maharashtra,086556 15987,https://restaurants.pizzahut.co.in/pizza-hut-kharghar-pizzerias-kharghar-sector-35e-navi-mumbai-187966/Home
492,"Pizza Hut - 93 Avenue, Pune","Unit No 2 & 3, Ground Floor, Kalubai Chowk, Wanowrie, Fatima Nagar, Pune, Maharashtra, India",411013,Pune,Maharashtra,089760 73954,https://restaurants.pizzahut.co.in/pizza-hut-93-avenue-pizza-restaurant-fatima-nagar-pune-107867/Home
493,"Pizza Hut - Aero Mall, Pune","Shop No K14, 2nd Floor, Survey No 235, Mhada Colony, Viman Nagar, Pune, Maharashtra, India",411006,Pune,Maharashtra,085068 37643,https://restaurants.pizzahut.co.in/pizza-hut-ph-aero-mall-pune-airport-pizzerias-viman-nagar-pune-235141/Home
494,"Pizza Hut - Amanora Mall, Pune","No EB/SF/FC20, 2nd Floor, Amanora Mall, East Block, Kharadi Bypass, Hadapsar, Pune, Maharashtra, India",411028,Pune,Maharashtra,1800 202 2022,https://restaurants.pizzahut.co.in/pizza-hut-amanora-mall-in-maharashtra-pune-hadapsar-97277/Home
495,"Pizza Hut - Ambegaon, Pune","S No 1 & 2, Ground Floor, Lotus Park 3, Mumbai Pune Bypass Road,Ambegaon BK, Pune, Maharashtra, India",411046,Pune,Maharashtra,098990 79338,https://restaurants.pizzahut.co.in/pizza-hut-ph-lotus-park-ambegoan-pune-pizzerias-ambegaon-bk-pune-271932/Home
496,"Pizza Hut - Anand Nagar, Pune","Arvind Society, Narveer Tanaji Malusare Road, Anand Nagar, Pune, Maharashtra, India",411051,Pune,Maharashtra,1800 202 2022,https://restaurants.pizzahut.co.in/pizza-hut-anand-nagar-pune-in-maharashtra-pune-anand-nagar-47435/Home
497,"Pizza Hut - Baner Pashan, Pune","Nano Space IT Park, Baner Pashan Link Road, Baner, Pune, Maharashtra, India",411045,Pune,Maharashtra,089760 73889,https://restaurants.pizzahut.co.in/pizza-hut-baner-pashan-pizza-restaurant-baner-pune-133374/Home
498,"Pizza Hut - Baner Sus Road, Pune","Shop No 3, S No 52, Baner Business Bay, Mumbai Banglore Highway, Baner Sus Road, Behind Audi, Pune, Maharashtra, India",411021,Pune,Maharashtra,089760 76886,https://restaurants.pizzahut.co.in/pizza-hut-sus-road-baner-pune-pizzerias-baner-sus-road-pune-285256/Home
499,"Pizza Hut - Baner, Pune","Sy No 115, Hissa No 3/1, Ground Floor, Haveli,TIARA,Baner, Pune, Maharashtra, India",411045,Pune,Maharashtra,089760 73821,https://restaurants.pizzahut.co.in/pizza-hut-baner-pizza-delivery-baner-pune-44204/Home
500,"Pizza Hut - Bavdhan, Pune","Plot No 2, Gr & 1st Flr, Sagar Society, Sr No 12/2, Bavdhan Khurd, Pune, Maharashtra, India",411021,Pune,Maharashtra,086556 16043,https://restaurants.pizzahut.co.in/pizza-hut-ph-bavdhan-pizzerias-bavdhan-khurd-pune-199341/Home
501,"Pizza Hut - Chikhali, Pune","No 7 to 9, PN 1/1, Kundan Jn, Spine Rd,, Gharkul Chowk, PCNTDA, Chikhali, Sector 17, Pune, Maharashtra, India",411062,Pune,Maharashtra,089760 74833,https://restaurants.pizzahut.co.in/pizza-hut-chikhali-pune-pizzerias-chikhali-sector-17-pune-282797/Home
502,"Pizza Hut - Clover Hills Plaza, Pune","G12/13/22/23, Gr Flr, Clover Hills Plaza, NIBM Road, Mohammad wadi, Pune, Maharashtra, India",411048,Pune,Maharashtra,089760 77672,https://restaurants.pizzahut.co.in/pizza-hut-ph-nibm-pizza-restaurant-mohammad-wadi-pune-306683/Home
503,"Pizza Hut - Dapodi, Pune","Shop No 5, Ground Floor, Siddhi Tower, Ganesh Nagar, Dapodi, Pimpri Chinchwad, Pune, Maharashtra, India",411012,Pune,Maharashtra,086109 30273,https://restaurants.pizzahut.co.in/pizza-hut-ph-dapodi-pune-pizzerias-pimpri-chinchwad-pune-235128/Home
504,"Pizza Hut - Dhanori, Pune","Ground Floor, Marrakesh, Dhanori Road, Madhav Nagar, Dhanori, Pune, Maharashtra, India",411015,Pune,Maharashtra,089760 73997,https://restaurants.pizzahut.co.in/pizza-hut-pizza-hut-dhanori-pizza-restaurant-dhanori-pune-118010/Home
505,"Pizza Hut - Dhayari, Pune","Apple Regency, Main Gate, Sinhgad Road, opposite Nanded, Dhayari, Pune, Maharashtra, India",411068,Pune,Maharashtra,072900 68341,https://restaurants.pizzahut.co.in/pizza-hut-ph-dhayari-pune-pizza-restaurant-dhayari-pune-107787/Home
506,"Pizza Hut - Dighi, Pune","Shop No 85/1/1, GF, Kamalraj Nishigandh, Pune Alandi Road, Dighi, Near Parande Properties, Pune, Maharashtra, India",411015,Pune,Maharashtra,089760 74224,https://restaurants.pizzahut.co.in/pizza-hut-ph-dighi-pizzerias-dighi-pune-249767/Home
507,"Pizza Hut - Elpro City Square Mall, Pune","No 301, 3rd Floor, Elpro Mall, Chinchwad Gaon, Chinchwad, Pune, Maharashtra, India",411033,Pune,Maharashtra,089760 73925,https://restaurants.pizzahut.co.in/pizza-hut-ph-fcdi-elpro-mall-pizza-restaurant-chinchwad-pune-108266/Home
508,"Pizza Hut - FC Road, Pune","Shop No 1A, Millenium Plaza, Survey No 1216, Fergusson College Road, Pune, Maharashtra, India",411004,Pune,Maharashtra,089760 73701,https://restaurants.pizzahut.co.in/pizza-hut-fc-collage-road-pizza-delivery-fc-collage-road-pune-2581/Home
509,"Pizza Hut - Global High Street Mall, Hinjewadi","3rd Flr, Global Hi Street Mall, Phase 1, Rajiv Gandhi Infotech Park,Hinjewadi, Pune, Maharashtra, India",411057,Pune,Maharashtra,095820 79268,https://restaurants.pizzahut.co.in/pizza-hut-hinjewadi-pizza-delivery-hinjewadi-pune-1368/Home
510,"Pizza Hut - Gurunanak Nagar, Pune","No 2 & 3, 3rd Floor, Vrindavan Society, Shankar Seth Rod,Gurunanak Nagar, Pune, Maharashtra, India",411037,Pune,Maharashtra,089760 75116,https://restaurants.pizzahut.co.in/pizza-hut-ph-kumar-pacific-pizzerias-gurunanak-nagar-pune-199340/Home
511,"Pizza Hut - Hirabaug, Pune","No 1, Plot No 47A & 1077, HBC Building, Shukrawar Peth, Hirabaug, Near Hirabaug Chowk, Pune, Maharashtra, India",411002,Pune,Maharashtra,089760 75042,https://restaurants.pizzahut.co.in/pizza-hut-sapphire-foods-india-ltd-pizzerias-hirabaug-pune-187345/Home
512,"Pizza Hut - Kalyani Nagar , Pune","Shop No 12, Hermes Waves Mall, Kalyani Nagar, Pune, Maharashtra, India",411016,Pune,Maharashtra,089760 73714,https://restaurants.pizzahut.co.in/pizza-hut-kalyani-nagar-pizza-delivery-kalyani-nagar-pune-1128/Home
513,"Pizza Hut - Karve Road, Pune","Showroom No 04, Krushnai Plaza CTS No 291, Hingne, Karvenagar, Pune, Maharashtra, India",411052,Pune,Maharashtra,089760 74712,https://restaurants.pizzahut.co.in/pizza-hut-ph-karve-nagar-pizza-restaurant-karve-nagar-pune-163314/Home
514,"Pizza Hut - Katraj, Pune","Green Park, Pune Satara Road, Katraj, Opposite Bharti Vidyapeeth Main Gate, Pune, Maharashtra, India",411046,Pune,Maharashtra,098993 19553,https://restaurants.pizzahut.co.in/pizza-hut-katraj-pizza-delivery-katraj-pune-1367/Home
515,"Pizza Hut - Kothrud, Pune","Plot no A-6 & A-7,CST no 667, Shop no 9, Stilth Floor, Pune, Maharashtra, India",400062,Pune,Maharashtra,086556 16024,https://restaurants.pizzahut.co.in/pizza-hut-kothrud-pizza-delivery-kothrud-pune-1123/Home
516,"Pizza Hut - Magarpatta, Pune","No 01, 140/11 & 13, Green Harvest Bldg, Magarpatta,Hadapsar, Pune, Maharashtra, India",411028,Pune,Maharashtra,070650 11226,https://restaurants.pizzahut.co.in/pizza-hut-hadapsar-pizza-delivery-hadapsar-pune-1370/Home
517,"Pizza Hut - Magnum Mall (Kakde), Pune","No 231, SGS Mall Camp, Moledina Rd, Pune, Maharashtra, India",411001,Pune,Maharashtra,089760 73753,https://restaurants.pizzahut.co.in/pizza-hut-moledina-rd-pizza-restaurant-moledina-rd-pune-1194/Home
518,"Pizza Hut - Nigdi, Pune","No 15 to 17, Kohinoor Arcade, Tilak Chowk, Pradhikaran, Nigdi, Sector 24, Pune, Maharashtra, India",411044,Pune,Maharashtra,070650 10399,https://restaurants.pizzahut.co.in/pizza-hut-nigdi-sector-24-pizza-delivery-nigdi-sector-24-pune-1366/Home
519,"Pizza Hut - PMC, Pune","G5, LG Flr, Phoenix Marketcity Mall, Survey Number 201, Viman Nagar, Pune, Maharashtra, India",411014,Pune,Maharashtra,089760 73820,https://restaurants.pizzahut.co.in/pizza-hut-viman-nagar-pizza-delivery-viman-nagar-pune-23552/Home
520,"Pizza Hut - Phoenix Market City Mall, Pune","S26, 2nd Flr, Phoenix Market City Mall, Nagar Road, Viman Nagar, Pune, Maharashtra, India",411014,Pune,Maharashtra,1800 202 2022,https://restaurants.pizzahut.co.in/pizza-hut-viman-nagar-pizza-restaurant-viman-nagar-pune-1179/Home
521,"Pizza Hut - Punvale Bazar, Pune","SN 7 & 8, Sai Raj Height, Punvale Bazar,Punawale, Pune, Maharashtra, India",411033,Pune,Maharashtra,089760 77522,https://restaurants.pizzahut.co.in/pizza-hut-ph-punawale-pizzerias-punawale-pune-289860/Home
522,"Pizza Hut - Rainbow Mall Wagholi, Pune","Ground Floor, Rainbow Cross Rd Building, Bakori Phata, Nagar Road, Wagholi, Pune, Maharashtra, India",412207,Pune,Maharashtra,083769 05216,https://restaurants.pizzahut.co.in/pizza-hut-ph-rainbow-cross-road-wagholi-pizza-restaurant-wagholi-pune-125076/Home
523,"Pizza Hut - Sasane Nagar, Pune","Fortune Plaza, Vardhaman Township, Sasane Nagar, Hadapsar, Pune, Maharashtra, India",411028,Pune,Maharashtra,085888 59604,https://restaurants.pizzahut.co.in/pizza-hut-ph-sasane-nagar-pune-pizzerias-hadapsar-pune-250676/Home
524,"Pizza Hut - Seasons Mall, Pune","Unit No T1, SEASONS MALL, Magarpatta Police Station Road, Magarpatta, Hadapsar, Pune, Maharashtra, India",411013,Pune,Maharashtra,089760 73785,https://restaurants.pizzahut.co.in/pizza-hut-hadapsar-pizza-takeaway-hadapsar-pune-23041/Home
525,"Pizza Hut - Shankar Kalat Nagar, Pune","Survey No 186, Costa Rica Society, 9 Avenues CHS, Besides, Shankar Kalat Nagar, Wakad, Pune, Maharashtra, India",411057,Pune,Maharashtra,1800 202 2022,https://restaurants.pizzahut.co.in/pizza-hut-shankar-kalat-nagar-pune-in-maharashtra-pune-besides-costa-rica-society-51465/Home
526,"Pizza Hut - Shoppers Orbit Vishrantwadi, Pune","Gr Flr, Shoppers Orbit, Shop No 31/B, Dhanori Road, next Mahalaxmi Complex, Pune, Maharashtra, India",411015,Pune,Maharashtra,098994 84974,https://restaurants.pizzahut.co.in/pizza-hut-dhanori-road-pizza-restaurant-dhanori-road-pune-105727/Home
527,"Pizza Hut - The Pavilion ( ICC) Mall, Pune","UN 3, PN 403 A1, The Pavillion Mall, Senapati Bapat Nagar,Shivaji Nagar, Near Marriot, Pune, Maharashtra, India",411016,Pune,Maharashtra,089760 73764,https://restaurants.pizzahut.co.in/pizza-hut-shivaji-nagar-pizza-restaurant-shivaji-nagar-pune-22509/Home
528,"Pizza Hut - Undri, Pune","Shop No 14 & 15, Urban Nest, VTP Realty, Undri Chowk, Undri, Pune, Maharashtra, India",412308,Pune,Maharashtra,098731 43996,https://restaurants.pizzahut.co.in/pizza-hut-ph-undri-pune-pizza-restaurant-undri-pune-129758/Home
529,"Pizza Hut - VJ Happiness Street Hinjewadi, Pune","Shop No 4 & 5, Ground Floor, Phase 2, VJ Happiness Street, Hinjewadi, Pune, Maharashtra, India",411057,Pune,Maharashtra,085100 39631,https://restaurants.pizzahut.co.in/pizza-hut-ph-vj-happiness-street-hinjewadi-pizzerias-hinjewadi-pune-200464/Home
530,"Pizza Hut - WTC Kharadi, Pune","WTC F & B No 4, Tower 2, City Hub, Dholepatil Farms Road,Kharadi, Pune, Maharashtra, India",411014,Pune,Maharashtra,089760 73803,https://restaurants.pizzahut.co.in/pizza-hut-kharadi-pizza-delivery-kharadi-pune-23032/Home
531,"Pizza Hut - WestEnd Mall, Pune","FC 02, 03 & 3A, 2nd Flr, Westend Mall, Aundh, Pune, Maharashtra, India",411007,Pune,Maharashtra,089760 73796,https://restaurants.pizzahut.co.in/pizza-hut-aundh-pizza-restaurant-aundh-pune-6147/Home
532,"Pizza Hut - Yashwant Nagar, Pune","Plot No 187, Yashwant Nagar Approach Rd, Yashwant Ngr, Samson Ngr, Talegaon Dabhade, Pune, Maharashtra, India",410507,Pune,Maharashtra,1800 202 2022,https://restaurants.pizzahut.co.in/pizza-hut-yashwant-nagar-pune-in-maharashtra-pune-talegaon-dabhade-52300/Home
533,"Pizza Hut - Patrakar Nagar, Sangli","Shop No G4 to 8, Shiv City Centre, Sangli Miraj Road, Walneswadi, Near Collector Bhavan, Sangli, Maharashtra, India",416416,Sangli,Maharashtra,089760 77299,https://restaurants.pizzahut.co.in/pizza-hut-pizza-hut-fcd-pizza-restaurant-walneswadi-sangli-125363/Home
534,"Pizza Hut - Nagar Manmad Highway, Shirdi","Hotel Kala Sai, Nagar Manmad Highway, Near Shirdi Police Station, Shirdi, Maharashtra, India",423109,Shirdi,Maharashtra,086554 07289,https://restaurants.pizzahut.co.in/pizza-hut-ph-shirdi-pizzerias-nagar-manmad-highway-shirdi-298327/Home
535,"Pizza Hut - Saat Rasta, Solapur","No 164, Ashwath Infotech Building, Jawaharlal Housing Society, Keshav Nagar, Near 7 Raasta, Solapur, Maharashtra, India",413002,Solapur,Maharashtra,084472 18278,https://restaurants.pizzahut.co.in/pizza-hut-ph-keshav-nagra-solapur-pizza-restaurant-keshav-nagar-solapur-125851/Home
536,"Pizza Hut - Bhayandar West, Mumbai","Shop No 2 to 5, Roop Razat Plaza CHS, Bhayandar West, Thane, Maharashtra, India",401101,Thane,Maharashtra,1800 202 2022,https://restaurants.pizzahut.co.in/pizza-hut-ph-bhayandar-pizza-restaurant-bhayandar-west-thane-132829/Home
537,"Pizza Hut - Boisar, Navi Mumbai","Shop No 9 to 11, Gr Flr, Prestige Apt, Yashwant Srushti, Palghar Road, Boisar, Thane, Maharashtra, India",401501,Thane,Maharashtra,086556 15989,https://restaurants.pizzahut.co.in/pizza-hut-boisar-pizzerias-boisar-thane-233189/Home
538,"Pizza Hut - Cinewonder, Thane, Mumbai","Shop No 7 & 14, Cinewonder Mall, Kapurbavdi, Ghodbunder Road, Thane West, Thane, Maharashtra, India",400607,Thane,Maharashtra,1800 202 2022,https://restaurants.pizzahut.co.in/pizza-hut-thane-west-pizza-restaurant-thane-west-thane-1148/Home
539,"Pizza Hut - Delta Garden Mira Road, Mumbai","SN 9 & 10, Delta Green, C Wing, Mira gao, Siddhi Vinayak Nagar, Mira Bhayandar, Opposite MBMC Water Tank, Thane, Maharashtra, India",401107,Thane,Maharashtra,095820 79623,https://restaurants.pizzahut.co.in/pizza-hut-ph-delta-garden-mira-road-pizza-restaurant-mira-bhayandar-thane-108232/Home
540,"Pizza Hut - Dombivli East, Thane","SN 16, 3rd Flr, Food Court, Xperia Mall, Kalyan Shil Road,Palava,Dombivli East, Near Mc D, Thane, Maharashtra, India",421204,Thane,Maharashtra,086556 16156,https://restaurants.pizzahut.co.in/pizza-hut-dombivli-east-pizza-restaurant-dombivli-east-thane-6823/Home
541,"Pizza Hut - Florence Kasarvadavli, Thane","No 2 to 5, Florence Satguru Life Spaces, Kasarvadavali, Ghodbunder Road, Thane, Maharashtra, India",400615,Thane,Maharashtra,086556 15988,https://restaurants.pizzahut.co.in/pizza-hut-pizza-hut-florence-kasarvadavli-pizzerias-ghodbunder-road-thane-233188/Home
542,"Pizza Hut - Ghansoli Navi, Mumbai","Shop No 17 & 18, Sunberry, Plot No 26, Sector 8, Thane, Maharashtra, India",400701,Thane,Maharashtra,089296 48046,https://restaurants.pizzahut.co.in/pizza-hut-ph-ghansoli-navi-mumbai-pizza-restaurant-sector-8-thane-125366/Home
543,"Pizza Hut - Gharivali, Thane","71 to 73, GF, R Galleria, Runwal Garden, Kalyan Shil Rd, Gharivali, Dombivali East, Thane, Maharashtra, India",400612,Thane,Maharashtra,086558 41196,https://restaurants.pizzahut.co.in/pizza-hut-ph-runwal-garden-dombivali-pizza-restaurant-dombivali-east-thane-305577/Home
544,"Pizza Hut - Indira Nagar Kalyan West, Mumbai","Shop No 8/43, Birla College Campus Road, Gauripada, Kalyan, Opposite Birla College, Thane, Maharashtra, India",421301,Thane,Maharashtra,089292 51686,https://restaurants.pizzahut.co.in/pizza-hut-ph-guripada-kalyan-west-pizza-restaurant-kalyan-thane-317137/Home
545,"Pizza Hut - Korum Mall, Thane, Mumbai","2nd Floor, Korum Mall, Samata Nagar, Near Eastern Express HW, Thane, Maharashtra, India",400601,Thane,Maharashtra,089768 84857,https://restaurants.pizzahut.co.in/pizza-hut-samata-nagar-pizza-restaurant-samata-nagar-thane-6822/Home
546,"Pizza Hut - Metro Junction Mall Kalyan, Thane","Unit No S7, 2nd Flr, Metro Junction Mall, Kalyan Shilphata Rd, Netivali, Kalyan, Thane, Maharashtra, India",421306,Thane,Maharashtra,089768 84889,https://restaurants.pizzahut.co.in/pizza-hut-metro-junction-mall-pizzerias-kalyan-kalyan-92327/Home
547,"Pizza Hut - Mira Road, Mumbai","No 14, 16 E Wing, Latif Park, Mira Bhayander Rd, Thane, Maharashtra, India",401107,Thane,Maharashtra,070650 10699,https://restaurants.pizzahut.co.in/pizza-hut-mira-bhayander-rd-pizza-delivery-mira-bhayander-rd-thane-1363/Home
548,"Pizza Hut - The Walk, Thane West, Mumbai","Shop No 101/102, The Walk, Hiranandani Estate Road, Patlipada, Thane, Maharashtra, India",400607,Thane,Maharashtra,1800 202 2022,https://restaurants.pizzahut.co.in/pizza-hut-patlipada-pizza-restaurant-patlipada-thane-22507/Home
549,"Pizza Hut - Vasai West, Thane","Shop No 5, Ground Floor, Padmaraj CHS, 100 Feet Road, Vasai West, Opposite St Francis High School, Thane, Maharashtra, India",401202,Thane,Maharashtra,1800 202 2022,https://restaurants.pizzahut.co.in/pizza-hut-vasai-west-thane-in-maharashtra-thane-opposite-st-francis-high-school-26689/Home
550,"Pizza Hut - Vasai West Malonde, Mumbai","Shop No 14 & 15, Emerald Building, Malonde, GG College Road, Vasai West, Vasai, Maharashtra, India",401201,Vasai,Maharashtra,097114 21150,https://restaurants.pizzahut.co.in/pizza-hut-ph-koliwada-vasai-west-pizzerias-vasai-west-vasai-189114/Home
551,"Pizza Hut - Capital Mall Nalasopara, Mumbai","No TF17, 3rd Floor, The Capital Mall, VVMC, Nalasopara East, Virar, Maharashtra, India",401203,Virar,Maharashtra,1800 202 2022,https://restaurants.pizzahut.co.in/pizza-hut-mumbai-pizza-restaurant-nalasopara-east-virar-174830/Home
552,"Pizza Hut - Nallasopara West, Virar","GF, Oakwood, No 3, West, Sriprastha, Nalasopara West, Virar, Maharashtra, India",401203,Virar,Maharashtra,086556 89206,https://restaurants.pizzahut.co.in/pizza-hut-oakwood-nallasopara-west-pizzerias-nallasopara-west-virar-262492/Home
553,"Pizza Hut - Virar East, Mumbai","Vidya Sadan Society, Nana Nani Park, Manvelpada Road, Virar, Virar, Maharashtra, India",401305,Virar,Maharashtra,085888 17932,https://restaurants.pizzahut.co.in/pizza-hut-ph-virar-east-virar-pizzerias-virar-virar-247708/Home
554,"Pizza Hut - Virar West, Mumbai","Ground Floor, DK Plaza, Vasai,Palghar, Virar West, Opposite Mcdonald, Virar, Maharashtra, India",401303,Virar,Maharashtra,089768 84851,https://restaurants.pizzahut.co.in/pizza-hut-virar-west-pizza-restaurant-virar-west-virar-64000/Home
555,"Pizza Hut - Urich Mall, Wardha","Shop No 1, Gr Flr, Urich Mall, Aarti Talkis Square, Nagpur Road, Opposite Indira Gandhi Putla, Wardha, Maharashtra, India",442001,Wardha,Maharashtra,1800 202 2022,https://restaurants.pizzahut.co.in/pizza-hut-ph-urich-mall-wardha-pizza-restaurant-nagpur-road-wardha-305358/Home
556,"Pizza Hut - Singjamai, Imphal","Ground Floor, Moiranglhom, Near Shyamasakhi High School, Imphal, Manipur, India",795001,Imphal,Manipur,089290 35781,https://restaurants.pizzahut.co.in/pizza-hut-ph-singjimai-imphal-pizza-restaurant-moiranglhom-imphal-180176/Home
557,"Pizza Hut - Airport Road, Imphal","Ground Floor, Urban Square, Tiddim Road, Opposite International Airport, Imphal East, Manipur, India",795140,Imphal East,Manipur,085539 82738,https://restaurants.pizzahut.co.in/pizza-hut-ph-airport-road-imphal-pizza-restaurant-tiddim-road-imphal-east-130398/Home
558,"Pizza Hut - JM Towers, Shillong","1st Floor, JM Tower, Police Bazaar, Shillong, Meghalaya, India",793001,Shillong,Meghalaya,070650 11187,https://restaurants.pizzahut.co.in/pizza-hut-police-bazaar-pizza-restaurant-police-bazaar-shillong-1336/Home
559,"Pizza Hut - Nongmensong, Shillong","Ground Floor, Umkdait, East Khasi Hill, Malki, Nongmynsong, Shillong, Meghalaya, India",793001,Shillong,Meghalaya,089290 34002,https://restaurants.pizzahut.co.in/pizza-hut-ph-nongmensong-shillong-pizza-restaurant-nongmynsong-shillong-304312/Home
560,"Pizza Hut - Bawngkawn, Aizawl","1st Floor, Durtlana Road, Zemabawk Road, Bawngkawn, Near Traffic Point, Aizawl, Mizoram, India",796001,Aizawl,Mizoram,089290 34685,https://restaurants.pizzahut.co.in/pizza-hut-bawngkawn-aizawl-in-mizoram-aizawl-near-traffic-point-15378/Home
561,"Pizza Hut - Chanmari Aizwal, Mizoram","E 27, 1st Floor, Chanmari, Near Mizoram Rural Bank, Aizawl, Mizoram, India",796009,Aizawl,Mizoram,089290 36164,https://restaurants.pizzahut.co.in/pizza-hut-ph-chanmari-aizawl-pizzerias-chanmari-aizawl-197661/Home
562,"Pizza Hut - Khatla Bazaar, Aizwal","Shop No E28, Khatla Bazaar, Khatla Kawn, Khatla, Aizawl, Mizoram, India",796001,Aizawl,Mizoram,076300 84743,https://restaurants.pizzahut.co.in/pizza-hut-ph-khatla-aizawl-pizza-restaurant-khatla-aizawl-135532/Home
563,"Pizza Hut - Circular Road, Dimapur","Nagi House, Middle Point,Tajen Ao Road, Forest Colony, Dimapur, Nagaland, India",797112,Dimapur,Nagaland,089296 06755,https://restaurants.pizzahut.co.in/pizza-hut-ph-cilcular-road-dimapur-pizza-restaurant-tajen-ao-road-dimapur-174146/Home
564,"Pizza Hut - Purana Bazar, Dimapur","NH 229, Purana Bazar, Dimapur, Nagaland, India",797112,Dimapur,Nagaland,089290 31561,https://restaurants.pizzahut.co.in/pizza-hut-purana-bazar-dimapur-pizza-restaurant-purana-bazar-dimapur-315626/Home
565,"Pizza Hut - Dimapur-Kohima Highway, Mengujuma",,797106,Piphema New,Nagaland,,https://restaurants.pizzahut.co.in/pizza-hut-dimapur-kohima-highway-mengujuma-in-nagaland-mengujuma-dimapur-kohima-highway-70529/Home
566,"Pizza Hut - Baramunda, Bhubaneswar","Plot No 10P & 12P, Baramunda, Bhubaneswar, Odisha, India",751003,Bhubaneswar,Odisha,098731 44652,https://restaurants.pizzahut.co.in/pizza-hut-ph-baramunda-bhubaneswar-pizza-restaurant-baramunda-bhubaneswar-130523/Home
567,"Pizza Hut - DN Regalia, Bhubaneshwar","Food Court, DN Regalia Mall, Kalinga Vihar, Patrapada, Bhubaneswar, Odisha, India",751019,Bhubaneswar,Odisha,098731 44070,https://restaurants.pizzahut.co.in/pizza-hut-ph-dn-regalia-mall-bhubaneswar-pizza-restaurant-patrapada-bhubaneswar-129771/Home
568,"Pizza Hut - Forum Esplanade, Bhubneswar","FS 206, 2nd Floor, Esplanade Mall, Rasulgarh, Bhubaneswar, Odisha, India",751010,Bhubaneswar,Odisha,083769 05261,https://restaurants.pizzahut.co.in/pizza-hut-rasulgarh-pizza-restaurant-rasulgarh-bhubaneswar-44225/Home
569,"Pizza Hut - Jayadev Vihar, Bhubaneswar","P1 & P1/A, XIMB Square, Nandankanan Rd, Gajapati Nagar, Bhubaneswar, Odisha, India",751013,Bhubaneswar,Odisha,083769 05196,https://restaurants.pizzahut.co.in/pizza-hut-ph-ximb-square-jaydev-vihar-pizza-restaurant-gajapati-nagar-bhubaneswar-125365/Home
570,"Pizza Hut - Patia, Bhubaneshwar","PN 62 & 63, Chandaka Industrial Estate, KIIT Road, Patia, Bhubaneswar, Odisha, India",751024,Bhubaneswar,Odisha,089290 37702,https://restaurants.pizzahut.co.in/pizza-hut-ph-patia-bhubaneswar-pizza-restaurant-patia-bhubaneswar-129609/Home
571,"Pizza Hut - Puri Cuttack Road, Bhubaneswar","Shop No 103/104, Jharpada, Cuttack puri road, Bhubaneswar, Odisha, India",751006,Bhubaneswar,Odisha,089290 34363,https://restaurants.pizzahut.co.in/pizza-hut-ph-cuttack-puri-road-bhubaneswar-pizza-restaurant-cuttack-puri-road-bhubaneswar-305347/Home
572,"Pizza Hut - Utkal Kanika Galleria, Bhubneshwar","No FC 307 & 308, Utkal Kanika Galleria, Kalpana Square, Opposite Odisha State Museum, Bhubaneswar, Odisha, India",751007,Bhubaneswar,Odisha,085279 88848,https://restaurants.pizzahut.co.in/pizza-hut-kalpana-square-pizza-restaurant-kalpana-square-bhubaneswar-81393/Home
573,Pizza Hut - Janata City Center Mall,"Shop No GR5, Janata City Center Mall, Telephone Bhawan Road, Gandhi Nagar, Brahmapur, Odisha, India",760001,Brahmapur,Odisha,1800 202 2022,https://restaurants.pizzahut.co.in/pizza-hut-janata-city-center-mall-in-odisha-brahmapur-gandhi-nagar-29150/Home
574,"Pizza Hut - Baxi Bazar, Cuttack","Plot No 350/934, 935 to 937, Unit 10, Cuttack Town, Cantonment, Cuttack, Odisha, India",753001,Cuttack,Odisha,085109 00127,https://restaurants.pizzahut.co.in/pizza-hut-ph-baxi-bazar-cuttack-pizzerias-cantonment-cuttack-200462/Home
575,"Pizza Hut - Utkal Centre Point, Jajpur","Shop 3, Utkal Centre Point, Jajpur Road, Byasanagar, Near Chorda Bypass Crossing, Jajpur, Odisha, India",755019,Jajpur,Odisha,076050 28779,https://restaurants.pizzahut.co.in/pizza-hut-ph-utkal-centre-point-jajpur-pizza-restaurant-byasanagar-jajpur-108229/Home
576,"Pizza Hut - Marwari Para, Jharsuguda",,768201,Jharsuguda,Odisha,,https://restaurants.pizzahut.co.in/pizza-hut-marwari-para-jharsuguda-in-odisha-jharsuguda-marwari-para-65714/Home
577,"Pizza Hut - Khurda, Khordha",,752050,Khordha,Odisha,,https://restaurants.pizzahut.co.in/pizza-hut-khurda-khordha-in-odisha-khordha-khurda-18912/Home
578,"Pizza Hut - Budharaja Road, Sambalpur","Ainthapali Chowk, Kainsir, Sambalpur, Odisha, India",768004,Sambalpur,Odisha,070422 54897,https://restaurants.pizzahut.co.in/pizza-hut-ph-ainthapali-sambalpur-pizza-restaurant-kainsir-sambalpur-166838/Home
579,"Pizza Hut - Providence Mall, Pondicherry","No 07, SN 42, 3rd Floor, Providence Mall, Venkata Subha Reddiar Salai, Puducherry, Puducherry, India",605001,Puducherry,Puducherry,1800 202 2022,https://restaurants.pizzahut.co.in/pizza-hut-venkata-subha-reddiar-salai-pizza-restaurant-venkata-subha-reddiar-salai-puducherry-82698/Home
580,"Pizza Hut - Mall Of Amritsar, Amritsar","S 033, 2nd Floor, Mall of Amritsar, MBM Farm, GT Road, Sultan Wind Suburban, Amritsar, Punjab, India",143001,Amritsar,Punjab,070650 11766,https://restaurants.pizzahut.co.in/pizza-hut-gt-road-pizza-restaurant-gt-road-amritsar-34355/Home
581,"Pizza Hut - Urban Haat, Amirtsar","Food Court, GT Road, Urban Haat, Maharaja Ranjit Singh Nagar, Ram Bagh, Amritsar, Punjab, India",143001,Amritsar,Punjab,070650 11916,https://restaurants.pizzahut.co.in/pizza-hut-ram-bagh-pizza-restaurant-ram-bagh-amritsar-98972/Home
582,"Pizza Hut - Bharat Nagar, Bhatinda","MCB No Z 210676, The Food Street, Bibi Wala Road, Near Dhillon Gym, Bathinda, Punjab, India",151001,Bathinda,Punjab,084483 81688,https://restaurants.pizzahut.co.in/pizza-hut-bibi-wala-road-pizza-restaurant-bibi-wala-road-bathinda-36114/Home
583,"Pizza Hut - Rose Garden Complex, Bhatinda","Shop No 07, Rose Garden Complex, GT Road, Bathinda, Punjab, India",151001,Bathinda,Punjab,072900 67842,https://restaurants.pizzahut.co.in/pizza-hut-gt-road-pizza-restaurant-gt-road-bathinda-98964/Home
584,Pizza Hut - Sector 19 Chandigarh,"SCO36, Ground Floor, Sector-19 D, Chandigarh, Punjab, India",160019,Chandigarh,Punjab,,https://restaurants.pizzahut.co.in/pizza-hut-in-punjab-chandigarh-sector-19-d-84816/Home
585,"Pizza Hut - Downtown NH44, Pathankot","Shop No 2, Downtown 44, NH 44, Dadwal, Gurdaspur, Punjab, India",145025,Gurdaspur,Punjab,070650 12899,https://restaurants.pizzahut.co.in/pizza-hut-ph-downtown44-pathankot-pizza-restaurant-dadwal-gurdaspur-166840/Home
586,"Pizza Hut - Mall Road, Hoshiarpur","Plot No 1314 & 1315, UGF, The Mall Road, Ish Nagar, Fatehgarh, Hoshiarpur, Punjab, India",146001,Hoshiarpur,Punjab,097118 69408,https://restaurants.pizzahut.co.in/pizza-hut-ph-mall-road-hoshiarpur-pizzerias-fatehgarh-hoshiarpur-185500/Home
587,"Pizza Hut - Doaba Chowk, Jalandhar","No B9/21, Doaba Chowk, Vikas Puri, Santokh Pura, Jalandhar, Punjab, India",144102,Jalandhar,Punjab,085888 14334,https://restaurants.pizzahut.co.in/pizza-hut-ph-doaba-chowk-jalandhar-pizza-restaurant-santokh-pura-jalandhar-299197/Home
588,"Pizza Hut - Leo Fort, Jalandhar","UGF, Leo Fort Hotel, BMC Chowk, Jalandhar Cantt, Jandiala Road, Civil Line, Jalandhar, Punjab, India",144006,Jalandhar,Punjab,070650 11990,https://restaurants.pizzahut.co.in/pizza-hut-civil-line-pizza-restaurant-civil-line-jalandhar-104904/Home
589,"Pizza Hut - Model Town, Jalandhar","Unit No 188, Upper Ground Floor, Model Town, Jalandhar, Punjab, India",144003,Jalandhar,Punjab,070650 07099,https://restaurants.pizzahut.co.in/pizza-hut-model-town-pizza-restaurant-model-town-jalandhar-23938/Home
590,"Pizza Hut - PPR Mall, Jalandhar","Shop No 6, PPR Mall, Mithapur Road, Urban State, Phase 2, Cheema Nagar, Jalandhar, Punjab, India",144001,Jalandhar,Punjab,099143 77317,https://restaurants.pizzahut.co.in/pizza-hut-ph-ppr-mall-jalandhar-pizzerias-cheema-nagar-jalandhar-274311/Home
591,"Pizza Hut - Rama Mandi, Jalandhar","Shop No 1, GF, Khehra Complex, Hoshiarpur Road, Rama Mandi, Adjoining Khera Filling Station, Jalandhar, Punjab, India",144007,Jalandhar,Punjab,089290 31723,https://restaurants.pizzahut.co.in/pizza-hut-ph-rama-mandi-jallandhar-pizza-restaurant-rama-mandi-jalandhar-305357/Home
592,"Pizza Hut - Ramnik Chowk, Kapurthala","Ground Floor, Grover Tower, Sultanpur Rd, Ramneek Chowk, Circular Road, Ashok Vihar, Kapurthala, Punjab, India",144602,Kapurthala,Punjab,089290 38966,https://restaurants.pizzahut.co.in/pizza-hut-ph-ramneek-chowk-kapurthala-pizza-restaurant-ashok-vihar-kapurthala-123739/Home
593,"Pizza Hut - Dugri, Ludhiana","SCF 16, Urban State, Phase 1, Dugri, Ludhiana, Punjab, India",141002,Ludhiana,Punjab,089290 35841,https://restaurants.pizzahut.co.in/pizza-hut-ph-dugri-ludhiana-pizza-restaurant-dugri-ludhiana-175278/Home
594,"Pizza Hut - Grand Walk, Ludhiana","Ground Floor, Grand walk Mall, SN 9, Ferozpur Road, B Blk, Lalbagh, Aggar Nagar, Ludhiana, Punjab, India",141012,Ludhiana,Punjab,0161 464 5552,https://restaurants.pizzahut.co.in/pizza-hut-lalbagh-pizza-restaurant-lalbagh-ludhiana-25919/Home
595,"Pizza Hut - Pavilion Mall, Ludhiana","No FC 1B, 3rd Floor, Pavilion Mall, Old Session Court Road, Near Fountain Chowk, Ludhiana, Punjab, India",141001,Ludhiana,Punjab,070650 12100,https://restaurants.pizzahut.co.in/pizza-hut-old-session-court-road-pizza-restaurant-old-session-court-road-ludhiana-107074/Home
596,"Pizza Hut - Sunview Enclave, Ludhiana","Sco No 4 & 5, Sunview Enclave, Ayali Kalan, Ludhiana, Punjab, India",142027,Ludhiana,Punjab,070650 13330,https://restaurants.pizzahut.co.in/pizza-hut-ph-sunview-enclave-ludhiana-pizza-restaurant-ayali-kalan-ludhiana-108230/Home
597,"Pizza Hut - Westend Mall, Ludhiana","4th Floor, West End Mall, Ferozpur Road, Ludhiana, Punjab, India",141001,Ludhiana,Punjab,089290 26734,https://restaurants.pizzahut.co.in/pizza-hut-ferozpur-road-pizza-restaurant-ferozpur-road-ludhiana-44210/Home
598,"Pizza Hut - Dashmesh Nagar, Moga","A1, Gr & 1st Flr, Main Bazar, 23 & 4B/9, Kot Kapura - Moga Road, Krishna Nagar, Moga, Punjab, India",142001,Moga,Punjab,089290 37716,https://restaurants.pizzahut.co.in/pizza-hut-ph-main-bazar-moga-pizza-restaurant-krishna-nagar-moga-122976/Home
599,"Pizza Hut - Baltana, Zirakpur","SCO 7, Kalgidhar Enclave, Shimla Highway, Baltana, Mohali, Punjab, India",140604,Mohali,Punjab,099992 95063,https://restaurants.pizzahut.co.in/pizza-hut-baltana-zirakpur-pizza-restaurant-baltana-mohali-122983/Home
600,"Pizza Hut - Bestech, Mohali","Shop No 4, 4th Floor, Ripu Daman Singh Park, Mohali, Punjab, India",160055,Mohali,Punjab,085888 04673,https://restaurants.pizzahut.co.in/pizza-hut-ripu-daman-singh-park-pizza-restaurant-ripu-daman-singh-park-mohali-44213/Home
601,"Pizza Hut - CP67 Mall Sector 67, Mohali","T02, 3rd Floor, CP67 Mall, Airport Road, Sector 67, Mohali, Punjab, India",160062,Mohali,Punjab,098990 55028,https://restaurants.pizzahut.co.in/pizza-hut-ph-cp67-mall-mohali-pizzerias-sector-67-mohali-294183/Home
602,"Pizza Hut - Kharar, Sahibzada Ajit Singh Nagar","No 67 & 68, UG & 1st Flr, Amayra Emporio, Kharar Kurali Road, Kharar, Mohali, Punjab, India",140301,Mohali,Punjab,076690 98258,https://restaurants.pizzahut.co.in/pizza-hut-kharar-sahibzada-ajit-singh-nagar-in-punjab-sahibzada-ajit-singh-nagar-kharar-30642/Home
603,"Pizza Hut - Landra Road, Mohali","SCO 2 & 3, UGF, The Gold Square, Kharar, Sector 116, Mohali, Punjab, India",140301,Mohali,Punjab,089296 45695,https://restaurants.pizzahut.co.in/pizza-hut-ph-landra-road-kharar-pizza-restaurant-kharar-sector-116-sahibzada-ajit-singh-nagar-123003/Home
604,"Pizza Hut - Sector 125, Kharar","SCO 62, Ground Floor, City Heart, Greater Mohali,Kharar,Sector 125, Mohali, Punjab, India",140301,Mohali,Punjab,070650 12228,https://restaurants.pizzahut.co.in/pizza-hut-kharar-sector-125-pizza-restaurant-kharar-sector-125-sahibzada-ajit-singh-nagar-105725/Home
605,"Pizza Hut - Sector 59, Mohali","No 15, SCO 10, Phase 5, Ripu Daman Singh Park Road,Sector 59, Sahibzada Ajit Singh Nagar, Mohali, Punjab, India",160059,Mohali,Punjab,089290 32491,https://restaurants.pizzahut.co.in/pizza-hut-sector-59-pizza-restaurant-sector-59-mohali-1265/Home
606,"Pizza Hut - Sector 64, Mohali","SCF 53, Phase 10 Market,Sector 64, Sahibzada Ajit Singh Nagar, Mohali, Punjab, India",160062,Mohali,Punjab,089290 32784,https://restaurants.pizzahut.co.in/pizza-hut-sector-64-pizza-restaurant-sector-64-mohali-1387/Home
607,"Pizza Hut - TDI Park Street, Punjab","Unit No 13, Upper Ground Floor, TDI Park Street, Airport Road, Sector 118, Mohali, Punjab, India",140301,Mohali,Punjab,089290 33980,https://restaurants.pizzahut.co.in/pizza-hut-tdi-park-street-punjab-in-punjab-sahibzada-ajit-singh-nagar-sector-118-64513/Home
608,"Pizza Hut - VRC City Centre, Patiala","Shop No 01, GF, VRC City Mall, Rajpura Road, Heera Bagh Chaura, Near ITBP Complex, Patiala, Punjab, India",147001,Patiala,Punjab,097807 17505,https://restaurants.pizzahut.co.in/pizza-hut-ph-vrc-city-mall-patiala-pizzerias-heera-bagh-chaura-patiala-250618/Home
609,"Pizza Hut - Cosmos Mall, Zirakpur","SN TF 01, 3rd Floor, Cosmo Plaza Mall, Ambala Chandigarh Highway,NH 22,Zirakpur, Zirakpur, Punjab, India",140603,Zirakpur,Punjab,070650 11922,https://restaurants.pizzahut.co.in/pizza-hut-zirakpur-pizza-restaurant-zirakpur-zirakpur-98961/Home
610,"Pizza Hut - Peermuchalla Kishanpura, Mohali","Shop No 12/12A, Gr Flr, Sushma Capital, Ghazipur Junction, Kishanpura, SAS Nagar, Near Dhakoli, Zirakpur, Punjab, India",140603,Zirakpur,Punjab,070650 12126,https://restaurants.pizzahut.co.in/pizza-hut-sas-nagar-pizza-restaurant-sas-nagar-zirakpur-104915/Home
611,"Pizza Hut - Mittal Mega Mall, Ajmer","Unit No FC07, 4th Floor, Food Court, Hathi Bhata, Prithviraj Marg, Ajmer, Rajasthan, India",305001,Ajmer,Rajasthan,089291 06979,https://restaurants.pizzahut.co.in/pizza-hut-mittal-mega-mall-ajmer-pizza-restaurant-prithviraj-marg-ajmer-306968/Home
612,"Pizza Hut - Genesis Mall, Alwar","Shop No 58 & 54, Genesis Mall, Mega Highway, Bhiwadi, Alwar, Rajasthan, India",301019,Alwar,Rajasthan,089290 38211,https://restaurants.pizzahut.co.in/pizza-hut-ph-genesis-mall-bhiwadi-pizzerias-bhiwadi-alwar-123072/Home
613,"Pizza Hut - Modern Trade Tower, Alwar",,301001,Alwar,Rajasthan,,https://restaurants.pizzahut.co.in/pizza-hut-in-rajasthan-alwar-lajpat-nagar-64509/Home
614,"Pizza Hut - Alauda, Dausa","KM Stone 195, Delhi Mumbai Expressway, Alauda, Dausa, Rajasthan, India",303506,Dausa,Rajasthan,1800 202 2022,https://restaurants.pizzahut.co.in/pizza-hut-alauda-dausa-in-rajasthan-dausa-alauda-59883/Home
615,"Pizza Hut - Crystal Mall, Gopalbari",,302016,Jaipur,Rajasthan,,https://restaurants.pizzahut.co.in/pizza-hut-in-rajasthan-jaipur-gopalbari-10522/Home
616,"Pizza Hut - Crystal Palm Mall, Jaipur","No 22, Crystal Palm Mall, Plot No 2,Godown Circle, Near Sahkar Bhawan, Jaipur, Rajasthan, India",302001,Jaipur,Rajasthan,0141 403 0463,https://restaurants.pizzahut.co.in/pizza-hut-godown-circle-pizza-restaurant-godown-circle-jaipur-1251/Home
617,"Pizza Hut - GT Central Mall, Jaipur","Showroom No 5, GF, GT Central Mall, Malviya Nagar, Jaipur, Rajasthan, India",302017,Jaipur,Rajasthan,070650 02424,https://restaurants.pizzahut.co.in/pizza-hut-malviya-nagar-pizza-restaurant-malviya-nagar-jaipur-44211/Home
618,"Pizza Hut - Gopalpura Bypass, Jaipur","No S5, Gopal Pura Bypass, Shri Gopal Nagar, Jaipur, Rajasthan, India",302018,Jaipur,Rajasthan,098990 49277,https://restaurants.pizzahut.co.in/pizza-hut-ph-gopalpura-bypass-jaipur-pizzerias-shri-gopal-nagar-jaipur-294181/Home
619,"Pizza Hut - Jagatpura, Jaipur","Shop No 1, 2, 24 & 25, A/GF/7 & 10, Main Mahal Rd, Jagatpura, Capital Highstreet, Jaipur, Rajasthan, India",302017,Jaipur,Rajasthan,098990 57246,https://restaurants.pizzahut.co.in/pizza-hut-jagatpura-jaipur-pizzerias-jagatpura-jaipur-290810/Home
620,"Pizza Hut - Raja Park, Jaipur","B 26, Govind Marg,Raja Park, Near Moti Dungri Thana, Jaipur, Rajasthan, India",302004,Jaipur,Rajasthan,089290 33537,https://restaurants.pizzahut.co.in/pizza-hut-raja-park-pizza-restaurant-raja-park-jaipur-1401/Home
621,"Pizza Hut - Vaishali Nagar, Jaipur",,302021,Jaipur,Rajasthan,,https://restaurants.pizzahut.co.in/pizza-hut-vaishali-nagar-jaipur-in-rajasthan-jaipur-b-block-vaishali-nagar-54740/Home
622,"Pizza Hut - Vaishali, Jaipur","Shop No 20, F1, Evershine Tower, Amrapali Circle, Vaishali Nagar, Jaipur, Rajasthan, India",302021,Jaipur,Rajasthan,089290 02624,https://restaurants.pizzahut.co.in/pizza-hut-vaishali-nagar-pizza-restaurant-vaishali-nagar-jaipur-1402/Home
623,"Pizza Hut - Vidyadhar Nagar, Jaipur","Shop No 39 & 40, City Star Complex, Central Spine, Vidyadhar Nagar, Sector 2, Jaipur, Rajasthan, India",302039,Jaipur,Rajasthan,089290 39793,https://restaurants.pizzahut.co.in/pizza-hut-ph-vidhyadhar-nagar-jaipur-pizza-restaurant-vidyadhar-nagar-sector-2-jaipur-130400/Home
624,"Pizza Hut - WTP, Jaipur","World Trade Park, Mahesh Park, D Block, Malviya Nagar, Jaipur, Rajasthan, India",302017,Jaipur,Rajasthan,089290 24286,https://restaurants.pizzahut.co.in/pizza-hut-malviya-nagar-pizza-delivery-malviya-nagar-jaipur-1252/Home
625,"Pizza Hut - Ashok Udhyan Market, Jodhpur","Shop No 22/S/32, Ashok Udhyan Market, Pal Road, Chopasni Housing Board, Jodhpur, Rajasthan, India",342008,Jodhpur,Rajasthan,078350 47316,https://restaurants.pizzahut.co.in/pizza-hut-ashok-udhyan-market-jodhpur-in-rajasthan-jodhpur-chopasni-housing-board-13524/Home
626,"Pizza Hut - Paota, Jodhpur","Plot No B1, B2, B3 & B4, Ghanshyam Bhawan,Mandor Road,Paota, Jodhpur, Rajasthan, India",342007,Jodhpur,Rajasthan,070650 11622,https://restaurants.pizzahut.co.in/pizza-hut-paota-pizza-restaurant-paota-jodhpur-31899/Home
627,"Pizza Hut - Sardarpura, Jodhpur","No 673, C/2, 11C Road,Sardarpura, Jodhpur, Rajasthan, India",342003,Jodhpur,Rajasthan,070650 11186,https://restaurants.pizzahut.co.in/pizza-hut-sardarpura-pizza-restaurant-sardarpura-jodhpur-1351/Home
628,"Pizza Hut - Cine Mall, Kota","Uppr Ground Flooer, A 15, Jhalawar Road, Cinemall, Indraprastha Industrial Area, Kota, Rajasthan, India",324005,Kota,Rajasthan,063639 24037,https://restaurants.pizzahut.co.in/pizza-hut-inderprastha-ind-area-pizza-restaurant-inderprastha-ind-area-kota-2376/Home
629,"Pizza Hut - Dhanmandi, Kota",,324007,Kota,Rajasthan,,https://restaurants.pizzahut.co.in/pizza-hut-dhanmandi-kota-in-rajasthan-kota-dhanmandi-72090/Home
630,"Pizza Hut - Landmark City, Kota","Plot No A62, Landmark Scheme, Kunhari, Ladpura, Kota, Rajasthan, India",324008,Kota,Rajasthan,098732 05645,https://restaurants.pizzahut.co.in/pizza-hut-ph-landmark-city-kota-pizzerias-ladpura-kota-258100/Home
631,"Pizza Hut - Cine Mall, Sikar","No 10, Ground Floor, Cine Mall, Rani Sati Road, Devipura, Sikar, Rajasthan, India",332001,Sikar,Rajasthan,089290 37718,https://restaurants.pizzahut.co.in/pizza-hut-ph-cine-mall-sikar-pizza-restaurant-devipura-sikar-123004/Home
632,"Pizza Hut - Ravindra Path, Shri Ganganagar","Public Park, Plot 25, Ravindra Path, A Block, Sri Ganganagar, Rajasthan, India",335001,Sri Ganganagar,Rajasthan,0154 244 4159,https://restaurants.pizzahut.co.in/pizza-hut-ravinder-path-pizza-restaurant-ravinder-path-sriganganagar-55202/Home
633,"Pizza Hut - Celebration Mall, Udaipur","No 8, Food Court, Forum Celebration Mall, NH 8, Bhuwana, Opposite Devendra Dham, Udaipur, Rajasthan, India",313004,Udaipur,Rajasthan,098991 89617,https://restaurants.pizzahut.co.in/pizza-hut-ph-celebration-mall-udaipur-pizza-restaurant-bhuwana-udaipur-129759/Home
634,"Pizza Hut - Hiran Magri, Udaipur",,313001,Udaipur,Rajasthan,,https://restaurants.pizzahut.co.in/pizza-hut-hiran-magri-udaipur-in-rajasthan-udaipur-hiran-magri-28525/Home
635,"Pizza Hut - Lake City Mall, Udaipur","No 15, 1st Floor, Lake City Mall, Shastri Marg,Ashok Nagar, Near Ayad Bridge, Udaipur, Rajasthan, India",313001,Udaipur,Rajasthan,089290 03597,https://restaurants.pizzahut.co.in/pizza-hut-ashok-nagar-pizza-restaurant-ashok-nagar-udaipur-1350/Home
636,"Pizza Hut - Urban Square Mall, Udaipur","Plot No F210 to 223, Gaurav Path, Udyog Vihar, RIICO Industrial Area, Sukher, Udaipur, Rajasthan, India",313001,Udaipur,Rajasthan,089290 38088,https://restaurants.pizzahut.co.in/pizza-hut-ph-urban-square-mall-udaipur-pizzerias-sukher-udaipur-250620/Home
637,"Pizza Hut - MG Road, Gangtok","Friends Metro Point, MG Marg, Opposite Titanic Park, East Sikkim, Sikkim, India",737101,East Sikkim,Sikkim,084473 17698,https://restaurants.pizzahut.co.in/pizza-hut-ph-metro-point-gangtok-pizza-restaurant-mg-marg-east-sikkim-129757/Home
638,"Pizza Hut - Arithang, Gangtok",,737101,Gangtok,Sikkim,,https://restaurants.pizzahut.co.in/pizza-hut-arithang-gangtok-in-sikkim-gangtok-arithang-56051/Home
639,"Pizza Hut - Adambakkam, Chennai","No 265/3, Shop No 2, Ground Floor, Vanuwampet, Gandhi Street, Adambakkam, Chennai, Tamil Nadu, India",600091,Chennai,Tamil Nadu,086556 15971,https://restaurants.pizzahut.co.in/pizza-hut-fcd-adambakkam-pizza-restaurant-adambakkam-chennai-123160/Home
640,"Pizza Hut - Adyar, Chennai","Door No 2, Unit No 2, 1st Floor, Latiice Bridge Road, Adyar, Chennai, Tamil Nadu, India",600041,Chennai,Tamil Nadu,1800 202 2022,https://restaurants.pizzahut.co.in/pizza-hut-ph-gandhi-nagar-adyar-pizza-restaurant-adyar-chennai-305155/Home
641,"Pizza Hut - Alandur, Chennai","No 1C, No 15 &16, Kathipara Urban Square, Kathipara Junction,Alandur, Chennai, Tamil Nadu, India",600016,Chennai,Tamil Nadu,086556 89237,https://restaurants.pizzahut.co.in/pizza-hut-kathipara-guindy-chennai-pizzerias-alandur-chennai-275678/Home
642,"Pizza Hut - Anna Nagar, Chennai","Plot No 995/J, No 172, 2nd Avenue, Anna Nagar, Chennai, Tamil Nadu, India",600040,Chennai,Tamil Nadu,1800 202 2022,https://restaurants.pizzahut.co.in/pizza-hut-anna-nagar-pizza-restaurant-anna-nagar-chennai-82715/Home
643,"Pizza Hut - Ashok Nagar 2, Chennai","Unit No 2, Ground Floor, Phase 1, CMRL, Ashok Nagar, Near ESI, Chennai, Tamil Nadu, India",600083,Chennai,Tamil Nadu,086556 89159,https://restaurants.pizzahut.co.in/pizza-hut-ashok-nagar-cmrl-pizza-restaurant-ashok-nagar-chennai-163839/Home
644,"Pizza Hut - Ashok Nagar, Chennai","No C272, 2, 61, 4th Avenue, Sarvamangala Colony, Sri Devi Colony, Ashok Nagar, Chennai, Tamil Nadu, India",600083,Chennai,Tamil Nadu,086556 89178,https://restaurants.pizzahut.co.in/pizza-hut-ashok-nagar-chennai-pizzerias-ashok-nagar-chennai-294567/Home
645,"Pizza Hut - Chrompet, Chennai","No 05, Kamakshi Colony, GST Road, Chromepet, Tambram Sanatorium, Chennai, Tamil Nadu, India",600116,Chennai,Tamil Nadu,086556 89250,https://restaurants.pizzahut.co.in/pizza-hut-ph-chrompet-pizza-restaurant-tambram-sanatorium-chennai-136180/Home
646,"Pizza Hut - ECR Palavakkam, Chennai","No 4/222, Ground Floor, Palavakkam Main Road, East Coast Road, Chennai, Tamil Nadu, India",600041,Chennai,Tamil Nadu,086556 15976,https://restaurants.pizzahut.co.in/pizza-hut-east-coast-road-pizza-restaurant-east-coast-road-chennai-82714/Home
647,"Pizza Hut - East Tambaram, Chennai","Shop No 257, Velachery Road, Sembakkam, Rajakipakkam, Chennai, Tamil Nadu, India",600073,Chennai,Tamil Nadu,086556 89238,https://restaurants.pizzahut.co.in/pizza-hut-ph-east-tambaram-pizza-restaurant-rajakipakkam-chennai-125198/Home
648,"Pizza Hut - Express Avenue, Chennai","No 49 & 50L, 3rd Flr, Express Avenue, Whites Road, Royapetta, Chennai, Tamil Nadu, India",600014,Chennai,Tamil Nadu,1800 202 2022,https://restaurants.pizzahut.co.in/pizza-hut-royapetta-pizza-restaurant-royapetta-chennai-1121/Home
649,Pizza Hut - Forum Mall Chennai,"183, No 303A, 3rd Flr, Forum Vijaya Mall, NSK Salai, Vadapalani, Chennai, Tamil Nadu, India",600026,Chennai,Tamil Nadu,1800 202 2022,https://restaurants.pizzahut.co.in/pizza-hut-vadapalani-pizza-restaurant-vadapalani-chennai-67063/Home
650,"Pizza Hut - Kattupakkam, Chennai","Door No 2/110, SN 184/1B, Mount Poonamallee Road, Kattupakkam, Chennai, Tamil Nadu, India",600056,Chennai,Tamil Nadu,086556 15974,https://restaurants.pizzahut.co.in/pizza-hut-kattupakkam-pizza-restaurant-kattupakkam-chennai-58293/Home
651,"Pizza Hut - Kilpauk Garden Road, Chennai","Door No 43, Plot No 3, Old 2, 3, Kilpauk Garden Road, Chennai, Tamil Nadu, India",600010,Chennai,Tamil Nadu,086556 89246,https://restaurants.pizzahut.co.in/pizza-hut-kilpauk-garden-road-chennai-in-tamil-nadu-chennai-kilpauk-garden-road-54965/Home
652,Pizza Hut - MKB Nagar,,600039,Chennai,Tamil Nadu,,https://restaurants.pizzahut.co.in/pizza-hut-mkb-nagar-in-tamil-nadu-chennai-mkb-nagar-80131/Home
653,"Pizza Hut - Mahindra City, Chennai","Planet Yum Food court, The CaNopy, Mahindra City, Opposite Amul Ice Cream, Chennai, Tamil Nadu, India",600083,Chennai,Tamil Nadu,086556 89225,https://restaurants.pizzahut.co.in/pizza-hut-mahindra-city-pizza-restaurant-mahindra-city-chennai-1103/Home
654,"Pizza Hut - Mogappair, Chennai","Shop No 99, First Floor, Plot No 99, West Mogappair,Main Road,Nolumbur, Chennai, Tamil Nadu, India",600037,Chennai,Tamil Nadu,086556 15970,https://restaurants.pizzahut.co.in/pizza-hut-nolumbur-pizzerias-nolumbur-chennai-31900/Home
655,"Pizza Hut - Perambur, Chennai","New 48, Siva Elango Salai, S No B57, 70 Feet Road, Periyar Nagar West, Perambur, Chennai, Tamil Nadu, India",600082,Chennai,Tamil Nadu,086556 15963,https://restaurants.pizzahut.co.in/pizza-hut-fcd-perambur-pizza-restaurant-perumbur-chennai-123461/Home
656,"Pizza Hut - Perumbakkam, Chennai","Plot No 7, Kailash Nagar, Medavakkam Sholinganallur Rd, Perumbakkam, Next to HDFC Bank, Chennai, Tamil Nadu, India",600100,Chennai,Tamil Nadu,086556 89243,https://restaurants.pizzahut.co.in/pizza-hut-chennai-perumbakkam-pizzerias-perumbakkam-chennai-283574/Home
657,"Pizza Hut - Perungudi OMR, Chennai","PN 111, DN 7, Thirumalai Nagar Annexe, OMR,Perungudi, Chennai, Tamil Nadu, India",600096,Chennai,Tamil Nadu,086556 89207,https://restaurants.pizzahut.co.in/pizza-hut-perungudi-pizza-restaurant-perungudi-chennai-36115/Home
658,"Pizza Hut - Phoenix Market City, Chennai","Shop No F47, Phoenix Market City Mall, Plot No 142, Velachery Road, Velachery, Chennai, Tamil Nadu, India",600042,Chennai,Tamil Nadu,1800 202 2022,https://restaurants.pizzahut.co.in/pizza-hut-velachery-pizza-restaurant-velachery-chennai-22484/Home
659,"Pizza Hut - RK Salai, Chennai","No 73, Ace Tower, RK Salai, Next to Reliance trends, Chennai, Tamil Nadu, India",600004,Chennai,Tamil Nadu,086556 15965,https://restaurants.pizzahut.co.in/pizza-hut-rk-salai-pizza-restaurant-rk-salai-chennai-1116/Home
660,"Pizza Hut - Selaiyur, Chennai","No 2, Ground Floor, Tejraj Colony, Agaram Main Road, Selaiyur, Chennai, Tamil Nadu, India",600073,Chennai,Tamil Nadu,086556 15968,https://restaurants.pizzahut.co.in/pizza-hut-ph-selaiyur-pizzerias-selaiyur-chennai-220308/Home
661,"Pizza Hut - Thoraipakkam, Chennai","No 180 & 181B, 1st Floor, Thamba Okkiyam, Thoraipakkam, Chennai, Tamil Nadu, India",600097,Chennai,Tamil Nadu,086556 89181,https://restaurants.pizzahut.co.in/pizza-hut-thoraipakkam-pizzerias-thoraipakkam-chennai-289473/Home
662,"Pizza Hut - Velacherry, Chennai","No 185, Tambaram Road,Vijaya Nagar,Velachery, Chennai, Tamil Nadu, India",600042,Chennai,Tamil Nadu,086556 15967,https://restaurants.pizzahut.co.in/pizza-hut-velachery-pizza-restaurant-velachery-chennai-22864/Home
663,"Pizza Hut - Virugambakkam, Chennai","Unit No 1, 1st Floor, 132/1, Arcot Road, Virugambakkam, Chennai, Tamil Nadu, India",600092,Chennai,Tamil Nadu,089768 83081,https://restaurants.pizzahut.co.in/pizza-hut-pizza-hut-virugambakkam-pizza-restaurant-virugambakkam-chennai-171694/Home
664,"Pizza Hut - Wallajah Road, Chennai","Old No 57/62 , New No 111 , 1st Floor, Wallajah Road, Anna Salali, Chennai, Tamil Nadu, India",600002,Chennai,Tamil Nadu,086558 41207,https://restaurants.pizzahut.co.in/pizza-hut-pizza-restaurant-anna-salali-chennai-308626/Home
665,"Pizza Hut - Avinashi Road, Coimbatore","Unit No 1258/1260, Avinashi Road, Peelamedu, Coimbatore, Tamil Nadu, India",641004,Coimbatore,Tamil Nadu,086556 89239,https://restaurants.pizzahut.co.in/pizza-hut-ph-avinashi-road-pizza-restaurant-peelamedu-coimbatore-136181/Home
666,"Pizza Hut - Fun Republic Mall, Coimbatore","SN 12 & 13, 1st Floor, Fun Republic Mall, Avinashi Road,Peelamedu, Coimbatore, Tamil Nadu, India",641004,Coimbatore,Tamil Nadu,1800 202 2022,https://restaurants.pizzahut.co.in/pizza-hut-peelamedu-pizza-restaurant-peelamedu-coimbatore-1112/Home
667,"Pizza Hut - Prozone Mall, Coimbatore","Prozone Mall, Saravanampatty Road, Ganesh Nagar, Coimbatore, Tamil Nadu, India",641035,Coimbatore,Tamil Nadu,086556 89240,https://restaurants.pizzahut.co.in/pizza-hut-ganesh-nagar-pizza-takeaway-ganesh-nagar-coimbatore-24827/Home
668,"Pizza Hut - R S Puram, Coimbatore","No 170/1 to 3, Silver Mount Building, DB Road, RS Puram, Next to Aroma Bakery, Coimbatore, Tamil Nadu, India",614002,Coimbatore,Tamil Nadu,086556 15972,https://restaurants.pizzahut.co.in/pizza-hut-rs-puram-pizza-delivery-rs-puram-coimbatore-1117/Home
669,"Pizza Hut - Thudiyalur, Coimbatore","No 33/1, Mettupalayam Road, Thudiyalur, Coimbatore, Tamil Nadu, India",641034,Coimbatore,Tamil Nadu,086556 89147,https://restaurants.pizzahut.co.in/pizza-hut-ph-thudiyalur-pizza-restaurant-thudiyalur-coimbatore-126827/Home
670,"Pizza Hut - Manjakuppam, Cuddalore","No 7, 3rd Flr, Food Court, V Square Mall, Bharathi Road, Manjakuppam, Cuddalore, Tamil Nadu, India",607001,Cuddalore,Tamil Nadu,086556 15975,https://restaurants.pizzahut.co.in/pizza-hut-cuddalore-tamil-nadu-pizza-restaurant-manjakuppam-cuddalore-300084/Home
671,"Pizza Hut - Marina Mall, Egattur",,600130,Egattur,Tamil Nadu,,https://restaurants.pizzahut.co.in/pizza-hut-marina-mall-egattur-in-tamil-nadu-egattur-marina-mall-59396/Home
672,"Pizza Hut - Brough Road, Erode","No 604, 604/1, 605 to 607, Brough Road, Erode, Tamil Nadu, India",638001,Erode,Tamil Nadu,089768 83080,https://restaurants.pizzahut.co.in/pizza-hut-fcd-erode-pizza-restaurant-brough-road-erode-123892/Home
673,"Pizza Hut - Shanthi Nagar West, Hosur","No 1, Unit 2, Ground Floor, Railway Station Road, Shanthi Nagar West, Opposite Raghavendra Theatre, Hosur, Tamil Nadu, India",635109,Hosur,Tamil Nadu,086558 41206,https://restaurants.pizzahut.co.in/pizza-hut-station-road-hossur-pizzerias-shanthi-nagar-west-hosur-275739/Home
674,"Pizza Hut - Chennai Domestic Airport, Kanchipuram","Chennai Domestic Airport, GST Road,Meenambakkam, Next to KFC, Kanchipuram, Tamil Nadu, India",600027,Kanchipuram,Tamil Nadu,1800 202 2022,https://restaurants.pizzahut.co.in/pizza-hut-meenambakkam-pizza-restaurant-meenambakkam-kanchipuram-1322/Home
675,"Pizza Hut - Guduvanchery, Chennai","No 1, Ground Floor, GST Rd, Thailavaram, Potheri, Chengalpattu, Kanchipuram, Tamil Nadu, India",603202,Kanchipuram,Tamil Nadu,086556 89244,https://restaurants.pizzahut.co.in/pizza-hut-guduvancherry-pizza-restaurant-chengalpattu-kanchipuram-122975/Home
676,"Pizza Hut - Injambakkam, Kanchipuram",,600115,Kanchipuram,Tamil Nadu,,https://restaurants.pizzahut.co.in/pizza-hut-injambakkam-kanchipuram-in-tamil-nadu-kanchipuram-injambakkam-51240/Home
677,Pizza Hut - Kanchipuram,"Door No 97, Ground Floor, Kundrathur Main Road, Gerugambakkam, Kanchipuram, Tamil Nadu, India",600122,Kanchipuram,Tamil Nadu,086558 41204,https://restaurants.pizzahut.co.in/pizza-hut-ph-geruhambakkam-chennai-pizza-restaurant-gerugambakkam-kanchipuram-307978/Home
678,"Pizza Hut - Kelambakkam, Kanchipuram","No 1/364, Ground Floor, Shalom Complex, OMR, Padur, Kelambakkam, Kanchipuram, Tamil Nadu, India",603103,Kanchipuram,Tamil Nadu,086556 89180,https://restaurants.pizzahut.co.in/pizza-hut-padur-kelambakkam-chennai-pizzerias-kelambakkam-kanchipuram-275677/Home
679,"Pizza Hut - Pammal, Chennai","Shop No 13, 1st Floor, YAK Complex, Pammal Main Road, Pammal, Kanchipuram, Tamil Nadu, India",600075,Kanchipuram,Tamil Nadu,086556 15959,https://restaurants.pizzahut.co.in/pizza-hut-pizza-hut-pammal-pizza-restaurant-pammal-kanchipuram-171695/Home
680,"Pizza Hut - KK Nagar, Madurai","No 19/3, Gr Flr, Vasuprathaas, 80 Feet Rd, Kk Nagar, Madurai, Tamil Nadu, India",625020,Madurai,Tamil Nadu,086556 89242,https://restaurants.pizzahut.co.in/pizza-hut-pizza-hut-madurai-pizza-restaurant-kk-nagar-madurai-171696/Home
681,"Pizza Hut - Nagercoil, Kanyakumari","No 171A/3, 1st Floor, Jerrys Enclave, KP Road, Nagercoil, Nagercoil, Tamil Nadu, India",629001,Nagercoil,Tamil Nadu,086556 89227,https://restaurants.pizzahut.co.in/pizza-hut-fcd-nagercoil-pizza-restaurant-nagercoil-nagercoil-123893/Home
682,"Pizza Hut - Commercial Road, Ooty","No 355A/1, 1st Flr, The Nilgiris Complex, No 1766/6, Commercial Road, Udhagamandalam, Near Charring Cross, Ooty, Tamil Nadu, India",643001,Ooty,Tamil Nadu,086556 15961,https://restaurants.pizzahut.co.in/pizza-hut-ph-ooty-pizza-restaurant-udhagamandalam-ooty-126828/Home
683,"Pizza Hut - Alagapuram, Salem","Plot No 7, Ground Floor, Brindavan Main Road, Alagapuram, Salem, Tamil Nadu, India",636016,Salem,Tamil Nadu,086556 15973,https://restaurants.pizzahut.co.in/pizza-hut-pizza-hut-salem-pizza-restaurant-alagapuram-salem-129369/Home
684,"Pizza Hut - Meyyanur, Salem","No 229/1/5, Reliance Mega, Block No 5, Junction Road, Meyyanur, Salem, Tamil Nadu, India",636004,Salem,Tamil Nadu,086558 41213,https://restaurants.pizzahut.co.in/pizza-hut-ph-reliance-mall-salem-pizza-restaurant-meyyanur-salem-309736/Home
685,"Pizza Hut - Langval Mall, Thanjavur","No FC 212, PN 16A, 2nd Flr, Langval Mall, New Ward No 4, Block 61, New Bus Stand Rd, Thanjavur, Tamil Nadu, India",613007,Thanjavur,Tamil Nadu,1800 202 2022,https://restaurants.pizzahut.co.in/pizza-hut-langval-mall-thanjavur-in-tamil-nadu-thanjavur-new-bus-stand-rd-44042/Home
686,Pizza Hut - Tiruchirappalli,"No 3/1, Annamalai Tower, New Karur Bypass Road, Annanalai Nagar, Tiruchirappalli, Tamil Nadu, India",620018,Tiruchirappalli,Tamil Nadu,086556 89226,https://restaurants.pizzahut.co.in/pizza-hut-tiruchirappalli-in-tamil-nadu-tiruchirappalli-annanalai-nagar-52595/Home
687,"Pizza Hut - Vannarpettai, Tirunelveli","No 100/3 & 100/4, Ground Floor, North Byepass Road, Vannarpettai, Tirunelveli, Tamil Nadu, India",627003,Tirunelveli,Tamil Nadu,097104 57605,https://restaurants.pizzahut.co.in/pizza-hut-vannarpettai-tirunelveli-pizzerias-vannarpettai-tirunelveli-294566/Home
688,"Pizza Hut - Avadi, Chennai","No 128/1, New No 237/1, 1st Floor, NM Road, Avadi, Tiruvallur, Tamil Nadu, India",600054,Tiruvallur,Tamil Nadu,086556 89228,https://restaurants.pizzahut.co.in/pizza-hut-pizza-hut-avadi-pizza-restaurant-avadi-tiruvallur-171697/Home
689,"Pizza Hut - Varadharajapuram, Tiruvallur","554A, No 3, 1st Flr, Banglore Highway Rd, Varadharajapuram, Nazarathpettai, Tiruvallur, Tamil Nadu, India",600123,Tiruvallur,Tamil Nadu,1800 202 2022,https://restaurants.pizzahut.co.in/pizza-hut-varadharajapuram-tiruvallur-in-tamil-nadu-tiruvallur-nazarathpettai-90107/Home
690,"Pizza Hut - Selvam Nagar, Vellore","No 71 to 73, Ground Floor, Selvam Nagar, Tiruvalam Road, Katpadi, Near Selvam Cinemas, Vellore, Tamil Nadu, India",632007,Vellore,Tamil Nadu,086556 89179,https://restaurants.pizzahut.co.in/pizza-hut-katpadi-vellore-pizzerias-katpadi-vellore-283578/Home
691,"Pizza Hut - Hanamkonda, Warangal","Fatima nagar circle, Hyderabad - Warangal Highway, National Institute of Technology Campus, Hanamkonda, Telangana, India",506004,Hanamkonda,Telangana,086556 16136,https://restaurants.pizzahut.co.in/pizza-hut-ph-hanamkonda-pizza-restaurant-hyderabad-warangal-hwy-warangal-129211/Home
692,"Pizza Hut - AMR Mall, Secunderabad","Sy No 373/1 & 373, 3, AMR Planet, 1 Rd, Trimulghery ECIL Rd, Extn, Moula Ali, Hyderabad, Telangana, India",500040,Hyderabad,Telangana,084470 95005,https://restaurants.pizzahut.co.in/pizza-hut-ph-amr-planet-mall-pizzerias-moula-ali-hyderabad-200463/Home
693,"Pizza Hut - Alkapuri, Hyderabad","D No 5/1/2/269, Ground Floor, Neknampur, Alkapuri, Hyderabad, Telangana, India",500035,Hyderabad,Telangana,086556 16155,https://restaurants.pizzahut.co.in/pizza-hut-alkapuri-pizzerias-alkapuri-hyderabad-189480/Home
694,"Pizza Hut - Alwal, Secunderabad","H No 5/72/11, Plot No 11, Ground Floor, Survey No 542, Alwal, Hyderabad, Telangana, India",500010,Hyderabad,Telangana,086556 16151,https://restaurants.pizzahut.co.in/pizza-hut-sapphire-foods-lts-pizzerias-alwal-hyderabad-243720/Home
695,"Pizza Hut - Attapur, Hyderabad","1st Floor, M Cube Mall, Attapur Main Road, Somi Reddy Nagar, Near Pillar No 119, Hyderabad, Telangana, India",500048,Hyderabad,Telangana,072900 68206,https://restaurants.pizzahut.co.in/pizza-hut-ph-mcube-mall-attapur-pizza-restaurant-somi-reddy-nagar-hyderabad-313294/Home
696,"Pizza Hut - Balanagar, Hyderabad","Sy No 1050, 3rd Flr, Lulu Mall, Rd No 3, Housing Board Col, Balanagar, Kukatpally, Hyderabad, Telangana, India",500072,Hyderabad,Telangana,1800 202 2022,https://restaurants.pizzahut.co.in/pizza-hut-lulu-mall-hyderabad-pizza-restaurant-kukatpally-hyderabad-294965/Home
697,"Pizza Hut - Balapur X road, Hyderabad","D No 6/152/1, SLNS Colony, Near Balapur X Road, Hyderabad, Telangana, India",500097,Hyderabad,Telangana,086556 16146,https://restaurants.pizzahut.co.in/pizza-hut-fcd-balapur-pizza-restaurant-slns-colony-hyderabad-167629/Home
698,"Pizza Hut - Banjara Hills, Hyderabad","D, No 8, 2-740/15, Road Number 12, opp. Dadu's Sweet House, Amudi Nagar, Bhola Nagar, Banjara Hills, Hyderabad, Telangana, India",500028,Hyderabad,Telangana,086556 16112,https://restaurants.pizzahut.co.in/pizza-hut-banjara-hills-pizza-restaurant-banjara-hills-hyderabad-23567/Home
699,"Pizza Hut - Beerumguda, Hyderabad","Door No 14/81/60/1/12/A/1, Ground Floor, Beerumguda, Ameenpur, Hyderabad, Telangana, India",502032,Hyderabad,Telangana,086556 16122,https://restaurants.pizzahut.co.in/pizza-hut-sapphire-foods-pizzerias-ameenpur-hyderabad-243593/Home
700,"Pizza Hut - Boduppal, Hyderabad","Shop No 5/107/2, Survey No 47, Buddha Nagar, Peerzadiguda, Boduppal, Hyderabad, Telangana, India",500092,Hyderabad,Telangana,098995 14284,https://restaurants.pizzahut.co.in/pizza-hut-ph-peerzadiguda-boduppal-pizza-restaurant-boduppal-hyderabad-129268/Home
701,"Pizza Hut - Chandanagar, Serilingampally",,500050,Hyderabad,Telangana,,https://restaurants.pizzahut.co.in/pizza-hut-chandanagar-serilingampally-in-telangana-hyderabad-serilingampally-19678/Home
702,"Pizza Hut - Chintal Road, Hyderabad","Gr Flr, Rukmini Estates, Plot No 1 & 16, Main Road, Chinthal, Quthbullapur, Hyderabad, Telangana, India",500037,Hyderabad,Telangana,084472 01821,https://restaurants.pizzahut.co.in/pizza-hut-ph-chintal-road-hyderabad-pizza-restaurant-quthbullapur-hyderabad-129605/Home
703,"Pizza Hut - DSL Virtue Mall Uppal, Hyderabad",,500039,Hyderabad,Telangana,,https://restaurants.pizzahut.co.in/pizza-hut-ph-dsl-virtue-mall-uppal-pizza-restaurant-uppal-hyderabad-108231/Home
704,"Pizza Hut - GSM Mall, Hyderabad","3rd Floor, Food Court, GSM Mall, Madinaguda, Opposite to My Home Jewel Apartments, Hyderabad, Telangana, India",500049,Hyderabad,Telangana,086556 16123,https://restaurants.pizzahut.co.in/pizza-hut-madinaguda-pizza-restaurant-madinaguda-hyderabad-67014/Home
705,"Pizza Hut - GVK One, Hyderabad","Cafe 6/3/251, 251/1 & 251/5/6/7, Banjara Hills, Hyderabad, Telangana, India",500034,Hyderabad,Telangana,086556 16126,https://restaurants.pizzahut.co.in/pizza-hut-banjara-hills-pizza-takeaway-banjara-hills-hyderabad-44224/Home
706,"Pizza Hut - Gachi Bowli, Hyderabad","PN 126, Vinayak Nagar, Gachibowli, Opposite Himgiri Hospital, Hyderabad, Telangana, India",500032,Hyderabad,Telangana,089290 77607,https://restaurants.pizzahut.co.in/pizza-hut-gachibowli-pizza-delivery-gachibowli-hyderabad-1331/Home
707,"Pizza Hut - Gudimalkapur, Hyderabad","Inner Ring Road, Noor Ghat, Gudi Malkapur, Mehdipatnam, Hyderabad, Telangana, India",500028,Hyderabad,Telangana,085108 40796,https://restaurants.pizzahut.co.in/pizza-hut-ph-gudimalkapur-mehdipatnam-pizzerias-mehdipatnam-hyderabad-235129/Home
708,"Pizza Hut - Himayath Nagar, Hyderabad","No 3/6/269/G3 to G5 & G8, Gowlikar House, Narayanguda Road, Himayatnagar, Near AP State Housing Board, Hyderabad, Telangana, India",500029,Hyderabad,Telangana,084473 18285,https://restaurants.pizzahut.co.in/pizza-hut-ph-himayatnagar-hyderabad-pizza-restaurant-himayatnagar-hyderabad-128720/Home
709,"Pizza Hut - Jubilee Hills, Hyderabad","No 2, Plot No 120, Divya Sai Enclave, HN 8/2/293/82/A/23, Rd No 5, Jubilee Hills, Hyderabad, Telangana, India",500033,Hyderabad,Telangana,070650 12929,https://restaurants.pizzahut.co.in/pizza-hut-ph-jubilee-hills-hyderabad-pizza-restaurant-jubilee-hills-hyderabad-121156/Home
710,"Pizza Hut - KPHB Metro Station, Hyderabad","Concourse Level, KPHB Metro Station, Kukatpally, Hyderabad, Telangana, India",500072,Hyderabad,Telangana,098731 43978,https://restaurants.pizzahut.co.in/pizza-hut-ph-kphb-metro-station-hyderabad-pizza-restaurant-kukatpally-hyderabad-130522/Home
711,"Pizza Hut - Kachiguda, Hyderabad","Shop No 03, Gr Flr, Ganeriwal Complex, Kachiguda Station Road, Opposite Kumar Theater, Hyderabad, Telangana, India",500027,Hyderabad,Telangana,098992 71564,https://restaurants.pizzahut.co.in/pizza-hut-ph-kachiguda-hyderabad-pizza-restaurant-kachiguda-station-road-hyderabad-130360/Home
712,"Pizza Hut - Karmanghat, Hyderabad","D No 10/1/74/8/2, Thapovan Colony, Sai Nagar,Champapet Rd,Saroor Nagar East, Karmanghat, Hyderabad, Telangana, India",500079,Hyderabad,Telangana,098992 93750,https://restaurants.pizzahut.co.in/pizza-hut-ph-karmanghat-hyderabad-pizza-restaurant-saroor-nagar-east-hyderabad-110317/Home
713,"Pizza Hut - Kompally, Hyderabad","Survey No, NCL Habitats, 95/1, near Tirupati Electronics, Kompally, Hyderabad, Telangana, India",500067,Hyderabad,Telangana,086556 16114,https://restaurants.pizzahut.co.in/pizza-hut-kompally-pizza-restaurant-kompally-hyderabad-26832/Home
714,"Pizza Hut - Kothapet Nagole Road, Hyderabad","SN 01, H No 11/7/143, Dayakar Reddy Bldg, Huda Colony,Saroor Nagar, Hyderabad, Telangana, India",500035,Hyderabad,Telangana,098995 59120,https://restaurants.pizzahut.co.in/pizza-hut-ph-kothapet-nagole-road-pizza-restaurant-saroor-nagar-hyderabad-121886/Home
715,"Pizza Hut - L&T Mall, Hyderabad","Sy 1,1/2,1/3,3/2,6/1 & 6/2, L&T Mall, Nagarjuna Hills, Next To Punjagutta Mall, Hyderabad, Telangana, India",500034,Hyderabad,Telangana,086556 89166,https://restaurants.pizzahut.co.in/pizza-hut-nagarjuna-hills-pizza-restaurant-nagarjuna-hills-hyderabad-24826/Home
716,"Pizza Hut - L&T Moosarambagh, Hyderabad","L5, 4th Floor, L&T Metro Rail Mal, Food Court, Moosarambagh, Hyderabad, Telangana, India",500036,Hyderabad,Telangana,089299 64564,https://restaurants.pizzahut.co.in/pizza-hut-moosarambagh-pizza-restaurant-moosarambagh-hyderabad-81398/Home
717,"Pizza Hut - LB Nagar, Hyderabad","Plot No 67, Chandrapuri Colony, LB Nagar,Road No 4,Saroornagar, Hyderabad, Telangana, India",500074,Hyderabad,Telangana,086556 16116,https://restaurants.pizzahut.co.in/pizza-hut-saroornagar-pizza-restaurant-saroornagar-hyderabad-67062/Home
718,"Pizza Hut - Level C, Hyderabad Airport","No 5, Aero Plaza, Level C, Parking Level, Rajiv Gandhi Intnl Airport, Shamshabad, Hyderabad, Telangana, India",501218,Hyderabad,Telangana,090103 40446,https://restaurants.pizzahut.co.in/pizza-hut-ph-airport-hyderabad-pizza-restaurant-shamshabad-hyderabad-123074/Home
719,"Pizza Hut - Madhapur, Hyderabad","No 198/6/51, next to Airtel customer service, Arunodaya Colony, Hyderabad, Telangana, India",500081,Hyderabad,Telangana,086556 16115,https://restaurants.pizzahut.co.in/pizza-hut-arunodaya-colony-pizza-restaurant-arunodaya-colony-hyderabad-1169/Home
720,"Pizza Hut - Malkajgiri, Hyderabad",,500057,Hyderabad,Telangana,,https://restaurants.pizzahut.co.in/pizza-hut-ph-malkajgiri-pizza-restaurant-malkajgiri-hyderabad-125770/Home
721,"Pizza Hut - Miyapur, Hyderabad","Jayabharthis Kalpana, Mumbai Road, Miyapur, Hyderabad, Telangana, India",500049,Hyderabad,Telangana,098992 72448,https://restaurants.pizzahut.co.in/pizza-hut-miyapur-pizza-restaurant-miyapur-hyderabad-1328/Home
722,"Pizza Hut - Moosapet, Hyderabad","D No 10/135/7, Gr Flr, Anjaneya Nagar, Green Hills Rd, Moosapet, Near AGI Colony, Hyderabad, Telangana, India",500018,Hyderabad,Telangana,083769 05213,https://restaurants.pizzahut.co.in/pizza-hut-ph-green-hills-road-moosapet-pizza-restaurant-moosapet-hyderabad-125077/Home
723,"Pizza Hut - Nagaram, Secunderabad","Pizza Hut, Ground Floor, Plot No.1, Survey No.227, Block No.9, Kushaiguda under Kapra Municipality, Keesara Mandal, Rangareddy, Kapra Circle No.1, Hyderabad, Telangana, India",500062,Hyderabad,Telangana,098991 89751,https://restaurants.pizzahut.co.in/pizza-hut-ph-nagaram-hyderabad-pizzerias-secunderabad-hyderabad-180267/Home
724,"Pizza Hut - Praga Mall, Hyderabad","3rd Flr, Praga Mall Food Court, Bholakpur, Kavadiguda, Venkateswar Colony, Secunderabad, Hyderabad, Telangana, India",500080,Hyderabad,Telangana,098996 08710,https://restaurants.pizzahut.co.in/pizza-hut-ph-praga-mall-hyderabad-pizza-restaurant-venkateswar-colony-hyderabad-146778/Home
725,"Pizza Hut - Pragathinagar, Hyderabad","H No 06, G9FW+87V Lahari Estates, 53/1519 to 1527, Pragathi Nagar, Hyderabad, Telangana, India",500090,Hyderabad,Telangana,089291 07398,https://restaurants.pizzahut.co.in/pizza-hut-ph-pragathi-nagar-hyderabad-pizza-restaurant-pragathi-nagar-rangareddy-166841/Home
726,"Pizza Hut - Prasad Imax, Hyderabad","Ground Floor, Prasadz Multiplex, Khairtabad, Hyderabad, Telangana, India",500063,Hyderabad,Telangana,086556 16137,https://restaurants.pizzahut.co.in/pizza-hut-ph-imax-pizza-restaurant-khairtabad-hyderabad-123956/Home
727,"Pizza Hut - RMZ Hitech City Main Rd Madhapur, Hyderabad","No 10, 1st Floor, The Skyview, Sy No 83/1, Hitech City Main Rd, Raidurgam, Hyderabad, Telangana, India",500081,Hyderabad,Telangana,089290 39408,https://restaurants.pizzahut.co.in/pizza-hut-ph-rmz-skyview-hyderabad-pizzerias-raidurgam-hyderabad-185507/Home
728,"Pizza Hut - SD Road, Hyderabad","Shop No 1 & 2, No 1/1/58/1 & 2, SD Road, Hyderabad, Telangana, India",500003,Hyderabad,Telangana,086556 16159,https://restaurants.pizzahut.co.in/pizza-hut-sd-road-pizzerias-sd-road-hyderabad-219341/Home
729,"Pizza Hut - SR Nagar, Hyderabad","Shop No 7/1/621/275, MIG 260/3RT, Sanjeev Reddy Nagar, Opposite HDFC LTD, Hyderabad, Telangana, India",500038,Hyderabad,Telangana,086556 16119,https://restaurants.pizzahut.co.in/pizza-hut-sanjeev-reddy-nagar-pizza-restaurant-sanjeev-reddy-nagar-hyderabad-44205/Home
730,"Pizza Hut - Saket Road Kapra, Hyderabad","Plot No 2, Sree Nagar Colony,Saket Road,Kapra, Hyderabad, Telangana, India",500062,Hyderabad,Telangana,098991 89753,https://restaurants.pizzahut.co.in/pizza-hut-ph-saket-road-kapra-pizzerias-kapra-hyderabad-304307/Home
731,"Pizza Hut - Sanathnagar, Hyderabad","Shehnai Function Hall, SKY Mall, Main Road, Czech Colony, Sanath Nagar, Hyderabad, Telangana, India",500018,Hyderabad,Telangana,085888 12823,https://restaurants.pizzahut.co.in/pizza-hut-ph-sanath-nagar-hyderabad-pizzerias-sanath-nagar-hyderabad-180264/Home
732,"Pizza Hut - Santosh Nagar, Hyderabad","Door No 9/7/211, Ground Floor, Santosh Nagar, Beside Yadagiri Theatre, Hyderabad, Telangana, India",500079,Hyderabad,Telangana,086556 16152,https://restaurants.pizzahut.co.in/pizza-hut-santosh-nagar-pizzerias-santosh-nagar-hyderabad-258279/Home
733,"Pizza Hut - Sarath City Capital Mall, Hyderabad","LGF, Sarath City Capital Mall, Whitefield,HITEC City,Kondapur, Gachibowli Miyapur Road, Hyderabad, Telangana, India",500084,Hyderabad,Telangana,086556 89241,https://restaurants.pizzahut.co.in/pizza-hut-sarath-city-capital-mall-pizza-restaurant-kondapur-hyderabad-60339/Home
734,"Pizza Hut - Shivam road, Hyderabad","Flat No 103 & 203, SPICA Apartments, Bearing No 2/2/1130/8&8/A1, New Nallakunta, Hyderabad, Telangana, India",500044,Hyderabad,Telangana,086556 16138,https://restaurants.pizzahut.co.in/pizza-hut-new-nallakunta-pizza-restaurant-new-nallakunta-hyderabad-98959/Home
735,"Pizza Hut - Suncity, Hyderabad","Plot No 10, Ground & 1st Floor, Suncity, Survey No 9/7, Hydershakote, Hyderabad, Telangana, India",500091,Hyderabad,Telangana,098995 15079,https://restaurants.pizzahut.co.in/pizza-hut-ph-suncity-hyderabad-pizza-restaurant-hydershakote-hyderabad-121208/Home
736,"Pizza Hut - Toli Chowki, Hyderabad","8/1/301/303, 1st Floor, West World, Aziz Bagh Colony,D Block,Toli Chowki, Shaikpet Road, Hyderabad, Telangana, India",500008,Hyderabad,Telangana,098991 87983,https://restaurants.pizzahut.co.in/pizza-hut-toli-chowki-pizza-restaurant-toli-chowki-hyderabad-105723/Home
737,"Pizza Hut - Christian Colony Rd, Karimnagar","H No 3/1 & 347/1, Ground Floor, Christian Colony Road, Opposite HDFC Bank, Karimnagar, Telangana, India",505001,Karimnagar,Telangana,086556 89236,https://restaurants.pizzahut.co.in/pizza-hut-ph-karimnagar-pizza-restaurant-christian-colony-road-karimnagar-118368/Home
738,"Pizza Hut - Ashok Nagar, Telangana","Shop No B/1, Sy No 21, 229 to 232,Gr Flr, Ramachandrapuram, Ashok Nagar, Opposite to Jyothi Theatre, Medak, Telangana, India",502302,Medak,Telangana,1800 202 2022,https://restaurants.pizzahut.co.in/pizza-hut-ph-ashok-nagar-hyd-pizza-restaurant-ashok-nagar-medak-136182/Home
739,"Pizza Hut - Bachupally, Hyderabad","G5 & G10, Sy No 267 & 269, Siri Estate, Bachupally, Gram Panchayat, Qutbullapur, Medchal Malkajgiri, Telangana, India",500055,Medchal Malkajgiri,Telangana,089290 77623,https://restaurants.pizzahut.co.in/pizza-hut-qutbullapur-pizzerias-qutbullapur-medchal-malkajgiri-107790/Home
740,"Pizza Hut - Bollarum Road Kompally, Hyderabad","SN A1 & A2, DN 1/115/1, Karuna Arcade, Kompally, Medchal, Qutbullapur, Medchal Malkajgiri, Telangana, India",500055,Medchal Malkajgiri,Telangana,086556 16147,https://restaurants.pizzahut.co.in/pizza-hut-pizza-hut-kompally-2-pizzerias-qutbullapur-medchal-malkajgiri-171698/Home
741,"Pizza Hut - Medchal Malkajgiri, Telangana","Plot No 1086 & 1087, Srinivasa Enclave, Gajularamaram, Medchal Malkajgiri, Telangana, India",500055,Medchal Malkajgiri,Telangana,078350 47338,https://restaurants.pizzahut.co.in/pizza-hut-medchal-malkajgiri-telangana-in-telangana-medchal-malkajgiri-gajularamaram-21779/Home
742,"Pizza Hut - Clock Tower Road, Nalgonda","Sri Lakshmi Narasimha Swamy Colony, Main Road, Sai Sree Colony, Nalgonda, Telangana, India",508001,Nalgonda,Telangana,097115 84724,https://restaurants.pizzahut.co.in/pizza-hut-ph-clock-tower-road-nalgonda-pizzerias-sai-sree-colony-nalgonda-185499/Home
743,"Pizza Hut - Kapil Tower, Hyderabad","No 01, Sy No 115/1, ISB Road, Financial District, Gachibowli, Nanakramguda, Telangana, India",500032,Nanakramguda,Telangana,089296 45685,https://restaurants.pizzahut.co.in/pizza-hut-nanakramguda-pizza-delivery-nanakramguda-hyderabad-1327/Home
744,"Pizza Hut - Venu Mall, Nizamabad","Shop No F3, 1st Floor, Venu Mall, Hyderabad Rd, Phulong Bridge, Pragathi Ngr, Nizamabad, Telangana, India",503001,Nizamabad,Telangana,098664 43581,https://restaurants.pizzahut.co.in/pizza-hut-ph-venu-mall-nizamabad-pizza-restaurant-pragathi-ngr-nizamabad-123742/Home
745,"Pizza Hut - Khajaguda, Hyderabad","4, Divyashree Techridge Commercial Cplx, Lanco Hills IT Park, Khajaguda, Rangareddy, Telangana, India",500089,Rangareddy,Telangana,098994 45714,https://restaurants.pizzahut.co.in/pizza-hut-ph-khajaguda-hyderabad-pizza-restaurant-khajaguda-rangareddy-136288/Home
746,"Pizza Hut - Kokapet, Hyderabad","Plot No 1 to 4, Power Welfare Society, Phoenix Greens School Rd, Kokapet, Rangareddy, Telangana, India",500075,Rangareddy,Telangana,089290 40190,https://restaurants.pizzahut.co.in/pizza-hut-ph-kokapet-hyderabad-pizza-restaurant-kokapet-rangareddy-125850/Home
747,"Pizza Hut - Lingampally, Hyderabad","Plot No 22, Ground Floor, Nallagandla Road, Serilingampally, Beside Caf, Rangareddy, Telangana, India",500019,Rangareddy,Telangana,086556 16118,https://restaurants.pizzahut.co.in/pizza-hut-serilingampally-pizzerias-serilingampally-rangareddy-31962/Home
748,"Pizza Hut - Manikonda, Hyderabad","Plot No 35 & 36, Ground Floor, Lanco Hills, Manikonda, Beside Harivillu Apartments, Rangareddy, Telangana, India",500089,Rangareddy,Telangana,086556 16120,https://restaurants.pizzahut.co.in/pizza-hut-manikonda-pizza-restaurant-manikonda-rangareddy-92134/Home
749,"Pizza Hut - New Bowenpally, Secunderabad",,500011,Secunderabad,Telangana,,https://restaurants.pizzahut.co.in/pizza-hut-new-bowenpally-secunderabad-in-telangana-secunderabad-new-bowenpally-53758/Home
750,"Pizza Hut - MG Road, Warangal","80, Gr, Sai Towers, H No 11/25/79, MG Road, Warangal, Telangana, India",506002,Warangal,Telangana,086556 16130,https://restaurants.pizzahut.co.in/pizza-hut-mg-road-pizza-restaurant-mg-road-warangal-110341/Home
751,"Pizza Hut - Durga Bari Road, Agartala","Ground Floor, Palace Compound, Durgabari Road, Indranagar, Agartala, Tripura, India",799001,Agartala,Tripura,097116 18638,https://restaurants.pizzahut.co.in/pizza-hut-ph-durgabari-road-agartala-pizzerias-indranagar-agartala-188983/Home
752,"Pizza Hut - Church Road, Agra","Ground Floor, Plot No 2/27, UG 2, Commercial Complex, Church Road, Agra, Uttar Pradesh, India",282002,Agra,Uttar Pradesh,097116 25798,https://restaurants.pizzahut.co.in/pizza-hut-ph-church-road-agra-pizza-restaurant-church-road-agra-305342/Home
753,"Pizza Hut - Sikandra, Agra","Hotel Adhiraj Palace, Bodla Road,Sikandra, Opposite Kargil Petrol Pump, Agra, Uttar Pradesh, India",282007,Agra,Uttar Pradesh,070650 00694,https://restaurants.pizzahut.co.in/pizza-hut-sikandra-pizza-delivery-sikandra-agra-1315/Home
754,"Pizza Hut – Yatri Fatehabad Road, Agra","Plot no 181/1, Ground Floor, Fatehbad Road, Near Hotel Amar, Yatri Niwas, Agra, Uttar Pradesh, India",282001,Agra,Uttar Pradesh,0562 406 4051,https://restaurants.pizzahut.co.in/pizza-hut-tajganj-pizza-delivery-tajganj-agra-1195/Home
755,"Pizza Hut - Marris Road, Aligarh","Saundra House, Marris Rd, Opposite Abdullah Girls College, Aligarh, Uttar Pradesh, India",202001,Aligarh,Uttar Pradesh,097115 93853,https://restaurants.pizzahut.co.in/pizza-hut-marris-rd-pizza-restaurant-marris-rd-aligarh-1313/Home
756,"Pizza Hut - Civil Lines, Barabanki","Lucknow Faizabad Road, Civil Line, Awas Vikas Colony, Barabanki, Uttar Pradesh, India",225001,Barabanki,Uttar Pradesh,089291 17011,https://restaurants.pizzahut.co.in/pizza-hut-ph-faizabad-road-barabanki-pizza-restaurant-awas-vikas-colony-barabanki-305355/Home
757,"Pizza Hut - Phoenix United Mall, Bareilly","2nd Floor, Phoenix United Mall S43, Pilibhit Bypass Road, FCI Colony, Bareilly, Uttar Pradesh, India",243001,Bareilly,Uttar Pradesh,097119 61536,https://restaurants.pizzahut.co.in/pizza-hut-pilibhit-by-pass-rd-pizza-restaurant-pilibhit-by-pass-rd-bareilly-1311/Home
758,"Pizza Hut - D M Road, Bullandshahr","No 4/C15, Awas Vikas 1, Devpuri 2, DM Road, DM Colony, Bulandshahr, Uttar Pradesh, India",203001,Bulandshahr,Uttar Pradesh,097113 99684,https://restaurants.pizzahut.co.in/pizza-hut-ph-dm-road-bulandshahr-pizzerias-dm-colony-bulandshahr-185310/Home
759,"Pizza Hut - Eastern Peripheral Expy, Chakarpur",,201206,Chakarpur,Uttar Pradesh,,https://restaurants.pizzahut.co.in/pizza-hut-eastern-peripheral-expy-chakarpur-in-uttar-pradesh-chakarpur-milakmilk-chakarpur-73289/Home
760,"Pizza Hut - Mall of Avadh, Ayodhya","Shop No G3, Mall of Avadh, Shakti Vihar Colony, Naharbagh, Faizabad, Uttar Pradesh, India",224001,Faizabad,Uttar Pradesh,098990 74550,https://restaurants.pizzahut.co.in/pizza-hut-ph-mall-of-avadh-ayodhya-pizzerias-naharbagh-faizabad-275645/Home
761,"Pizza Hut - Salarpur, Gajraula","Food Court, NH 24, Moradabad Delhi Highway, JP Ngr, Salarpur, Gajraula, Uttar Pradesh, India",244235,Gajraula,Uttar Pradesh,089290 36583,https://restaurants.pizzahut.co.in/pizza-hut-ph-salarpur-gajraula-pizzerias-salarpur-gajraula-259072/Home
762,Pizza Hut - Yamuna Express Way,"Permanent Facility Complex, Food Court,Yamuna Express Way, Near Bikano, Gautam Buddha Nagar, Uttar Pradesh, India",203201,Gautam Buddha Nagar,Uttar Pradesh,1800 202 2022,https://restaurants.pizzahut.co.in/pizza-hut-yamuna-express-way-pizzerias-yamuna-express-way-gautam-buddha-nagar-6143/Home
763,"Pizza Hut - Crossing Republic, Ghaziabad","Shop No 7, Paramount Symphony, Crossing Republik, Ghaziabad, Uttar Pradesh, India",201016,Ghaziabad,Uttar Pradesh,089290 26716,https://restaurants.pizzahut.co.in/pizza-hut-crossing-republik-pizza-delivery-crossing-republik-ghaziabad-1244/Home
764,"Pizza Hut - East Delhi Mall, Delhi","UN 21 & 22, 3rd Flr, East Delhi Mall, PN 1, Kaushambi Rd, Kaushambi, Near Anand Vihar, Ghaziabad, Uttar Pradesh, India",201001,Ghaziabad,Uttar Pradesh,089290 39798,https://restaurants.pizzahut.co.in/pizza-hut-ph-edm-ghaziabad-pizza-restaurant-kaushambi-ghaziabad-169710/Home
765,"Pizza Hut - Gaur Mall, Greater Noida","No C/01B/GH/01, 3rd Flr, Gaur City Mall, Sector 04, Ghaziabad, Uttar Pradesh, India",201009,Ghaziabad,Uttar Pradesh,070650 11332,https://restaurants.pizzahut.co.in/pizza-hut-sector-04-pizzerias-sector-04-ghaziabad-81394/Home
766,"Pizza Hut - Jaipuria Mall, Ghaziabad","Shop No H6B, UGF, Jaipuria Sunrise Plaza, Plot No 12A, Ahinsa Khand 2, Indirapuram, Ghaziabad, Uttar Pradesh, India",201014,Ghaziabad,Uttar Pradesh,083769 05285,https://restaurants.pizzahut.co.in/pizza-hut-indirapuram-pizza-restaurant-indirapuram-ghaziabad-104906/Home
767,"Pizza Hut - Opulent Mall, Ghaziabad","No C115, Grand Trunk Rd, Gandhi Nagar, Nehru Nagar, Ghaziabad, Uttar Pradesh, India",201001,Ghaziabad,Uttar Pradesh,098990 67569,https://restaurants.pizzahut.co.in/pizza-hut-ph-opulent-mall-ghaziabad-pizzerias-nehru-nagar-ghaziabad-274265/Home
768,Pizza Hut - RDC Ghaziabad,"Shop No D 24, RDC, Raj Nagar, Ghaziabad, Uttar Pradesh, India",201012,Ghaziabad,Uttar Pradesh,1800 202 2022,https://restaurants.pizzahut.co.in/pizza-hut-raj-nagar-pizza-restaurant-raj-nagar-ghaziabad-1242/Home
769,"Pizza Hut - Shakti Khand 2, Indirapuram",,201014,Ghaziabad,Uttar Pradesh,,https://restaurants.pizzahut.co.in/pizza-hut-shakti-khand-2-indirapuram-in-uttar-pradesh-ghaziabad-indirapuram-76430/Home
770,"Pizza Hut - Shipra Mall Indirapuram, Ghaziabad","FC 6 & 7, 2nd Floor, Shipra Mall, Vaibhav Khand, Indrapuram, Ghaziabad, Uttar Pradesh, India",201014,Ghaziabad,Uttar Pradesh,085279 77880,https://restaurants.pizzahut.co.in/pizza-hut-ph-shipra-mall-indrapuram-pizza-restaurant-indrapuram-ghaziabad-172139/Home
771,"Pizza Hut - VVIP Mall, Ghaziabad","Shop No F109, F110 & F111, VVIP Style, Raj Nagar Extn, NH 8, Raj Nagar Extension, Ghaziabad, Uttar Pradesh, India",201001,Ghaziabad,Uttar Pradesh,098994 35778,https://restaurants.pizzahut.co.in/pizza-hut-nh-8-pizza-restaurant-nh-8-ghaziabad-23568/Home
772,"Pizza Hut - Vaishali, Ghaziabad","Ground Floor, Shopprix Mall Vaishali, No 127/128, Sector 5, Vaishali, Ghaziabad, Uttar Pradesh, India",201010,Ghaziabad,Uttar Pradesh,098994 46704,https://restaurants.pizzahut.co.in/pizza-hut-vaishali-sector-5-pizza-restaurant-vaishali-sector-5-ghaziabad-1440/Home
773,"Pizza Hut - Vasundhara, Ghaziabad","PN 12, No 512, GF, Maharaja Agarsain Marg, Sector 12, Vasundhara, Ghaziabad, Uttar Pradesh, India",201012,Ghaziabad,Uttar Pradesh,084472 23168,https://restaurants.pizzahut.co.in/pizza-hut-ph-sector-12-vasundhara-pizza-restaurant-sector-12-ghaziabad-125848/Home
774,"Pizza Hut - World Square Mall, Ghaziabad","Anchor 1B, PN 160, GF, World Square Mall, Katori Mill, Mohan Nagar, Sahibabad, Ghaziabad, Uttar Pradesh, India",201002,Ghaziabad,Uttar Pradesh,093196 84884,https://restaurants.pizzahut.co.in/pizza-hut-mohan-nagar-pizza-restaurant-mohan-nagar-ghaziabad-1439/Home
775,"Pizza Hut - City Mall, Gorakhpur","Shop No 7, 2nd Floor, City Mall, Food Court, Park Rd,Golghar, Civil Lines, Gorakhpur, Uttar Pradesh, India",273001,Gorakhpur,Uttar Pradesh,095826 21760,https://restaurants.pizzahut.co.in/pizza-hut-civil-lines-pizza-restaurant-civil-lines-gorakhpur-98971/Home
776,"Pizza Hut - Medical Road, Gorakhpur","Shop No 613/1, UGF, Rapti Complex, Medical College Road, Asuran Chowk, Gorakhpur, Uttar Pradesh, India",273006,Gorakhpur,Uttar Pradesh,089296 06483,https://restaurants.pizzahut.co.in/pizza-hut-ph-medical-road-gorakhpur-pizza-restaurant-asuran-chowk-gorakhpur-139620/Home
777,"Pizza Hut - Ramghar Tal, Gorakhpur",,273010,Gorakhpur,Uttar Pradesh,,https://restaurants.pizzahut.co.in/pizza-hut-ramghar-tal-gorakhpur-in-uttar-pradesh-gorakhpur-ramghar-tal-21903/Home
778,"Pizza Hut - Galaxy Blue Sapphire Plaza, Noida","UN G3C, GF, Galaxy Blue Sapphire Plaza, Plot No C03, Sector 4, Greater Noida, Uttar Pradesh, India",201016,Greater Noida,Uttar Pradesh,070650 12129,https://restaurants.pizzahut.co.in/pizza-hut-sector-4-pizza-restaurant-sector-4-greater-noida-105241/Home
779,"Pizza Hut - Grand Venice Mall, Noida","Site 4, The Grand Venice Mall, Plot No SH3, near Pari Chowk, Greater Noida, Uttar Pradesh, India",201308,Greater Noida,Uttar Pradesh,089290 36547,https://restaurants.pizzahut.co.in/pizza-hut-ph-grand-venice-greater-noida-pizzerias-greater-noida-greater-noida-188982/Home
780,"Pizza Hut - IThums Galleria, Greater Noida","No 3, Plot No C, IThums Galleria, Block I, Commercial Belt, Sector Alpha 2, Greater Noida, Uttar Pradesh, India",201310,Greater Noida,Uttar Pradesh,089290 39789,https://restaurants.pizzahut.co.in/pizza-hut-ithums-galleria-in-uttar-pradesh-greater-noida-sector-alpha-2-42314/Home
781,"Pizza Hut - India Expo Plaza, Greater Noida","India Expo Plaza, Plot No C 03 & 04, Sector, Knowledge Park II, Greater Noida, Uttar Pradesh, India",201310,Greater Noida,Uttar Pradesh,097110 93693,https://restaurants.pizzahut.co.in/pizza-hut-india-expo-plaza-greater-noida-in-uttar-pradesh-greater-noida-knowledge-park-ii-35471/Home
782,"Pizza Hut - Omaxe CP, Noida","Omaxe Connaught Place, Sector Beta 2, Greater Noida, Uttar Pradesh, India",201306,Greater Noida,Uttar Pradesh,098996 12636,https://restaurants.pizzahut.co.in/pizza-hut-sector-beta-2-pizzerias-sector-beta-2-greater-noida-31898/Home
783,"Pizza Hut - Arjun Nagar, Hapur","No G1, No A2, A2a, A4, A4a, A3 & A3a, Hapur Road, Rafiq Nagar, Hapur, Uttar Pradesh, India",245101,Hapur,Uttar Pradesh,089291 16123,https://restaurants.pizzahut.co.in/pizza-hut-ph-arjun-nagar-hapur-pizza-restaurant-rafiq-nagar-hapur-173916/Home
784,"Pizza Hut - Civil Lines, Jhansi","No 943, Om Complex, Shivpuri Road, Civil lines, Jhansi, Uttar Pradesh, India",284001,Jhansi,Uttar Pradesh,070650 09096,https://restaurants.pizzahut.co.in/pizza-hut-civil-lines-pizza-delivery-civil-lines-jhansi-1321/Home
785,"Pizza Hut - Medical Road, Jhansi","No 265, NH 25, Medical Road, Bundelkhand University, Jhansi, Uttar Pradesh, India",284128,Jhansi,Uttar Pradesh,095068 27040,https://restaurants.pizzahut.co.in/pizza-hut-ph-medical-road-jhansi-pizza-restaurant-medical-road-jhansi-169709/Home
786,"Pizza Hut - Gurudev Palace, Kanpur","Gaurav Palace, 117/483Q Sharda Nagar, GT రోడ్డు, Lakhanpur, Kanpur, Uttar Pradesh, India",208024,Kanpur,Uttar Pradesh,097116 01969,https://restaurants.pizzahut.co.in/pizza-hut-ph-gurdev-palace-sharda-nagar-pizzerias-lakhanpur-kanpur-185417/Home
787,"Pizza Hut - Saket Nagar, Kanpur","No 127/195 & W1, Juhi Kalan, Saket Nagar, Kanpur, Uttar Pradesh, India",208014,Kanpur,Uttar Pradesh,084473 18378,https://restaurants.pizzahut.co.in/pizza-hut-ph-saket-nagar-kanpur-pizza-restaurant-saket-nagar-kanpur-127817/Home
788,"Pizza Hut - Square Mall, Kanpur","No 8 to 10, 3rd Floor, Z Square Mall, MG Road, Kanpur, Uttar Pradesh, India",208001,Kanpur,Uttar Pradesh,089290 33534,https://restaurants.pizzahut.co.in/pizza-hut-mg-road-pizza-restaurant-mg-road-kanpur-1320/Home
789,"Pizza Hut - Mansurpur, Khatauli",,251203,Khatauli,Uttar Pradesh,,https://restaurants.pizzahut.co.in/pizza-hut-mansurpur-khatauli-in-uttar-pradesh-khatauli-mansurpur-99721/Home
790,"Pizza Hut - Antas Mall, Lucknow","No CP 1/23, Antas Mall, Vardhan Khand, Gomti Nagar Extn, Sector 1, Lucknow, Uttar Pradesh, India",226010,Lucknow,Uttar Pradesh,097116 73173,https://restaurants.pizzahut.co.in/pizza-hut-ph-antas-mall-lucknow-pizzerias-gomti-nagar-extn-sector-1-lucknow-188979/Home
791,"Pizza Hut - Awadh Mall, Lucknow","FC 1,SN 15 & 16, One Awadh Centre, Gomti Nagar,Vibhuti Khand, Lucknow, Uttar Pradesh, India",226016,Lucknow,Uttar Pradesh,070650 05799,https://restaurants.pizzahut.co.in/pizza-hut-vibhuti-khand-pizza-restaurant-vibhuti-khand-lucknow-22457/Home
792,"Pizza Hut - Burlington, Lucknow","Ground & 1st Floor, Vidhan Sabha Marg, Burlington Crossing, Lucknow, Uttar Pradesh, India",226001,Lucknow,Uttar Pradesh,073033 61146,https://restaurants.pizzahut.co.in/pizza-hut-ph-burglition-crossing-lucknow-pizza-restaurant-burlington-crossing-lucknow-322888/Home
793,"Pizza Hut - Crown Mall, Lucknow","Unit No FC 12, 2nd Floor, Crown Mall, Plot No 22, Faizabad Road, Opposite BBD College, Lucknow, Uttar Pradesh, India",226028,Lucknow,Uttar Pradesh,070650 11822,https://restaurants.pizzahut.co.in/pizza-hut-faizabad-road-pizza-restaurant-faizabad-road-lucknow-98969/Home
794,"Pizza Hut - Emrald Mall, Lucknow","2nd Floor, Food Court, Emerald Mall, LDA Colony, Sector D1, Lucknow, Uttar Pradesh, India",226012,Lucknow,Uttar Pradesh,089290 35798,https://restaurants.pizzahut.co.in/pizza-hut-emrald-mall-lucknow-in-uttar-pradesh-lucknow-sector-d1-77004/Home
795,"Pizza Hut - Engineering College Road Aliganj, Lucknow","No 36, Jankipuram, Engineering College Rd, Aliganj, Sector A, Lucknow, Uttar Pradesh, India",226021,Lucknow,Uttar Pradesh,084471 07541,https://restaurants.pizzahut.co.in/pizza-hut-ph-engineering-college-road-aliganj-pizza-restaurant-aliganj-sector-a-lucknow-129772/Home
796,"Pizza Hut - Gomti Nagar, Lucknow","CP 198, Viraj Khand, Gomti Nagar, Lucknow, Uttar Pradesh, India",226010,Lucknow,Uttar Pradesh,091207 56497,https://restaurants.pizzahut.co.in/pizza-hut-gomti-nagar-pizza-restaurant-gomti-nagar-lucknow-26833/Home
797,"Pizza Hut - Lulu Mall, Lucknow","2nd Floor, Food Court, Lulu Mall, Amar Shaheed Path, Golf City, Lucknow, Uttar Pradesh, India",226030,Lucknow,Uttar Pradesh,091512 02082,https://restaurants.pizzahut.co.in/pizza-hut-ph-lulu-mall-lucknow-pizza-restaurant-golf-city-lucknow-172021/Home
798,"Pizza Hut - Phoenix Palassio Mall, Lucknow","SN S19, 2nd Floor, Phoenix Palassio Mall, Ardonamau, Gomti Nagar, Sector 7, Near Ekana Cricket Stadium, Lucknow, Uttar Pradesh, India",226002,Lucknow,Uttar Pradesh,089295 93716,https://restaurants.pizzahut.co.in/pizza-hut-gomti-nagar-sector-7-pizza-restaurant-gomti-nagar-sector-7-lucknow-98968/Home
799,"Pizza Hut - Phoenix United, Lucknow","FC 15, 4th Flr, Phoenix United Mall, LDA Colony, Kanpur Rd, Alambagh, Sector B, Bargawan, Lucknow, Uttar Pradesh, India",226012,Lucknow,Uttar Pradesh,089295 93717,https://restaurants.pizzahut.co.in/pizza-hut-ph-phoenix-united-mall-lucknow-pizza-restaurant-alambagh-sector-b-lucknow-108233/Home
800,"Pizza Hut - Saharaganj Mall, Lucknow","SN 416, 4th Floor, Saharaganj Mall, Shahnajaf Road, Lucknow, Uttar Pradesh, India",226001,Lucknow,Uttar Pradesh,070650 00438,https://restaurants.pizzahut.co.in/pizza-hut-shahnajaf-road-pizza-delivery-shahnajaf-road-lucknow-1260/Home
801,"Pizza Hut - Thakurganj, Lucknow","No 439 B/065, Manjutandon Chauraha, Thakurganj, Near Tondon Marg, Lucknow, Uttar Pradesh, India",226003,Lucknow,Uttar Pradesh,097117 81698,https://restaurants.pizzahut.co.in/pizza-hut-ph-thakurganj-chowk-lucknow-pizzerias-thakurganj-lucknow-197663/Home
802,"Pizza Hut - Vrindavan Colony, Lucknow","No 16/CP/201 , No 2, UGF, Vridanvan Colony, Near SGPGI, Lucknow, Uttar Pradesh, India",226014,Lucknow,Uttar Pradesh,084472 23145,https://restaurants.pizzahut.co.in/pizza-hut-ph-vrindavan-yojna-lucknow-pizza-restaurant-vridanvan-colony-lucknow-125847/Home
803,"Pizza Hut - Dwarkapuri, Mathura",,281001,Mathura,Uttar Pradesh,,https://restaurants.pizzahut.co.in/pizza-hut-dwarkapuri-mathura-in-uttar-pradesh-mathura-dwarkapuri-19102/Home
804,"Pizza Hut - Mathura Expressway, Mathura","DIL, Food Street, Mauza Chamuha,Chhata,Mathura Highway, Mathura, Uttar Pradesh, India",281001,Mathura,Uttar Pradesh,089583 96656,https://restaurants.pizzahut.co.in/pizza-hut-mathura-highway-pizza-takeaway-mathura-highway-mathura-22989/Home
805,"Pizza Hut - Garh Road, Meerut","Plot 372 & 372/1, Gr Flr, The Galleria, Garh Road, Near Bus Stand, Meerut, Uttar Pradesh, India",250001,Meerut,Uttar Pradesh,089296 45626,https://restaurants.pizzahut.co.in/pizza-hut-ph-panchsheel-colony-garh-road-meerut-pizza-restaurant-garh-road-meerut-119578/Home
806,"Pizza Hut - Pallavpuram, Meerut","AP & C4, Mseven, Block A, Pallavpuram, Meerut, Uttar Pradesh, India",250110,Meerut,Uttar Pradesh,098992 89313,https://restaurants.pizzahut.co.in/pizza-hut-ph-mseven-pallavpuram-pizza-restaurant-pallavpuram-meerut-146783/Home
807,"Pizza Hut - Buddi Vihar, Moradabad","Lata Shopping Mall, LIC Office Rd, Vikas Colony, Buddhi Vihar, Moradabad, Uttar Pradesh, India",244001,Moradabad,Uttar Pradesh,063956 07739,https://restaurants.pizzahut.co.in/pizza-hut-ph-buddhi-vihar-moradabad-pizzerias-buddhi-vihar-moradabad-180266/Home
808,"Pizza Hut - Delhi - Haridwar Road, Khatauli","Ground Floor, Delhi Haridwar Rd, Muzaffarnagar, Bhainsi, Muzaffarnagar, Uttar Pradesh, India",251201,Muzaffarnagar,Uttar Pradesh,070650 11779,https://restaurants.pizzahut.co.in/pizza-hut-bhainsi-pizza-restaurant-bhainsi-muzaffarnagar-81396/Home
809,"Pizza Hut - Amrapali Platinum Sector 119, Noida","Shopping Arcade, 2 & 3, Amrapali Platinum, Sector 119, Noida, Uttar Pradesh, India",201304,Noida,Uttar Pradesh,089290 37754,https://restaurants.pizzahut.co.in/pizza-hut-ph-sec-119-noida-pizza-restaurant-sector-119-noida-123073/Home
810,"Pizza Hut - Golden I Mall, Greater Noida","S No 12 & 12 A, Golden I Mall, Plot No 11, Techzone, Sector 4, Noida, Uttar Pradesh, India",201301,Noida,Uttar Pradesh,089290 35335,https://restaurants.pizzahut.co.in/pizza-hut-ph-golden-i-mall-noida-pizzerias-sector-4-noida-275367/Home
811,"Pizza Hut - Gulshan 129, Noida","No 129, Plot No C3 & E1, Gulshan Mall, Noida Greater Noida Expressway, Sector 129, Noida, Uttar Pradesh, India",201301,Noida,Uttar Pradesh,089290 33542,https://restaurants.pizzahut.co.in/pizza-hut-ph-gulshan-mall-129-noida-pizzerias-sector-129-noida-253828/Home
812,"Pizza Hut - Logix Mall, Noida","3rd Floor, Logix Mall Food Court, PN BW 58,Sector 32, Near Noida City Center Metro, Noida, Uttar Pradesh, India",201301,Noida,Uttar Pradesh,070650 09092,https://restaurants.pizzahut.co.in/pizza-hut-sector-32-pizza-restaurant-sector-32-noida-6144/Home
813,"Pizza Hut - North Eye Mall, Noida","UN 1 To 4, Ground Floor, North Eye Mall, West Wing,Sector 74, Noida, Uttar Pradesh, India",201301,Noida,Uttar Pradesh,098995 70525,https://restaurants.pizzahut.co.in/pizza-hut-sector-74-pizza-restaurant-sector-74-noida-60338/Home
814,"Pizza Hut - Paras One Sector 133, Noida","No 10, 12, 24 & 25, GF, Paras One 33, Noida Expressway, Sector 133, Noida, Uttar Pradesh, India",201304,Noida,Uttar Pradesh,089290 40711,https://restaurants.pizzahut.co.in/pizza-hut-ph-paras-one33-mall-noida-pizza-restaurant-sector-133-noida-123070/Home
815,"Pizza Hut - Sector 104, Noida","Shop No KM 003, Ground Floor, Sector 104, Noida, Uttar Pradesh, India",201304,Noida,Uttar Pradesh,089290 38691,https://restaurants.pizzahut.co.in/pizza-hut-sector-104-pizza-restaurant-sector-104-noida-108367/Home
816,"Pizza Hut - Sector 27, Noida","Unit No G5, G7, G8, GF, Parsavnath Plaza, Sector 27, Noida, Uttar Pradesh, India",201301,Noida,Uttar Pradesh,089296 48045,https://restaurants.pizzahut.co.in/pizza-hut-ph-parsavnath-plaza-sec-27-noida-pizza-restaurant-sector-27-noida-121157/Home
817,"Pizza Hut - Sector 62, Noida","KT 1 & 2, C 25, Stellar IT Park, Sector 62, Noida, Uttar Pradesh, India",201301,Noida,Uttar Pradesh,098995 69454,https://restaurants.pizzahut.co.in/pizza-hut-sector-62-pizza-restaurant-sector-62-noida-1449/Home
818,"Pizza Hut - Sector 73, Noida",,201307,Noida,Uttar Pradesh,,https://restaurants.pizzahut.co.in/pizza-hut-sector-73-noida-in-uttar-pradesh-noida-basi-bahuddin-nagar-23192/Home
819,"Pizza Hut - Sector-150, Noida Gautam Budh Nagar",,201310,Noida,Uttar Pradesh,,https://restaurants.pizzahut.co.in/pizza-hut-sector-150-noida-gautam-budh-nagar-in-uttar-pradesh-noida-noida-gautam-budh-nagar-21038/Home
820,"Pizza Hut - World One Sector 90, Noida","GF, Tower B, World One, S No G 18 & 19, Sector 90, Noida, Uttar Pradesh, India",201305,Noida,Uttar Pradesh,089290 41352,https://restaurants.pizzahut.co.in/pizza-hut-ph-world-one-noida-pizza-restaurant-sector-90-noida-121521/Home
821,"Pizza Hut - Civil Lines, Allahabad","Shop No 31/31, SP Marg, Civil lines, Prayagraj, Uttar Pradesh, India",211001,Prayagraj,Uttar Pradesh,089290 21995,https://restaurants.pizzahut.co.in/pizza-hut-civil-lines-pizza-restaurant-civil-lines-prayagraj-1318/Home
822,"Pizza Hut - Civil Lines, Prayagraj","No 7/3, A/1, Gr Flr, Hotel UR Complex, MG Marg, Civil Lines, Prayagraj, Uttar Pradesh, India",211001,Prayagraj,Uttar Pradesh,098732 46227,https://restaurants.pizzahut.co.in/pizza-hut-ph-mg-marg-prayagraj-pizza-restaurant-civil-lines-prayagraj-166837/Home
823,"Pizza Hut - Canal Road, Raebareli","Ground Floor, Kanal Road, Nirala Nagar, Raebareli, Uttar Pradesh, India",229001,Raebareli,Uttar Pradesh,085888 32401,https://restaurants.pizzahut.co.in/pizza-hut-ph-kanal-road-raebareli-pizza-restaurant-nirala-nagar-raebareli-178191/Home
824,Pizza Hut - Yamuna Express Way LHS,"Delhi to Agra, 107 KM Milestone, Raya - Vrindavan Road, Cut, Raya, Uttar Pradesh, India",281204,Raya,Uttar Pradesh,1800 202 2022,https://restaurants.pizzahut.co.in/pizza-hut-vrindavan-cut-pizza-takeaway-vrindavan-cut-raya-21774/Home
825,"Pizza Hut - Civil Lines, Shahjahanpur","No 2, Kaushik Parijat Complex, Civil Lines, Officers Colony, Shahjahanpur, Uttar Pradesh, India",242001,Shahjahanpur,Uttar Pradesh,097116 18316,https://restaurants.pizzahut.co.in/pizza-hut-ph-civil-lines-shahjahanpur-pizzerias-officers-colony-shahjahanpur-185508/Home
826,"Pizza Hut - JHV Mall, Varanasi","FC 04, 2nd Floor, Food Court, JHV Mall, PN 3, Khata No 1, Mall Road, Cantonment, Besides Hotel Ramada Plaza, Varanasi, Uttar Pradesh, India",221002,Varanasi,Uttar Pradesh,070650 11900,https://restaurants.pizzahut.co.in/pizza-hut-cantonment-mall-road-pizza-restaurant-cantonment-varanasi-98970/Home
827,"Pizza Hut - Namo Ghat, Varanasi","Namo Ghat, Rajghat, Varanasi, Uttar Pradesh, India",221001,Varanasi,Uttar Pradesh,076694 00298,https://restaurants.pizzahut.co.in/pizza-hut-namo-ghat-varanasi-in-uttar-pradesh-varanasi-rajghat-15065/Home
828,"Pizza Hut - Paharia Road, Varanasi","UGF, Hotel Surabhi International, Paharia Road, Srinagar Colony, Varanasi, Uttar Pradesh, India",221007,Varanasi,Uttar Pradesh,085888 03791,https://restaurants.pizzahut.co.in/pizza-hut-ph-paharia-road-varanasi-pizza-restaurant-srinagar-colony-varanasi-122099/Home
829,"Pizza Hut - Shivpur, Varanasi","AVS Plaza, Shivpur Bypass Rd, Laxmanpur, Shivpur, Varanasi, Uttar Pradesh, India",221001,Varanasi,Uttar Pradesh,089296 06339,https://restaurants.pizzahut.co.in/pizza-hut-ph-avs-plaza-shivpur-varanasi-pizza-restaurant-shivpur-varanasi-146782/Home
830,"Pizza Hut - Sigra, Varanasi","No C19/187/13, Gulab Bagh Colony, K Fatman Road, Sigra, Opposite Sigra Thane, Varanasi, Uttar Pradesh, India",221010,Varanasi,Uttar Pradesh,089290 40014,https://restaurants.pizzahut.co.in/pizza-hut-ph-sigra-varanasi-pizza-restaurant-sigra-varanasi-129614/Home
831,"Pizza Hut - Commercial Complex, Dehradun","C1/101, Commercial complex, ITBP Road, Indira Nagar Colony, Raj Vihar, Dehradun, Uttarakhand, India",248001,Dehradun,Uttarakhand,089290 20717,https://restaurants.pizzahut.co.in/pizza-hut-raj-vihar-pizza-restaurant-raj-vihar-dehradun-1405/Home
832,"Pizza Hut - Haridwar Bypass, Dehradun","Plot No 1591, UGF, Haridwar Bypass Road, Deheradun, Ajabpur Kalan, Opposite DDPM Mahindra Showroom, Dehradun, Uttarakhand, India",248001,Dehradun,Uttarakhand,089296 45594,https://restaurants.pizzahut.co.in/pizza-hut-ph-haridwar-bypass-dehradun-pizza-restaurant-ajabpur-kalan-dehradun-119577/Home
833,Pizza Hut - Mall of Dehradun,"FCC/3F/07, Mall of Dehradun, Haridwar Road, Dehradun, Uttarakhand, India",248005,Dehradun,Uttarakhand,078350 47272,https://restaurants.pizzahut.co.in/pizza-hut-mall-of-dehradun-in-uttarakhand-dehradun-haridwar-road-70904/Home
834,"Pizza Hut - Nanda Ki Chowki, Dehradun","Counter No 15 to 17, PN T3, Chakrata Rd, Kolhupani, Nanda Ki Chowki, Prem Nagar, Dehradun, Uttarakhand, India",248035,Dehradun,Uttarakhand,076694 00295,https://restaurants.pizzahut.co.in/pizza-hut-nanda-ki-chowki-in-uttarakhand-dehradun-prem-nagar-73521/Home
835,"Pizza Hut - Oasis Mall, Dehradun","Shop No 3, Oasis Mall, Haridwar Dehradun Rd, Jogiwala, Dharampur, Dehradun, Uttarakhand, India",248012,Dehradun,Uttarakhand,072900 68352,https://restaurants.pizzahut.co.in/pizza-hut-oasis-mall-dehradun-pizzerias-dharampur-dehradun-289401/Home
836,"Pizza Hut - Saharanpur road, Dehradun","GF, Hotel Glory, Shree ji Tower, Saharanpur Rd, Majra, Sewla Kalan, Dehradun, Uttarakhand, India",248171,Dehradun,Uttarakhand,072900 67828,https://restaurants.pizzahut.co.in/pizza-hut-ph-saharanpur-road-majra-pizza-restaurant-sewla-kalan-dehradun-124603/Home
837,"Pizza Hut - National Food Court, Haridwar","National Food Court, NH 58, Bhonri Badheri Rajputana Road,Batedi, Next To Crystal World, Haridwar, Uttarakhand, India",249405,Haridwar,Uttarakhand,1800 202 2022,https://restaurants.pizzahut.co.in/pizza-hut-batedi-pizza-restaurant-batedi-haridwar-23042/Home
838,"Pizza Hut - Ranipur Mor, Haridwar","Mitra Vatika , Vikas Colony, Ranipur More, Haridwar Main Rd, Govindpuri, Opposite Liberty showroom, Haridwar, Uttarakhand, India",249410,Haridwar,Uttarakhand,098731 44175,https://restaurants.pizzahut.co.in/pizza-hut-ph-ranipur-mor-haridwar-pizza-restaurant-govindpuri-haridwar-165012/Home
839,"Pizza Hut - Vaishali Colony, Haldwani","Hydel Gate, Tedi Pulia, NH 87,Nainital,Kathgodam, Adjacent Lemon Park Hotel, Nainital, Uttarakhand, India",263139,Nainital,Uttarakhand,095826 22637,https://restaurants.pizzahut.co.in/pizza-hut-kathgodam-pizzerias-kathgodam-nainital-1308/Home
840,"Pizza Hut - Malakpur Chowk, Roorkee","No 2, NH 58, Civil Lines, Opposite To Vishal Mega Mart, Roorkee, Uttarakhand, India",247667,Roorkee,Uttarakhand,096431 05647,https://restaurants.pizzahut.co.in/pizza-hut-civil-lines-pizza-restaurant-civil-lines-roorkee-1406/Home
841,"Pizza Hut - Hotel Reviera, Rudrapur","Hotel Riverra, Nainital Road, Rudrapur, Uttarakhand, India",263153,Rudrapur,Uttarakhand,085888 90757,https://restaurants.pizzahut.co.in/pizza-hut-nainital-road-pizza-restaurant-nainital-road-rudrapur-1309/Home
842,"Pizza Hut - Apcar Garden, Asansol","No 445, Khaitan No 155, 109/1, Plot No 58, near Sen Raliegh Road, LGF, CS, Apcar Garden, Asansol, West Bengal, India",713304,Asansol,West Bengal,098993 07665,https://restaurants.pizzahut.co.in/pizza-hut-ph-apcar-garden-asansol-pizza-restaurant-apcar-garden-asansol-297819/Home
843,"Pizza Hut - NSCBI Airport, Bankura","No 83, Gate No 3C, NSCBI Airport, Kazi NazrulIslam Sarani, Dum Dum, Bankura, West Bengal, India",700052,Bankura,West Bengal,1800 202 2022,https://restaurants.pizzahut.co.in/pizza-hut-dum-dum-pizza-restaurant-dum-dum-bankura-44221/Home
844,"Pizza Hut - Bagdogra Airport, Bagdogra","Bagdogra International Airport, Bagdogra, Darjeeling, West Bengal, India",734421,Darjeeling,West Bengal,098835 87419,https://restaurants.pizzahut.co.in/pizza-hut-ph-bagdogra-airport-pizza-restaurant-bagdogra-darjeeling-322887/Home
845,"Pizza Hut - Junction Mall, Durgapur","The Junction Mall City Centre, Sahid Khudiram Sarani, Durgapur, West Bengal, India",713216,Durgapur,West Bengal,1800 202 2022,https://restaurants.pizzahut.co.in/pizza-hut-sahid-khudiram-sarani-pizza-restaurant-sahid-khudiram-sarani-durgapur-1340/Home
846,"Pizza Hut - Ambuja City Centre, Haldia","Ambuja City Centre, Bhabanipur, Debhog, East Midnapore, West Bengal, India",721629,East Midnapore,West Bengal,089290 31697,https://restaurants.pizzahut.co.in/pizza-hut-ph-ambuja-city-centre-haldia-pizza-restaurant-debhog-east-midnapore-305353/Home
847,"Pizza Hut - Avani Mall, Kolkata","No 32, 3rd Floor, Kajipara, Food Court, Jagat Banerjee Ghat Road,Foreshore Road, Howrah, West Bengal, India",711102,Howrah,West Bengal,099039 81169,https://restaurants.pizzahut.co.in/pizza-hut-foreshore-road-pizza-restaurant-foreshore-road-howrah-1349/Home
848,"Pizza Hut - Grand Trunk Rd Liluah, Kolkata","No 243, North Liluah, Grand Trunk Rd, Howrah, Howrah, West Bengal, India",711204,Howrah,West Bengal,097116 38961,https://restaurants.pizzahut.co.in/pizza-hut-ph-gt-road-liluah-howrah-pizza-restaurant-howrah-howrah-178189/Home
849,"Pizza Hut - Howrah Station, Kolkata","Gr Floor, Howrah Rail Yatri Niwas, Howrah Railway St, Next to KFC, Howrah, West Bengal, India",711101,Howrah,West Bengal,089290 28785,https://restaurants.pizzahut.co.in/pizza-hut-howrah-railway-st-pizza-restaurant-howrah-railway-st-howrah-1344/Home
850,"Pizza Hut - Platina Mall Howrah, Kolkata","No 1, Howrah Railway Stn, Nityadhan Mukherjee Rd, Howrah, West Bengal, India",711101,Howrah,West Bengal,085109 45891,https://restaurants.pizzahut.co.in/pizza-hut-ph-platina-mall-howrah-pizzerias-nityadhan-mukherjee-rd-howrah-200465/Home
851,"Pizza Hut - OT Rd, Kharagpur",,721305,Kharagpur,West Bengal,,https://restaurants.pizzahut.co.in/pizza-hut-ot-rd-kharagpur-in-west-bengal-kharagpur-inda-31679/Home
852,"Pizza Hut - HB Town Sodepur, Kolkata","E2, Sadhana Apartment, H B Town, Sodepur, Khardaha, West Bengal, India",700114,Khardaha,West Bengal,089290 37549,https://restaurants.pizzahut.co.in/pizza-hut-ph-h-b-town-sodepur-pizza-restaurant-sodepur-kolkata-119581/Home
853,"Pizza Hut - Axis Mall, Kolkata",,700156,Kolkata,West Bengal,,https://restaurants.pizzahut.co.in/pizza-hut-axis-mall-kolkata-pizza-restaurant-new-town-kolkata-294966/Home
854,"Pizza Hut - Bidhannagar, Kolkata","NICCO PARK, Bidhannagar, Kolkata, West Bengal, India",700106,Kolkata,West Bengal,070650 11221,https://restaurants.pizzahut.co.in/pizza-hut-bidhannagar-kolkata-in-west-bengal-kolkata-bidhannagar-75486/Home
855,"Pizza Hut - Central Avenue, Kolkata","No 219, Central Avenue, Jorasanko, Ram Bagan, Kolkata, West Bengal, India",700006,Kolkata,West Bengal,1800 202 2022,https://restaurants.pizzahut.co.in/pizza-hut-central-avenue-kolkata-in-west-bengal-kolkata-ram-bagan-38808/Home
856,"Pizza Hut - City Centre Mall, Kolkata","A105, DC block, City Centre Mall, Salt lake, Kolkata, West Bengal, India",700064,Kolkata,West Bengal,078350 47240,https://restaurants.pizzahut.co.in/pizza-hut-salt-lake-pizza-restaurant-salt-lake-kolkata-12537/Home
857,"Pizza Hut - Ichapur, Kolkata","No 254, E Ghosh Para Road, Shyamnagar, Noapara, Ichapur, Kolkata, West Bengal, India",743127,Kolkata,West Bengal,1800 202 2022,https://restaurants.pizzahut.co.in/pizza-hut-ichapur-kolkata-in-west-bengal-kolkata-ichapur-96878/Home
858,"Pizza Hut - Kalikapur, Kolkata","No 1083, Purbachal Main Road, Sukhpally, Haltu, Kolkata, West Bengal, India",700078,Kolkata,West Bengal,097111 29327,https://restaurants.pizzahut.co.in/pizza-hut-ph-kalikapur-kolkata-pizzerias-haltu-kolkata-294180/Home
859,"Pizza Hut - Laketown, Kolkata","No 339, Gr Flr, Canal Street, VIP Crossing,Sreebhumi,Lake Town, Kolkata, West Bengal, India",700048,Kolkata,West Bengal,084471 97456,https://restaurants.pizzahut.co.in/pizza-hut-ph-lake-town-kolkata-pizza-restaurant-lake-town-kolkata-129606/Home
860,"Pizza Hut - Louden Street, Kolkata","No 8/3, 1st Floor, Sir UN Brahmachari Sarani, Taltala, Kolkata, West Bengal, India",700017,Kolkata,West Bengal,089290 31750,https://restaurants.pizzahut.co.in/pizza-hut-ph-louden-street-kolkata-pizza-restaurant-taltala-kolkata-307976/Home
861,"Pizza Hut - Mani Sqaure Mall, Kolkata","No 316 A, 3rd Floor, Mani Square Mall, 164/1, EM Bypass, Kankurgachi, Kolkata, West Bengal, India",700054,Kolkata,West Bengal,089290 31185,https://restaurants.pizzahut.co.in/pizza-hut-kankurgachi-pizza-restaurant-kankurgachi-kolkata-1346/Home
862,"Pizza Hut - Muradpur, Kolkata","18 Bigha, James Sarani Road, Behala, Muradpur, Sarada Pally, Kolkata, West Bengal, India",700008,Kolkata,West Bengal,1800 202 2022,https://restaurants.pizzahut.co.in/pizza-hut-sarada-pally-pizza-delivery-sarada-pally-kolkata-107079/Home
863,"Pizza Hut - Nagerbazaar, Kolkata","No 14, WN 22, Primarc Shrachi Aangan, Motijheel, Dum Dum Road, Amarpalli, South Dumdum, Kolkata, West Bengal, India",700074,Kolkata,West Bengal,089290 37717,https://restaurants.pizzahut.co.in/pizza-hut-ph-nager-bazar-kolkata-pizza-restaurant-amarpalli-kolkata-125853/Home
864,"Pizza Hut - New Alipore, Kolkata","No 573, Block N, New Alipore, Kolkata, West Bengal, India",700053,Kolkata,West Bengal,084479 48554,https://restaurants.pizzahut.co.in/pizza-hut-ph-new-alipore-kolkata-pizza-restaurant-new-alipore-kolkata-129854/Home
865,"Pizza Hut - New Shakuntala Park Behala, Kolkata","No 406/N, New Shakuntala Park Behala, Ho Chi Minh Sarani, Maheshtala, 406, Ho Chi Minh Sarani, Muchipara, Behala Mauza, Kolkata, West Bengal, India",700061,Kolkata,West Bengal,070650 13299,https://restaurants.pizzahut.co.in/pizza-hut-ph-muchipara-behala-pizza-restaurant-maheshtala-kolkata-125856/Home
866,"Pizza Hut - Newtown, Kolkata","Ground Floor, City Centre 2, Block C, Rajarhat, Newtown, Kolkata, West Bengal, India",700136,Kolkata,West Bengal,033 4001 0876,https://restaurants.pizzahut.co.in/pizza-hut-newtown-pizza-restaurant-newtown-kolkata-1341/Home
867,"Pizza Hut - Phool Bagan, Kolkata","No P118/2, CIT Road, Beliaghata, Kolkata, West Bengal, India",700010,Kolkata,West Bengal,089290 33547,https://restaurants.pizzahut.co.in/pizza-hut-phool-bagan-kolkata-pizza-restaurant-beliaghata-kolkata-312828/Home
868,"Pizza Hut - Reekjoyoni, Kolkata","Rajarhat Main Road, Raigachi, Reekjoyoni, Kolkata, West Bengal, India",700135,Kolkata,West Bengal,078350 47292,https://restaurants.pizzahut.co.in/pizza-hut-reekjoyoni-kolkata-in-west-bengal-kolkata-reekjoyoni-31931/Home
869,"Pizza Hut - Rosedale Plaza Mall Newtown, Kolkata",,700160,Kolkata,West Bengal,,https://restaurants.pizzahut.co.in/pizza-hut-ph-rosedale-plaza-new-town-pizza-restaurant-newtown-kolkata-125368/Home
870,"Pizza Hut - South City Mall, Kolkata","No 375, 4th Floor, Food Court, South City Mall,Prince Anwar Shah Road, Kolkata, West Bengal, India",700068,Kolkata,West Bengal,098991 86965,https://restaurants.pizzahut.co.in/pizza-hut-prince-anwar-shah-road-pizza-restaurant-prince-anwar-shah-road-kolkata-59432/Home
871,"Pizza Hut - Tollyganj, Kolkata","No 123/3, NSC Bose Road, Regent Col, Tollygunge, Near Bus stop, Kolkata, West Bengal, India",700040,Kolkata,West Bengal,089290 26732,https://restaurants.pizzahut.co.in/pizza-hut-tollygunge-pizza-restaurant-tollygunge-kolkata-1255/Home
872,"Pizza Hut - Topsia, Kolkata","Trinity Tower Arcadia Center, Topsia, Kolkata, West Bengal, India",700046,Kolkata,West Bengal,1800 202 2022,https://restaurants.pizzahut.co.in/pizza-hut-ph-topsia-kolkata-pizza-restaurant-topsia-kolkata-305348/Home
873,"Pizza Hut - lis Mall Highland Park, Kolkata","UN C1, C2 & C3, 2nd Floor, Food Court, 1925, Chak Garia, Santoshpur, Kolkata, West Bengal, India",700075,Kolkata,West Bengal,089290 35055,https://restaurants.pizzahut.co.in/pizza-hut-ph-metropolis-mall-kolkata-pizza-restaurant-santoshpur-kolkata-163192/Home
874,"Pizza Hut - Star Mall, Kolkata","Star Mall, Mira Garden, NH34, Sisir Kunj, Madhyamgram, Madhyamgram, West Bengal, India",700129,Madhyamgram,West Bengal,070650 11880,https://restaurants.pizzahut.co.in/pizza-hut-madhyamgram-pizza-restaurant-madhyamgram-madhyamgram-44226/Home
875,"Pizza Hut - English Bazar, Malda","Manaskamana Road, Kanir More, English Bazar, Opposite Choudhry Fashion, Malda, West Bengal, India",732101,Malda,West Bengal,070650 11944,https://restaurants.pizzahut.co.in/pizza-hut-ph-english-bazar-malda-pizza-delivery-english-bazar-malda-107078/Home
876,"Pizza Hut - Barackpore, Kolkata","No 41/27, BT Road, Titagarh, North 24 Parganas, West Bengal, India",700120,North 24 Parganas,West Bengal,089290 35256,https://restaurants.pizzahut.co.in/pizza-hut-ph-barrackpore-kolkata-pizza-restaurant-titagarh-north-24-parganas-169713/Home
877,"Pizza Hut - Acropolis Mall, Siliguri","Ward No 13, 5th Floor, ML Acropolis Mall, Sevoke Road, Bankim Nagar, Siliguri, West Bengal, India",734001,Siliguri,West Bengal,098734 20370,https://restaurants.pizzahut.co.in/pizza-hut-ph-ml-acropolis-mall-siliguri-pizzerias-bankim-nagar-siliguri-258691/Home
878,"Pizza Hut - City Centre Mall, Siliguri","Shop G0009, Ground Floor, City Centre, Matighara, Siliguri, West Bengal, India",734010,Siliguri,West Bengal,076029 96870,https://restaurants.pizzahut.co.in/pizza-hut-matighara-pizza-restaurant-matighara-siliguri-31905/Home
879,"Pizza Hut - Cosmos Mall, Siliguri","No 12B, Upper Ground Floor, Cosmos Mall, 2nd Mile,Sevoke Road, Siliguri, West Bengal, India",734001,Siliguri,West Bengal,076050 26652,https://restaurants.pizzahut.co.in/pizza-hut-sevoke-road-pizza-restaurant-sevoke-road-siliguri-1339/Home
880,"Pizza Hut - Hill Cart Road, Siliguri","Ward No 2, 1st Floor, Hotel Sky Park Inn, No H23/149/97, Hill Cart Rd, Pradhan Nagar, Siliguri, West Bengal, India",734003,Siliguri,West Bengal,087683 82846,https://restaurants.pizzahut.co.in/pizza-hut-ph-hill-cart-road-siliguri-pizzerias-pradhan-nagar-siliguri-285255/Home
881,"Pizza Hut - SF Road, Siliguri","Plot No 3047, Ward No 9, No 327/380/282, Kh No 153/2, Stn Feeder Rd, Mahananda Para, Siliguri, West Bengal, India",734001,Siliguri,West Bengal,098990 72468,https://restaurants.pizzahut.co.in/pizza-hut-ph-sf-road-siliguri-pizzerias-mahananda-para-siliguri-274314/Home
882,"Pizza Hut - Garia, Kolkata","No 1648, Ward No 27, Garia Place, Maha Maya Talla, Ramkrishna Nagar, Near Netaji Subhash Chandra Bose Rd, South 24 Parganas, West Bengal, India",700084,South 24 Parganas,West Bengal,070650 13232,https://restaurants.pizzahut.co.in/pizza-hut-ph-garia-kolkata-pizza-restaurant-ramkrishna-nagar-south-24-parganas-119580/Home
883,"Pizza Hut - Uttarpara, Kolkata","Unimark Riviera, No 20 & 22B, Grand Trunk Road, Bhadrakali, Uttarpara, West Bengal, India",712232,Uttarpara,West Bengal,070650 11266,https://restaurants.pizzahut.co.in/pizza-hut-park-street-pizza-restaurant-park-street-kolkata-66574/Home
884,"Pizza Hut - Vibhuti Khand, Lucknow","SN 8 to 10, Ground Floor, West End Mall, Vibhuti Khand,Gomti Nagar, Lucknow, उत्तर प्रदेश, India",226010,Lucknow,उत्तर प्रदेश,074599 79118,https://restaurants.pizzahut.co.in/pizza-hut-gomti-nagar-pizza-restaurant-gomti-nagar-lucknow-1259/Home
885,"Pizza Hut - Mantri Mall, Bangalore","3rd Floor, Mantri Square Mall, Sampige Road,Malleshwaram, Bengaluru, कर्नाटक, India",560066,Bengaluru,कर्नाटक,089768 84925,https://restaurants.pizzahut.co.in/pizza-hut-malleshwaram-pizza-restaurant-malleshwaram-bengaluru-1170/Home
886,"Pizza Hut - Brookefield Mall, Coimbatore","डॉक्टर कृष्णासामी मुदालियर मार्ग, कोयंबुत्तूर, तमिल नाडु, India",641001,कोयंबुत्तूर,तमिल नाडु,1800 202 2022,https://restaurants.pizzahut.co.in/pizza-hut-dr-krishnasamy-mudaliyar-road-pizza-restaurant-dr-krishnasamy-mudaliyar-road-coimbatore-44223/Home
